Date,Open,High,Low,Close,Volume
2010-01-04,0.4242421954886798,0.4267633624535448,0.41507435535799825,0.4237838089466095,800204000
2010-01-05,0.422179373344118,0.4345559718898349,0.422179373344118,0.4299720525741577,728648000
2010-01-06,0.4297428959345844,0.43363922234409263,0.42561736260356264,0.43272244930267334,649168000
2010-01-07,0.4304303612715607,0.4322639341310064,0.4210333174433447,0.4242420494556427,547792000
2010-01-08,0.42080423724140675,0.42813853088662523,0.4182830977078908,0.4251589775085449,478168000
2010-01-11,0.4274509204981572,0.4292844938367799,0.41324074761556867,0.4191998541355133,556612000
2010-01-12,0.4130115461327837,0.41461591247316953,0.3962802073811532,0.40498965978622437,627432000
2010-01-13,0.4077400769456008,0.41186561034975844,0.391925536783383,0.4104904234409332,508868000
2010-01-14,0.40544806748588963,0.408427593220769,0.39719700168478544,0.4040728807449341,608524000
2010-01-15,0.4010933228653037,0.40453126235404285,0.3868831511206637,0.39215466380119324,818192000
2010-01-19,0.38917502287041983,0.4020100049913886,0.38802904329970145,0.3994888663291931,545328000
2010-01-20,0.3944467265326063,0.399489060958213,0.38917521247458564,0.39788466691970825,719728000
2010-01-21,0.39765543470897213,0.4047605214984712,0.38711240798693836,0.3907795548439026,608632000
2010-01-22,0.38619556170762115,0.39330064765259654,0.3749649701918235,0.37725692987442017,1067916000
2010-01-25,0.3834451762897365,0.39100864793229945,0.38069483041670776,0.38367438316345215,643676000
2010-01-26,0.3818409568505005,0.38436212414080106,0.37129792841038095,0.37152713537216187,714636000
2010-01-27,0.37129785556906203,0.3829868618802888,0.3671723223226104,0.3816116750240326,812504000
2010-01-28,0.3845912181792336,0.3859664049991898,0.36350516599225746,0.36877667903900146,687764000
2010-01-29,0.372902145039801,0.3770276774345988,0.3472321778376421,0.35273289680480957,774700000
2010-02-01,0.3541080322552809,0.3804655909721342,0.3511284797636097,0.3797779977321625,949832000
2010-02-02,0.3784028709687985,0.38848750893298634,0.37725689124484385,0.38367438316345215,849812000
2010-02-03,0.3802365555963536,0.38848762295955575,0.37840298203538425,0.3868832290172577,562296000
2010-02-04,0.38344532958603883,0.38344532958603883,0.36029651897864634,0.3644220530986786,783480000
2010-02-05,0.36396348597299427,0.37267293650175304,0.3575459673493729,0.3717561364173889,604856000
2010-02-08,0.3706102699236105,0.3800073165532894,0.3637343901425726,0.37106865644454956,445160000
2010-02-09,0.37702770887574444,0.3788612820177058,0.3644219310929409,0.36808905005455017,930144000
2010-02-10,0.370381210131735,0.3786322521445596,0.3678600424675704,0.3751943111419678,535828000
2010-02-11,0.3811531967615518,0.39650934611138605,0.37840285103341936,0.3923838138580322,695980000
2010-02-12,0.3896335969607597,0.40567731755568925,0.3852788564058872,0.3976554572582245,780212000
2010-02-16,0.402926906966059,0.40659405344892524,0.3981137806225864,0.40498965978622437,457024000
2010-02-17,0.4100319355103922,0.4102611150569745,0.3971969519432003,0.4088859558105469,876560000
2010-02-18,0.3864247771085158,0.3884875572616353,0.37152703884379634,0.38207006454467773,1515508000
2010-02-19,0.38046574297426894,0.3845912767400064,0.3781737828068948,0.3800073564052582,510548000
2010-02-22,0.3816116092426925,0.3873415352745037,0.3781736700169931,0.38069483637809753,458084000
2010-02-23,0.3818409568505005,0.3834453236159998,0.3676307809558205,0.37152713537216187,489764000
2010-02-24,0.3747357780725222,0.3829868441841806,0.3735897981860316,0.3793196976184845,445868000
2010-02-25,0.3706103658605864,0.3767986811232948,0.36121331679836766,0.3758818805217743,576972000
2010-02-26,0.3740481525281208,0.3767985258771664,0.3690058469253928,0.37129780650138855,393396000
2010-03-01,0.37152692418560845,0.3880290237062194,0.36854737198773124,0.38619545102119446,555868000
2010-03-02,0.3896335368706795,0.3944466359134807,0.3832160441579626,0.38596639037132263,538648000
2010-03-03,0.38825843271648874,0.39032118598484267,0.37794461173007693,0.3811533451080322,399300000
2010-03-04,0.3827575680931053,0.3857371207238787,0.3770276696963528,0.3818407952785492,557396000
2010-03-05,0.3790905391300152,0.39628023838393756,0.3790905391300152,0.39352989196777344,632832000
2010-03-08,0.3937590241914368,0.39490500392430816,0.3861955251677113,0.3877999186515808,439312000
2010-03-09,0.39169635482028803,0.4061357089938887,0.391467147880104,0.4022393822669983,830832000
2010-03-10,0.40109334880591796,0.40751084173107704,0.4008641418962524,0.4031561017036438,418520000
2010-03-11,0.39994729744490093,0.40132248401256193,0.3923838259673877,0.3939881920814514,540660000
2010-03-12,0.39834297324325574,0.3994889530627793,0.3933006401795007,0.3953634202480316,520352000
2010-03-15,0.39490501623553165,0.39880134198430045,0.3896335038355207,0.3933006227016449,358904000
2010-03-16,0.39307157784263896,0.4093445070622029,0.39284237088144763,0.40705254673957825,664988000
2010-03-17,0.40934444576653256,0.42034585913223205,0.40934444576653256,0.41484513878822327,651168000
2010-03-18,0.41553264841565235,0.41553264841565235,0.3965093789597825,0.4001765251159668,740964000
2010-03-19,0.40613562508709045,0.407281604906614,0.3903210871842766,0.3953634202480316,584612000
2010-03-22,0.3903211938980109,0.40338538927017925,0.3903211938980109,0.40178102254867554,435336000
2010-03-23,0.40476049115217244,0.4120947569939077,0.4020101175544954,0.4100320041179657,493612000
2010-03-24,0.40659404514649067,0.40774002498369666,0.39559260592253537,0.3962801992893219,436252000
2010-03-25,0.4020101074431756,0.4045312740701955,0.39650941503080606,0.39742618799209595,495184000
2010-03-26,0.40086412758040574,0.40498966055084046,0.3942174553052662,0.39742618799209595,344676000
2010-03-29,0.39994733601179083,0.40338527544015246,0.39444661653302404,0.4024685025215149,394456000
2010-03-30,0.4070524338021281,0.4091151865912468,0.39719700168478544,0.4040728807449341,324104000
2010-03-31,0.4024686231819124,0.4043021968912081,0.3967386950944925,0.3988014757633209,389840000
2010-04-01,0.40063498747298604,0.40521890737568705,0.390550347293653,0.3946758806705475,339664000
2010-04-05,0.3971970344277754,0.40132256766841634,0.39673862059479104,0.4006349742412567,413636000
2010-04-06,0.39559265435606056,0.39650945473146054,0.3839036476565152,0.3907795548439026,809260000
2010-04-07,0.38825831718427856,0.39994732175289793,0.3850495574388179,0.3933006227016449,817468000
2010-04-08,0.3907795830801875,0.3937591367014727,0.3848204758376171,0.3868832290172577,1037600000
2010-04-09,0.38596629849148273,0.3907794237108277,0.38390351883077406,0.3894042372703552,817572000
2010-04-12,0.38986279736350565,0.3981138650383474,0.38917520383688203,0.3965094983577728,546460000
2010-04-13,0.39811378034676226,0.4061356393654488,0.39650941400748796,0.404760479927063,648696000
2010-04-14,0.413469941013861,0.41553269387593944,0.4033853016422264,0.40980279445648193,900720000
2010-04-15,0.41117788583417003,0.41530341792333214,0.407052353745008,0.4127822518348694,957596000
2010-04-16,0.39605112883857285,0.39765549558824687,0.3822993396807786,0.39100879430770874,1917736000
2010-04-19,0.3880291371678961,0.3903210968637812,0.37611095221375673,0.3891751170158386,1094492000
2010-04-20,0.3919255619819832,0.3960510956513893,0.3855080681987203,0.3905503749847412,678188000
2010-04-21,0.3926132599555417,0.39307164663582644,0.37588191388536907,0.3804658353328705,895908000
2010-04-22,0.37427738505897384,0.3832160444111946,0.36900587220853315,0.38207006454467773,656932000
2010-04-23,0.3809239856339725,0.3818407857479564,0.37015178238140983,0.37679848074913025,752916000
2010-04-26,0.3772571012485503,0.38504975678037195,0.37656950756695967,0.3804658353328705,491092000
2010-04-27,0.3777153169828961,0.38161164298541245,0.3685474782370626,0.36969345808029175,606704000
2010-04-28,0.3694642272515098,0.3756525398619652,0.3628175281979166,0.37038102746009827,672164000
2010-04-29,0.371527062485877,0.38207008885766264,0.3660263423831692,0.3816116750240326,987128000
2010-04-30,0.37702776843388364,0.3777153618860258,0.35983806874191926,0.3600672483444214,1068048000
2010-05-03,0.36190076186184444,0.36396354187676905,0.35067014352897946,0.3561708629131317,1078972000
2010-05-04,0.3506701195628388,0.35135771285415424,0.33302201014909233,0.3380643427371979,1311376000
2010-05-05,0.33118868696293163,0.34081491754136456,0.3282091322470922,0.3323346674442291,1330840000
2010-05-06,0.3300425330547743,0.33691841232950326,0.2988718420914282,0.3254585862159729,1002888000
2010-05-07,0.3284381580927873,0.3284381580927873,0.30849808520129324,0.3199579119682312,1153712000
2010-05-10,0.33921046796717447,0.3433360021625765,0.3300426263428692,0.3337097465991974,979156000
2010-05-11,0.33050095736904106,0.33668924396010674,0.32752140387784096,0.3300425708293915,829124000
2010-05-12,0.33233449111026064,0.338293570057771,0.3302717109450216,0.33646002411842346,901236000
2010-05-13,0.3350848315597459,0.35044098345417835,0.33256366495317236,0.33577242493629456,1252000000
2010-05-14,0.3130820649442352,0.3139988380664633,0.2887872493373522,0.29703831672668457,2493068000
2010-05-17,0.2974967685214819,0.30139312345112523,0.28832892599964033,0.29772597551345825,856060000
2010-05-18,0.3002469778948594,0.30208055102143944,0.28626601354228876,0.2878704071044922,674112000
2010-05-19,0.28649528455331646,0.2929127782715751,0.2844325314006674,0.29245439171791077,826520000
2010-05-20,0.2839740658717902,0.2924543385225152,0.27526461364707894,0.2855784595012665,1129136000
2010-05-21,0.2773274387818977,0.29978865269657096,0.2773274387818977,0.29176679253578186,1069600000
2010-05-24,0.2908499820619277,0.2942879216889417,0.28236970912410747,0.2832864820957184,664564000
2010-05-25,0.27434785153215363,0.2922251431572934,0.271597477957274,0.2908499836921692,966652000
2010-05-26,0.30253902969050744,0.30826892986370813,0.2913084089576426,0.292225182056427,995028000
2010-05-27,0.2995593735930494,0.309414803981781,0.29887178034317324,0.309414803981781,713560000
2010-05-28,0.30895659423636584,0.30895659423636584,0.2965799906291565,0.301163911819458,545116000
2010-06-01,0.2970382178748282,0.30047615692254576,0.28809955995737613,0.28832876682281494,527492000
2010-06-02,0.2887871772670312,0.2919959370386846,0.2869536041578454,0.2915375232696533,649088000
2010-06-03,0.2855784710409842,0.29176675694570275,0.2846616707410494,0.29107916355133057,586360000
2010-06-04,0.28259881003339954,0.28764111413066556,0.27572290603601196,0.277327299118042,671456000
2010-06-07,0.278473473449986,0.2803070473110056,0.26242972265780823,0.2635757029056549,577248000
2010-06-08,0.2624297287915558,0.2624297287915558,0.24959473878675215,0.25624144077301025,967636000
2010-06-09,0.2576165517765729,0.264492459440653,0.24913630481953233,0.2500530779361725,697152000
2010-06-10,0.255095400438266,0.2612836869998304,0.2544078069709103,0.2601377069950104,611768000
2010-06-11,0.2573873763295445,0.26724281044357273,0.256699782819762,0.266096830368042,442104000
2010-06-14,0.2699932360460117,0.2704516227456897,0.25967941235278025,0.2603670060634613,375080000
2010-06-15,0.26334642125785157,0.27457701240831545,0.26288800747839286,0.2732018530368805,528632000
2010-06-16,0.271368253030952,0.2738894192792214,0.2660967409896776,0.26976388692855835,366480000
2010-06-17,0.27916098245969506,0.2807653488559909,0.26953472943728807,0.2800777554512024,859068000
2010-06-18,0.28168213641521667,0.2853492832155313,0.279619383416488,0.28191134333610535,932832000
2010-06-21,0.2878704578027055,0.2885580239392393,0.2727435109972341,0.2752646505832672,579836000
2010-06-22,0.27870250807639346,0.2821404470309167,0.26357556574756746,0.2649507522583008,818164000
2010-06-23,0.2674719424087264,0.2706806747917987,0.2599084432436719,0.2679303288459778,614060000
2010-06-24,0.26632588599279033,0.267701072372091,0.25372011103099457,0.25463688373565674,725028000
2010-06-25,0.25647060341091216,0.25669981037955447,0.24982392918816215,0.25394946336746216,507220000
2010-06-28,0.2557828902539358,0.2580748493347982,0.2498237857147705,0.25440770387649536,372008000
2010-06-29,0.24890703575665604,0.2491362426397702,0.23859321781815215,0.2401975840330124,660808000
2010-06-30,0.24065605930483894,0.24317722666042413,0.23400938510894775,0.23400938510894775,623072000
2010-07-01,0.2346969626397765,0.23951006273175893,0.22759186133318138,0.23790569603443146,737008000
2010-07-02,0.23882247331900877,0.23928085985623915,0.22690425941710837,0.23492611944675446,737096000
2010-07-06,0.23400929859361783,0.24157277054176723,0.2303421523998748,0.2324049323797226,712020000
2010-07-07,0.23332177387954964,0.24501078190244896,0.232863387301113,0.24363559484481812,608412000
2010-07-08,0.24523997866981395,0.24546915828835567,0.2333217641914117,0.23630131781101227,783272000
2010-07-09,0.2374473485455639,0.23882253583957927,0.23423858730030328,0.23721814155578613,571516000
2010-07-12,0.2372180133981093,0.24455230524071928,0.23698883385447203,0.24157275259494781,565396000
2010-07-13,0.24546910191876584,0.2518865942436555,0.24409394255634817,0.2502822279930115,723316000
2010-07-14,0.26128369158229914,0.26311726508663263,0.24913629785369878,0.2528034448623657,1355664000
2010-07-15,0.2530325220056789,0.2532617288467704,0.24271870595810427,0.2456982582807541,953088000
2010-07-16,0.24569836391436986,0.24638595741095495,0.2294254362252415,0.23034220933914185,1288604000
2010-07-19,0.2335509963922892,0.24065605713729565,0.2319466022773729,0.2397392839193344,798440000
2010-07-20,0.23355086947137127,0.2470734173603793,0.2314880898684716,0.2456982582807541,1160988000
2010-07-21,0.24799033461778353,0.24821951424489136,0.23538452616794436,0.2376764863729477,624940000
2010-07-22,0.24019756604388073,0.24409391883113385,0.2388224068151245,0.24157275259494781,462612000
2010-07-23,0.2413435576656313,0.2415727645429158,0.23515527252438423,0.23744723200798035,817604000
2010-07-26,0.23675970024960183,0.24271880738508442,0.23309255319356342,0.24180200695991516,683548000
2010-07-27,0.24248963089554088,0.2429480175045215,0.23675972997747627,0.2397392839193344,683472000
2010-07-28,0.2358428234585344,0.23996835525220914,0.23148808482875824,0.23217567801475525,1320808000
2010-07-29,0.2154443811379406,0.22002829978093236,0.2078809099125421,0.20925608277320862,2664476000
2010-07-30,0.2076516990067947,0.21429838320462125,0.2044429534980694,0.21063125133514404,984288000
2010-08-02,0.21429847139509967,0.2152152581550437,0.20948534432068341,0.21040213108062744,917020000
2010-08-03,0.20879773703016674,0.2090269302747135,0.203297030855256,0.20490139722824097,955444000
2010-08-04,0.20673497816702438,0.21429845114541868,0.20581819149371017,0.21361085772514343,855496000
2010-08-05,0.21429845798582578,0.21681961117204632,0.2104021179151588,0.21636122465133667,800504000
2010-08-06,0.21544442729607585,0.22117432682742438,0.21361085398158108,0.21888236701488495,739904000
2010-08-09,0.2211743130925776,0.22140351998852434,0.2156736071518433,0.22094511985778809,466456000
2010-08-10,0.2172780213511274,0.21773640789292795,0.2108605277989636,0.21177731454372406,772560000
2010-08-11,0.20742260045378658,0.20742260045378658,0.2028386798085373,0.20352627336978912,796148000
2010-08-12,0.19985909620158399,0.20994373651473647,0.19825472967881283,0.2053598165512085,1343584000
2010-08-13,0.21200653348740336,0.21819483451803476,0.21154813322893382,0.2152152806520462,1797392000
2010-08-16,0.21223571517035672,0.2165904422510969,0.20696420128401438,0.20971456170082092,814008000
2010-08-17,0.21177727443871677,0.21636119363328676,0.2097145080689289,0.2124648541212082,481224000
2010-08-18,0.21177729803967335,0.21544443107177186,0.2104021111991229,0.21361085772514343,352920000
2010-08-19,0.21590282699875446,0.2271334471604529,0.21475684702239653,0.22644585371017456,1615100000
2010-08-20,0.22484148824520436,0.23400934175952917,0.22461229498110702,0.2285086214542389,1305308000
2010-08-23,0.2291962186133289,0.23492611861419843,0.22438309168367113,0.22507068514823914,748620000
2010-08-24,0.21773641706695923,0.22507069767290352,0.21727803050584518,0.22277873754501343,641332000
2010-08-25,0.22025758874102905,0.22919623615889398,0.21911159499196717,0.22736266255378723,757532000
2010-08-26,0.2303421497084372,0.232863316102466,0.2246122509241104,0.2246122509241104,657596000
2010-08-27,0.22598747919972856,0.23378014618552623,0.22025757901328316,0.23194657266139984,1060416000
2010-08-30,0.22919618559946817,0.23102975880009868,0.22094511985778809,0.22094511985778809,602804000
2010-08-31,0.21773645441250838,0.224612349636673,0.21315253337050682,0.21384012699127197,931488000
2010-09-01,0.21704884082402776,0.21979918755863354,0.2142984804282618,0.21544446051120758,851440000
2010-09-02,0.21613203958771807,0.2200283661449932,0.21406927284397742,0.21934078633785248,596292000
2010-09-03,0.22461225388455797,0.22759179309498523,0.22186189423513689,0.22690421342849731,566484000
2010-09-07,0.22621663622822388,0.2342384952039036,0.22575824975121947,0.22896699607372284,899820000
2010-09-08,0.2294253943257458,0.23813484660648795,0.22690422773947597,0.23653045296669006,1224156000
2010-09-09,0.23951002747190625,0.23973923439020475,0.23034218789704045,0.23332174122333527,697748000
2010-09-10,0.23492614773747122,0.2356137412872787,0.22873786043384756,0.23080061376094818,609292000
2010-09-13,0.23492611446702694,0.24684432811629703,0.23492611446702694,0.2438647747039795,1015792000
2010-09-14,0.24180193213858509,0.24478148478435652,0.23950997276834718,0.24157275259494781,698536000
2010-09-15,0.23928084049590775,0.24226039373030572,0.2360720803502806,0.24203118681907654,555572000
2010-09-16,0.2388225301554783,0.24432322455596908,0.2388225301554783,0.24226047098636627,365280000
2010-09-17,0.24455238091310363,0.24478156052765646,0.24111444079393737,0.24180200695991516,416884000
2010-09-20,0.24180191781633642,0.24638586360760992,0.23950995858185434,0.24546906352043152,443168000
2010-09-21,0.24409406048462612,0.2628881327627544,0.24409406048462612,0.2587625980377197,1779624000
2010-09-22,0.2578458436359355,0.26334656611434554,0.25624147649227247,0.2610546052455902,999996000
2010-09-23,0.2640339614365538,0.2745769855304174,0.26174200205287135,0.2663259208202362,1240872000
2010-09-24,0.2722850238392024,0.28191127502693786,0.2702222713402938,0.2809944748878479,1086976000
2010-09-27,0.2830571772934365,0.2832863567737957,0.2713681768037131,0.2750353217124939,999504000
2010-09-28,0.27526464458559213,0.2782441979608179,0.2695347447572031,0.27434787154197693,723192000
2010-09-29,0.27182665775061254,0.28030692989014266,0.2693054913325394,0.2722850441932678,974904000
2010-09-30,0.27572306946724345,0.27893183021094914,0.2654092483412377,0.2677012085914612,787632000
2010-10-01,0.27159750704321056,0.27205592090299335,0.25807495391526175,0.2601377069950104,999120000
2010-10-04,0.2576165199279785,0.26197125999945114,0.25234500685320443,0.2576165199279785,749500000
2010-10-05,0.2631171942293436,0.2635755806514041,0.2587624549139902,0.2594500482082367,753588000
2010-10-06,0.2594499760253535,0.2605959554228318,0.24455224385813615,0.24707338213920593,1057604000
2010-10-07,0.24821952946186576,0.24844873642534585,0.23790570790706708,0.2452400028705597,761488000
2010-10-08,0.24432325692521265,0.2509699598055816,0.24088531563884794,0.2489071786403656,706932000
2010-10-11,0.25005313567962084,0.25211591665188793,0.24661519471483512,0.24776117503643036,442680000
2010-10-12,0.2456984131076393,0.253720275088508,0.24363563220487797,0.25257429480552673,605208000
2010-10-13,0.2566997348482871,0.2635756140165224,0.253949388645456,0.2599084675312042,968732000
2010-10-14,0.26013770469866815,0.2605960912320861,0.2546369843306981,0.25578299164772034,599172000
2010-10-15,0.2599085783878779,0.2628881327627544,0.25578307098516995,0.2587625980377197,639940000
2010-10-18,0.2589918186420992,0.2615129864738204,0.25440789700066296,0.2603670060634613,448156000
2010-10-19,0.25463706331268504,0.2605961720624381,0.2525743096113311,0.2587625980377197,866136000
2010-10-20,0.25899180503668207,0.2658676871376309,0.25440788363604944,0.2587625980377197,763532000
2010-10-21,0.2589917406268985,0.25945012718849825,0.25028228666722324,0.25417861342430115,1014428000
2010-10-22,0.2557829551977224,0.2725142662005917,0.2530325817445164,0.27045148611068726,1322676000
2010-10-25,0.27251425692290615,0.2750354233950743,0.269993090450738,0.27297264337539673,673136000
2010-10-26,0.26976405255728614,0.276181548229362,0.2674720917688539,0.2720560133457184,675248000
2010-10-27,0.2695347562202083,0.27686902284800063,0.2688471627470955,0.2759522497653961,496796000
2010-10-28,0.27961936933079895,0.2805361423235369,0.273660262911054,0.2761814296245575,704448000
2010-10-29,0.2757231293331079,0.2784735040884031,0.2727436022187502,0.27549394965171814,554664000
2010-11-01,0.27732743671162163,0.2816821498374712,0.2736602897365661,0.2759522497653961,473920000
2010-11-02,0.27709824319732357,0.2862660837565643,0.2754938765639205,0.28168216347694397,581036000
2010-11-03,0.28351566473192236,0.2855784447249539,0.2761813996198739,0.2837448716163635,671748000
2010-11-04,0.28649531084494967,0.28947486470068007,0.28374496394824544,0.28420335054397583,700016000
2010-11-05,0.28626599285269755,0.29153750496475445,0.2848908335988858,0.28901636600494385,735116000
2010-11-08,0.2887871680889557,0.29268349374569896,0.28649520860589356,0.2901623547077179,605156000
2010-11-09,0.2901624899373059,0.29245445048853125,0.2869537287721955,0.28855809569358826,633964000
2010-11-10,0.2906207559039964,0.29199594259262085,0.2864952231604365,0.29199594259262085,521016000
2010-11-11,0.2851200131466987,0.2938294643767521,0.281223687610765,0.28901636600494385,1089980000
2010-11-12,0.3000178921056137,0.3135404742338052,0.29864270500026474,0.30391421914100647,2142560000
2010-11-15,0.3052893773994806,0.3096440906177377,0.2995594772058163,0.30024704337120056,733548000
2010-11-16,0.29520472958896676,0.29933026309397687,0.2908500164750953,0.2913084030151367,739356000
2010-11-17,0.29107914505726784,0.29955941751186127,0.2883287989768412,0.2961214780807495,551764000
2010-11-18,0.30001793245782965,0.3082690015550429,0.30001793245782965,0.30528944730758667,993120000
2010-11-19,0.304601779952081,0.3162907871241316,0.3041433934070106,0.315144807100296,716484000
2010-11-22,0.3130821750372284,0.31720768286027845,0.31033180005875566,0.31537413597106934,462668000
2010-11-23,0.31170690204630824,0.3149156355445932,0.3057477943239824,0.30803975462913513,457832000
2010-11-24,0.31124848341823635,0.3167491766555813,0.31101927648238065,0.31560319662094116,397784000
2010-11-26,0.3153740178437979,0.31720756404622946,0.31170687079429626,0.31170687079429626,143104000
2010-11-29,0.31033168007125894,0.3162907871241316,0.3089565204360476,0.315144807100296,468192000
2010-11-30,0.3103315951167859,0.31354035469850655,0.3062060626958944,0.3119359612464905,720936000
2010-12-01,0.31812438136721344,0.32775060873056144,0.31766599479225793,0.32568785548210144,626536000
2010-12-02,0.32568776610048256,0.3316468719064514,0.3254585592147479,0.3295840919017792,529316000
2010-12-03,0.3279797397182312,0.33898115158081055,0.32729214635388604,0.33898115158081055,606044000
2010-12-06,0.34012717154740185,0.3408147649928799,0.33118853872314014,0.33256369829177856,438424000
2010-12-07,0.34035649137147783,0.3513579081815127,0.33966889769791436,0.3433360457420349,1026812000
2010-12-08,0.3428774155054464,0.34998247222568096,0.34035624960072325,0.3463153541088104,613252000
2010-12-09,0.338064508803328,0.34287763688455897,0.33325138072209703,0.3405856490135193,942408000
2010-12-10,0.34058554708074124,0.3458570602295556,0.3396687740645634,0.34264832735061646,451900000
2010-12-13,0.34402350641513174,0.34471107250055344,0.3330220665359581,0.333938866853714,609108000
2010-12-14,0.34035627186529693,0.3465445562917004,0.333938780588086,0.33439716696739197,755160000
2010-12-15,0.3350848232139282,0.3392103560481524,0.32660455065156724,0.3270629644393921,624176000
2010-12-16,0.330500967144006,0.332334540679153,0.3266046131359488,0.327521413564682,631872000
2010-12-17,0.3277506074599794,0.33118857506461946,0.3238542806044815,0.32935500144958496,593156000
2010-12-20,0.3305010001656664,0.3321053669233489,0.3277506259269854,0.32797983288764954,344088000
2010-12-21,0.3311885428775454,0.3408147692680359,0.33095933595207166,0.3408147692680359,466952000
2010-12-22,0.34012714549362144,0.34494027192096405,0.3369184127569367,0.344481885433197,477988000
2010-12-23,0.3444818348599029,0.3444818348599029,0.34058548198011696,0.3419606685638428,273784000
2010-12-27,0.3410439104845603,0.3463154228539314,0.3348555979122523,0.3437942564487457,255500000
2010-12-28,0.34379436436870936,0.3460863246120484,0.34035642400370086,0.34241917729377747,194260000
2010-12-29,0.3421899976628363,0.3449403444903789,0.3392104438820313,0.34241917729377747,177660000
2010-12-30,0.34196073992430137,0.345627886697957,0.3408147599728236,0.34356510639190674,174488000
2010-12-31,0.3437942100046631,0.35342046056234505,0.3433358236262756,0.35296204686164856,391252000
2011-01-03,0.35571249667758265,0.36602631537142144,0.3552540828777823,0.36258837580680847,817448000
2011-01-04,0.36327605015192893,0.36488041684186995,0.35342061573897543,0.3614424765110016,651384000
2011-01-05,0.36808906595584423,0.38963353081286745,0.364421946835817,0.3891751170158386,1428216000
2011-01-06,0.39925975958989246,0.4432654353188847,0.39811377973185014,0.4430362284183502,3493312000
2011-01-07,0.43799392982071916,0.45678802166427485,0.4281384974125336,0.4554128348827362,2579984000
2011-01-10,0.447161812089347,0.47374855874035277,0.44372387212528513,0.4728317856788635,1750348000
2011-01-11,0.47924930829932155,0.48383322826958447,0.45541288073824543,0.4654974937438965,2711088000
2011-01-12,0.46572662605216336,0.5356314176197423,0.4641222598782098,0.5351730585098267,3431896000
2011-01-13,0.5294431385791373,0.5464036826677966,0.5129410082502999,0.5360898375511169,2695192000
2011-01-14,0.5269220343927219,0.5496124514357711,0.523713301795433,0.5406737923622131,1595352000
2011-01-18,0.53333933831684,0.53700648359543,0.5150036665685016,0.5280678272247314,1813348000
2011-01-19,0.5282970640060786,0.5409028110735876,0.5124825306509265,0.5136284828186035,1197896000
2011-01-20,0.5085862704247944,0.517066514262948,0.49941837869626643,0.5140869617462158,1111408000
2011-01-21,0.5195876106714539,0.5269219015979809,0.5083569947666513,0.5092737674713135,739244000
2011-01-24,0.5326519880200766,0.5741365571610785,0.5266929357005758,0.5668022632598877,2056900000
2011-01-25,0.564281177095088,0.5702402852008333,0.5457163138222485,0.5493834614753723,1086856000
2011-01-26,0.5551130772022637,0.5729903932080046,0.5512167517087457,0.5624473690986633,1074660000
2011-01-27,0.5704694238337952,0.5718445561590503,0.5500709628327428,0.5608431696891785,657396000
2011-01-28,0.5622182259907351,0.5716152436932629,0.5317351040583114,0.5445700883865356,1094796000
2011-01-31,0.5454870639632549,0.5558008573502867,0.5365484029550908,0.5482373833656311,750160000
2011-02-01,0.5530505163859661,0.5649686759542208,0.549383369347796,0.5608431696891785,654104000
2011-02-02,0.557634452788603,0.5998065629907532,0.557634452788603,0.5862839818000793,1606616000
2011-02-03,0.587200606432659,0.587200606432659,0.562676590008251,0.5752823948860168,1030776000
2011-02-04,0.5833043810340411,0.5929305800371009,0.581012421084079,0.5883466601371765,872900000
2011-02-07,0.5803248199513094,0.582845959469498,0.5617599063511647,0.5638226866722107,934236000
2011-02-08,0.5645103323965065,0.5681774795364659,0.5445702300688474,0.5470914244651794,1076584000
2011-02-09,0.5491539215630149,0.5546546673037425,0.5239423706149435,0.5337978005409241,1277520000
2011-02-10,0.5218797438672667,0.5319644109168868,0.5179834175890815,0.5230257511138916,1042352000
2011-02-11,0.5211922008651374,0.5548840630791163,0.5127119540693921,0.5379235148429871,1359276000
2011-02-14,0.5443407920035794,0.5615305121536679,0.5276094855200775,0.5296722650527954,1287828000
2011-02-15,0.5305894206852834,0.5324229673857325,0.5145456411554139,0.5168376564979553,886980000
2011-02-16,0.5237132668320745,0.5434241295346975,0.521879666438444,0.5358606576919556,1318364000
2011-02-17,0.5207337134384835,0.5961392522261852,0.5182125197305695,0.5885757803916931,3470096000
2011-02-18,0.5853672195592465,0.5947642954164934,0.5782621587383517,0.5874300003051758,1394412000
2011-02-22,0.5681775476964908,0.5697819145168169,0.5301309393693043,0.5319645404815674,1396648000
2011-02-23,0.5319645892664875,0.5370068698371694,0.49918949233379845,0.5067529678344727,1491604000
2011-02-24,0.5092739670570618,0.5280680607688558,0.5056068748012705,0.5191294550895691,1246120000
2011-02-25,0.5331102366118992,0.5386109280102123,0.5257759449844017,0.5299015045166016,775652000
2011-02-28,0.5386110878796083,0.5388403221291848,0.5074404211776632,0.5193586349487305,903696000
2011-03-01,0.5202753761125524,0.5269220760500016,0.4962097704410553,0.4962097704410553,988448000
2011-03-02,0.4955221986427292,0.5049192726593483,0.46412235289118553,0.47558215260505676,1718140000
2011-03-03,0.4865834658127731,0.48933383919125306,0.4638930493741951,0.47833240032196045,1593704000
2011-03-04,0.47879094583379744,0.4836040459257799,0.47053987807279735,0.4758113920688629,959760000
2011-03-07,0.47924927689859104,0.48085364331860025,0.45724642423172523,0.4691646099090576,1019140000
2011-03-08,0.4742070251744877,0.4767281650342915,0.4382232003805053,0.4480786621570587,1947184000
2011-03-09,0.44670343272046137,0.45105817313814883,0.4347852187961113,0.43868157267570496,1318976000
2011-03-10,0.42859692642463976,0.4318056594701821,0.41026121924820963,0.410719633102417,1722736000
2011-03-11,0.4141576534355714,0.4251590689471467,0.4047606047580684,0.4136992394924164,1486832000
2011-03-14,0.4169079390582861,0.42745096639568636,0.4102612384073792,0.41713714599609375,1003360000
2011-03-15,0.3967385935860614,0.41163635908593715,0.38986271442718723,0.404760479927063,1256280000
2011-03-16,0.40109342900451067,0.4205751185850155,0.3965095084731734,0.40178102254867554,1476520000
2011-03-17,0.4125531676939775,0.41324076113374353,0.394217488352576,0.4093444347381592,1238516000
2011-03-18,0.4157619139125055,0.41713710074553356,0.40338531438220215,0.4038437008857727,886960000
2011-03-21,0.4125532405849485,0.4166787746301373,0.4029270126943894,0.40705254673957825,751832000
2011-03-22,0.4059064513326392,0.4098027773103854,0.39811377205483234,0.3999473452568054,718332000
2011-03-23,0.3992598153042509,0.4093444558556646,0.39055036170331325,0.4081984758377075,782396000
2011-03-24,0.4169079391004632,0.44578667447349135,0.4159911659937789,0.4407443404197693,1780592000
2011-03-25,0.4446406793378587,0.4457866593434793,0.42630497192561184,0.4269925653934479,1196392000
2011-03-28,0.43707721020033796,0.4501414050693688,0.4331808833632237,0.442807137966156,1204284000
2011-03-29,0.4428071119217243,0.444411478487076,0.4334100648181629,0.43936917185783386,715764000
2011-03-30,0.44280707255886503,0.44464064589441016,0.4173662800963614,0.4228670001029968,1176320000
2011-03-31,0.42355462362268537,0.4281385436261858,0.4153035566874571,0.4230962097644806,655112000
2011-04-01,0.42859694644008556,0.42905533299338133,0.41140721845177836,0.41713714599609375,850072000
2011-04-04,0.417137150320967,0.4182831303772476,0.3992598286562045,0.4022393822669983,924328000
2011-04-05,0.4081984348623897,0.4114071676616466,0.40201012152875465,0.4029269218444824,821076000
2011-04-06,0.40590642390855936,0.4063648103475042,0.39673855851809864,0.4001765251159668,856984000
2011-04-07,0.4010933789116784,0.41736630569451705,0.39948901239054513,0.41484513878822327,1021208000
2011-04-08,0.4180539234370636,0.4180539234370636,0.4010934022107176,0.4022393822669983,746552000
2011-04-11,0.4038436169583577,0.4059063967792097,0.3926130270044143,0.39696773886680603,546208000
2011-04-12,0.3930715694436244,0.4008642234451087,0.3857372747100844,0.398113876581192,840756000
2011-04-13,0.4022394191331376,0.409573686701072,0.3971971118878278,0.40705254673957825,749588000
2011-04-14,0.4033852094087777,0.42447125630893945,0.4010932501650479,0.4242420494556427,1254704000
2011-04-15,0.42103341406335165,0.4340976066084691,0.41897063387723626,0.42882609367370605,969720000
2011-04-18,0.41874152245281854,0.421491869159668,0.40796928792398457,0.4146159887313843,743584000
2011-04-19,0.4148451567128738,0.416449550625648,0.40178098973014265,0.4130116105079651,659860000
2011-04-20,0.42813844396621076,0.43432672906599396,0.4187413992175055,0.4256172776222229,650516000
2011-04-21,0.430201247878222,0.4329516214260558,0.4235545755563592,0.42447134852409363,421300000
2011-04-25,0.42630491496747475,0.4382230999690887,0.4260757080680473,0.43111804127693176,619612000
2011-04-26,0.43478518610064765,0.44670339912875856,0.4304304733327493,0.4423486590385437,676000000
2011-04-27,0.4446406462012944,0.4446406462012944,0.433180819676807,0.4423486590385437,450004000
2011-04-28,0.4423486080649538,0.4561003928452025,0.4373063024615068,0.4471617341041565,684000000
2011-04-29,0.4501412864720855,0.46847696306043574,0.4494536931355597,0.45839235186576843,836000000
2011-05-02,0.468018554615657,0.4682477341554739,0.44991205949922153,0.45220401883125305,613824000
2011-05-03,0.4469326357589478,0.44830779536125487,0.42515898850474426,0.430659681558609,808000000
2011-05-04,0.43203484484664484,0.43684797149718946,0.41942906557574083,0.42745092511177063,639356000
2011-05-05,0.42401310622001287,0.43272256166428075,0.4182832049175109,0.42768025398254395,544000000
2011-05-06,0.43661882362932225,0.44693267174993834,0.4331808833632237,0.442807137966156,841080000
2011-05-09,0.4441822538831047,0.4549544875126009,0.44303627390739814,0.45266252756118774,706328000
2011-05-10,0.45632962018590695,0.45678800665725516,0.4487661204582464,0.4533500671386719,690976000
2011-05-11,0.45564204178709783,0.4602259339734905,0.44922454901044334,0.4554128348827362,616000000
2011-05-12,0.45380851883421675,0.4703106527530578,0.4526625388299816,0.4698522388935089,1224000000
2011-05-13,0.4400565995618647,0.4412025792226127,0.4153034334252471,0.41851216554641724,2025192000
2011-05-16,0.4173663566257201,0.41828315712275776,0.4054481687428021,0.40567734837532043,728188000
2011-05-17,0.40430208764253156,0.40453126721781435,0.3923838754137556,0.4040728807449341,1420364000
2011-05-18,0.4056772315905945,0.4169078500206109,0.4043020722243955,0.41346991062164307,658844000
2011-05-19,0.4166786252524759,0.4169078321314975,0.40132250206046544,0.40751078724861145,650884000
2011-05-20,0.40659412823171986,0.41553276185956073,0.4047605546530469,0.4146159887313843,575820000
2011-05-23,0.40865676088800174,0.4171370327726115,0.4033852486501479,0.4141574800014496,588000000
2011-05-24,0.41622033417258275,0.4324932612864853,0.41507435415955635,0.41576194763183594,720372000
2011-05-25,0.4136991750175584,0.4235546361022466,0.40957364142839003,0.4208042621612549,545312000
2011-05-26,0.4208041955572053,0.4350143675954406,0.4196582157039485,0.43134722113609314,706436000
2011-05-27,0.43318079835914775,0.44762015010775813,0.43272241187808225,0.4469325840473175,658824000
2011-05-31,0.45564210062689153,0.4595384545703053,0.44464068692085046,0.4593092203140259,1200716000
2011-06-01,0.4572464597082115,0.4579340531765114,0.43776477227719884,0.43868157267570496,762208000
2011-06-02,0.4393690589243749,0.44257779123032015,0.4313471735148879,0.4366186857223511,607592000
2011-06-03,0.4315764836288112,0.4354728101673229,0.42103345669183273,0.4230962097644806,549300000
2011-06-06,0.4224085450104653,0.4263048706393792,0.4136990662502616,0.4141574800014496,435988000
2011-06-07,0.41736632971626414,0.4196582898276033,0.4120948159957201,0.41392838954925537,433956000
2011-06-08,0.4118656091468498,0.41438674870924197,0.3994890089705245,0.40269774198532104,569288000
2011-06-09,0.4024686174945216,0.4033853906750533,0.3836745213927273,0.398113876581192,741632000
2011-06-10,0.39880130543854814,0.4013224716273506,0.3891750544066191,0.3923838138580322,493548000
2011-06-13,0.39238385253572067,0.39742615808804055,0.3868831332149338,0.38963350653648376,574760000
2011-06-14,0.39307144006184874,0.4015516848185701,0.3912378669819951,0.39284223318099976,534576000
2011-06-15,0.3875707747950808,0.38986273463349613,0.37634015519345554,0.38436204195022583,935916000
2011-06-16,0.38459123640731474,0.39055034314647463,0.3655679635486462,0.37106865644454956,1024908000
2011-06-17,0.3754233891259322,0.3756525960429367,0.3508993965437598,0.3623591959476471,1467884000
2011-06-20,0.3591503708395737,0.3667138419688488,0.35525401818470076,0.3580043911933899,745960000
2011-06-21,0.3593796684641508,0.3685475359684049,0.3559417283959251,0.36579716205596924,704276000
2011-06-22,0.36327604446094197,0.3680891444553643,0.3600672838090065,0.3607548773288727,651720000
2011-06-23,0.35617097931322206,0.3740482753401401,0.3529622184599011,0.37152713537216187,744024000
2011-06-24,0.3696935384424923,0.37290227177210716,0.35846291714419903,0.3607548773288727,529052000
2011-06-27,0.3607548796574517,0.3630468398569194,0.34058559711535136,0.35319140553474426,1142152000
2011-06-28,0.35319139031478314,0.35937967712221186,0.35067022327508424,0.3552541434764862,692200000
2011-06-29,0.35754611667693725,0.36442202455327877,0.34516954260862776,0.3607548773288727,960544000
2011-06-30,0.36167147804761085,0.3692349485156276,0.35617078715576644,0.36533862352371216,652300000
2011-07-01,0.3653388095352156,0.37152712409219263,0.3580045421710934,0.37015193700790405,540804000
2011-07-05,0.3696935341711941,0.37313147440848393,0.36075487316084837,0.36396363377571106,535296000
2011-07-06,0.36373438914457934,0.36442198258526004,0.35479572906036483,0.3591504693031311,529580000
2011-07-07,0.36098402187829615,0.3628175678512406,0.35410811519049096,0.36052560806274414,986136000
2011-07-08,0.3554832788241809,0.35800444535613835,0.35067015265310364,0.35364970564842224,619516000
2011-07-11,0.34700293456140213,0.3483780935589048,0.3403562371120673,0.3412730097770691,714388000
2011-07-12,0.33966878718101695,0.3428775475061805,0.3309593339017414,0.3366892337799072,867604000
2011-07-13,0.34127317813011043,0.3435651382455651,0.33279293116739206,0.3360016644001007,634368000
2011-07-14,0.3373768395098363,0.33943959261213047,0.32110391233460467,0.32270827889442444,1088996000
2011-07-15,0.3245417655900597,0.3266045181406841,0.3165199076140358,0.3231665790081024,827736000
2011-07-18,0.32064556661917504,0.3224791130225337,0.31216529155319084,0.31629082560539246,818200000
2011-07-19,0.31720743850575733,0.32660448202460907,0.31720743850575733,0.32591691613197327,602224000
2011-07-20,0.3270628921376628,0.32889643759437504,0.3208745805931803,0.3217913806438446,662956000
2011-07-21,0.32224985473590917,0.3392103734062202,0.3174367282959646,0.3369184136390686,1143420000
2011-07-22,0.33989793072262364,0.34494023621068237,0.33554319123387677,0.3437942564487457,737192000
2011-07-25,0.3385228487578369,0.339898035826323,0.33348054171058966,0.3382936418056488,566920000
2011-07-26,0.32866738388812416,0.3369184508910908,0.3252294438572745,0.3300425708293915,698276000
2011-07-27,0.3254586478932031,0.32706304188587215,0.31674919369689974,0.3176659941673279,652212000
2011-07-28,0.31651997866010523,0.3236250380688553,0.3114776449426675,0.3169783651828766,648176000
2011-07-29,0.31376960487884187,0.31995791856436684,0.3121652383879833,0.3169783651828766,677656000
2011-08-01,0.32431261379001614,0.33485563984915373,0.3215622674813808,0.333938866853714,1019620000
2011-08-02,0.33164697027631523,0.35250381946124654,0.330500990152359,0.330500990152359,1356432000
2011-08-03,0.33118861893364354,0.34058564055664753,0.3279798578517227,0.33943966031074524,765236000
2011-08-04,0.33325146831342084,0.33325146831342084,0.3071230947971344,0.3071230947971344,979732000
2011-08-05,0.31422794747477395,0.31812427301834023,0.2887871597005277,0.29680901765823364,1270588000
2011-08-08,0.28236978410006397,0.2924544260770755,0.27159754855061397,0.27343112230300903,1084180000
2011-08-09,0.2787025750126054,0.29680907424846537,0.27503545564043186,0.2963506877422333,1329832000
2011-08-10,0.28764124923966644,0.29589231605432553,0.28122375586407805,0.28282812237739563,1140052000
2011-08-11,0.282828049075492,0.3114775685758122,0.282828049075492,0.3073520362377167,1078792000
2011-08-12,0.3401271490833724,0.34058553557597726,0.29039157256131815,0.29520469903945923,3195784000
2011-08-15,0.29818422168759495,0.3071228803283971,0.2965798554666242,0.3064352869987488,864152000
2011-08-16,0.3029974904279823,0.3071230250272762,0.2922252536069578,0.29772597551345825,716868000
2011-08-17,0.2986426266760168,0.3036849598583083,0.28970399480252684,0.29360032081604004,553328000
2011-08-18,0.28030697241479813,0.28305731881029056,0.2704515121298427,0.273660272359848,802564000
2011-08-19,0.26907637442776855,0.2839741148780903,0.2670135939720248,0.26884716749191284,761332000
2011-08-22,0.27641061875534045,0.2796193789853458,0.27068071904709917,0.273660272359848,611876000
2011-08-23,0.2803070174440477,0.3034558269129544,0.27984860353589397,0.30322661995887756,938312000
2011-08-24,0.3025389614168352,0.30345573430873235,0.29107913633424215,0.29887181520462036,687500000
2011-08-25,0.29291278915393354,0.29818430302272003,0.28557852205586204,0.2860369086265564,690968000
2011-08-26,0.2848908738906977,0.3011637989462681,0.27984854061332193,0.29818424582481384,732660000
2011-08-29,0.30666446125414243,0.30735202718832183,0.29955937647426745,0.3062060475349426,601528000
2011-08-30,0.304143411010916,0.3160615984841704,0.3020806304552263,0.3135404586791992,684760000
2011-08-31,0.31583228911223027,0.3190410211175831,0.3025389200629083,0.3050600588321686,705808000
2011-09-01,0.3091857059807307,0.3158324066399194,0.3041433992435555,0.3043725788593292,762312000
2011-09-02,0.2974966374598059,0.3016221702416028,0.29382949113769447,0.2961214780807495,471356000
2011-09-06,0.286495211729905,0.30276813516601514,0.2837448657847024,0.30208054184913635,696248000
2011-09-07,0.32660457491874695,0.3355432346107735,0.31766594254903663,0.32660457491874695,1606620000
2011-09-08,0.32339588965440136,0.33118857058225015,0.31972874247396427,0.32500025629997253,880164000
2011-09-09,0.3222498571596942,0.33095930980484095,0.3153739778065229,0.31812432408332825,869828000
2011-09-12,0.31376964059933454,0.32843820225415504,0.31376964059933454,0.32568785548210144,916480000
2011-09-13,0.32843805032931056,0.3346263618568189,0.32339574569256624,0.33302196860313416,853836000
2011-09-14,0.34173140774311916,0.35456638839773275,0.3415022009262384,0.35021165013313293,1547192000
2011-09-15,0.358004517455183,0.35983809100020775,0.35204541026443265,0.3552541434764862,752908000
2011-09-16,0.35594167113985087,0.3690058631554835,0.3525037316246453,0.35433730483055115,1391588000
2011-09-19,0.3483782320443777,0.3508993988587929,0.3380644125128344,0.3470030725002289,968204000
2011-09-20,0.35135771285415424,0.3527328994367851,0.33645997660566956,0.3380643427371979,792436000
2011-09-21,0.33989795525864996,0.3458570340574976,0.33141768255030785,0.3316468894481659,715252000
2011-09-22,0.3185827947672771,0.3190411813808293,0.30368505223172887,0.3096441328525543,1314632000
2011-09-23,0.3078105462080019,0.32500024688920204,0.30597697267087665,0.3160615861415863,1011440000
2011-09-26,0.3199578856934528,0.32087465864481074,0.30253898103913374,0.31674912571907043,972124000
2011-09-27,0.32477092357265136,0.32752126900023865,0.3146862872417548,0.3172074258327484,781388000
2011-09-28,0.3178952787885893,0.3259171694344662,0.30253914589083625,0.30758145451545715,1236532000
2011-09-29,0.3130821200009016,0.31835363468652844,0.29222524091809327,0.30001792311668396,866416000
2011-09-30,0.295204724478436,0.2968090910019658,0.28626606415193884,0.2867244780063629,677784000
2011-10-03,0.28305735680114646,0.29199601793910535,0.2706807553768158,0.2706807553768158,949896000
2011-10-04,0.264034116868365,0.2956632077693939,0.2628881365019071,0.2956632077693939,1361548000
2011-10-05,0.2949754305384406,0.3089564205609008,0.2890163527342549,0.3062060475349426,856708000
2011-10-06,0.30781042127043545,0.3192702170731377,0.3073520075804807,0.31835344433784485,773192000
2011-10-07,0.3197287956457829,0.3291258447819591,0.3130821210134898,0.3243127167224884,806976000
2011-10-10,0.3298133416532631,0.33875200152397156,0.32912574822900603,0.33875200152397156,534376000
2011-10-11,0.33600171822757624,0.3415024397792749,0.33393896472214185,0.3350849449634552,816080000
2011-10-12,0.34150237625393765,0.34173158318849356,0.3346264960850898,0.33485567569732666,612064000
2011-10-13,0.33325125394610555,0.35502489819805516,0.3323344810043099,0.35433730483055115,854832000
2011-10-14,0.3605256077888688,0.36419275437660364,0.3515869755494493,0.36029642820358276,702452000
2011-10-17,0.3561709660761329,0.3561709660761329,0.34058560363464196,0.34241917729377747,611780000
2011-10-18,0.34058552237501416,0.3557124946231871,0.3385227695770857,0.3547956943511963,590916000
2011-10-19,0.3552542064239513,0.3614425216502067,0.34677395801320704,0.34769073128700256,557568000
2011-10-20,0.3382935802404386,0.3396687670586579,0.3172075280800957,0.33027172088623047,990308000
2011-10-21,0.33439726592538366,0.3398979860718076,0.3263754062855429,0.33187609910964966,628428000
2011-10-24,0.33325117699206047,0.3495240978685651,0.33256358378333484,0.3442525863647461,535256000
2011-10-25,0.33943956888457305,0.3421899425917999,0.33050093630303645,0.33118852972984314,577996000
2011-10-26,0.3376061124232743,0.3394396589515164,0.32545868907856357,0.3350849449634552,503116000
2011-10-27,0.347461328550465,0.35296201930629995,0.33966865143700753,0.3495240807533264,577732000
2011-10-28,0.3465446775164208,0.3607548515019277,0.34562790443711267,0.3575460910797119,490156000
2011-10-31,0.3460862402971832,0.34814902040703866,0.3392103612422943,0.3392103612422943,519984000
2011-11-01,0.32683380940079704,0.3277505824772732,0.31904112896147574,0.3222498893737793,790824000
2011-11-02,0.32545857804622996,0.3270629716945786,0.31010245351593846,0.31674912571907043,961608000
2011-11-03,0.32018706614224085,0.3364600183128432,0.3117068206909802,0.33577242493629456,749372000
2011-11-04,0.332792900845385,0.3408147605185747,0.32752138759568256,0.33966878056526184,654840000
2011-11-07,0.3371476884984074,0.342877616857847,0.33004262760577724,0.33783528208732605,613536000
2011-11-08,0.3421899639123716,0.3476906570249191,0.33668924347750556,0.34562790393829346,549728000
2011-11-09,0.3376058762673271,0.3419605872092597,0.32683364767631623,0.3282088339328766,532244000
2011-11-10,0.33623080882680934,0.3396687483607919,0.3233958236376818,0.3316468894481659,990484000
2011-11-11,0.34104408504504125,0.34608639311396194,0.3224791651481353,0.3433360457420349,1751560000
2011-11-14,0.3433359340319702,0.34677387395886966,0.33577246072832784,0.3366892337799072,500292000
2011-11-15,0.333480563801111,0.3435651785636336,0.3325637632539489,0.34104403853416443,505660000
2011-11-16,0.33462649037648917,0.343565123514574,0.33302209650660647,0.33416807651519775,512420000
2011-11-17,0.3334805098333639,0.33439728290984005,0.3162907824097288,0.3222498893737793,657504000
2011-11-18,0.3240834696466757,0.3240834696466757,0.3158324024960509,0.3192703425884247,501352000
2011-11-21,0.314228040301676,0.338522828222352,0.3094149131762698,0.3353140950202942,1330788000
2011-11-22,0.3389812034947868,0.3474614774165821,0.3371476300164981,0.34562790393829346,1287480000
2011-11-23,0.3419608252180086,0.3444819926690296,0.3307302024989341,0.33095940947532654,825340000
2011-11-25,0.32660447845117657,0.33416794908819325,0.3208745805931803,0.3217913806438446,406620000
2011-11-28,0.3323344878702489,0.3449402663531011,0.3323344878702489,0.3398979604244232,690616000
2011-11-29,0.3394395315622196,0.34608623086077167,0.3362307990196869,0.3417315185070038,623440000
2011-11-30,0.3520454035720514,0.3591504906780846,0.3490658500333175,0.3582336902618408,730324000
2011-12-01,0.3552540828777823,0.3635051487617793,0.35364971654542593,0.36258837580680847,529760000
2011-12-02,0.366484714163359,0.36785990096433857,0.35685848852344976,0.36029642820358276,546464000
2011-12-05,0.36625552015603546,0.3667139066308735,0.351816141281277,0.3547956943511963,644696000
2011-12-06,0.35685843522616895,0.357546001201654,0.3460862039794132,0.34975335001945496,573832000
2011-12-07,0.3474615516297159,0.35021189877342696,0.34035646312966494,0.34769073128700256,510016000
2011-12-08,0.3442527070835496,0.34998260696171535,0.3355432538042741,0.3366892337799072,491488000
2011-12-09,0.3341680162552609,0.34425265490571033,0.3295840970475058,0.34150230884552,555840000
2011-12-12,0.33416794817159,0.33554313458266033,0.3268336843979339,0.33302196860313416,573208000
2011-12-13,0.337376724371036,0.3415022564899952,0.32179139598958406,0.32385414838790894,516596000
2011-12-14,0.32110388422212455,0.3229374575538125,0.3078105117202825,0.31124845147132874,636020000
2011-12-15,0.31651994088435187,0.3185826936517981,0.30781048870187394,0.3084980547428131,435148000
2011-12-16,0.3110193200155341,0.31697842795868264,0.30826897301189754,0.3096441328525543,619116000
2011-12-19,0.3110192278751866,0.314686374341848,0.3004762022752713,0.3016221821308136,463276000
2011-12-20,0.3084981894991638,0.31972881314516105,0.3084981894991638,0.31858283281326294,445208000
2011-12-21,0.31674913790472836,0.32018707758805376,0.3082688921503221,0.3144571781158447,548424000
2011-12-22,0.31537405114220946,0.3288966060856618,0.31537405114220946,0.32797983288764954,576560000
2011-12-23,0.32958402515405405,0.33004243883268497,0.3220205546466448,0.3247709274291992,248948000
2011-12-27,0.3233958693805337,0.3272921959390351,0.32133308897498464,0.3222498893737793,195712000
2011-12-28,0.32224982694765025,0.3229374202829663,0.31399876156848455,0.31422796845436096,233960000
2011-12-29,0.31743683406186046,0.32087477485806576,0.31285291300025336,0.32018718123435974,211112000
2011-12-30,0.319041153889489,0.3224790941783729,0.31720758027095347,0.3176659941673279,186956000
2012-01-03,0.3277504580227758,0.33004244448828246,0.3211037874364234,0.3217913806438446,468044000
2012-01-04,0.32202064657860846,0.3268337729998449,0.31904109342842946,0.3254585862159729,347372000
2012-01-05,0.32385427862790866,0.33875204708268825,0.32247909159444577,0.33714765310287476,563548000
2012-01-06,0.33691838410416247,0.3371475636673979,0.3293549120711275,0.3332512378692627,533252000
2012-01-09,0.33348044475481137,0.33966873011918064,0.3309592783030287,0.3332512378692627,508244000
2012-01-10,0.3382935922859857,0.3385227992046223,0.3295841392125523,0.33187609910964966,546328000
2012-01-11,0.3288965557118488,0.33187610913252324,0.3238542492504171,0.3252294361591339,484272000
2012-01-12,0.32591695217201694,0.32614613172080215,0.3160614938718424,0.3231665790081024,652364000
2012-01-13,0.3208746737970018,0.3215622672041469,0.3130820213755341,0.3146863877773285,504300000
2012-01-17,0.3194994137251137,0.3194994137251137,0.3094147773470812,0.30987316370010376,627176000
2012-01-18,0.3158323229160723,0.3229374082456441,0.31422795674167897,0.32041624188423157,632676000
2012-01-19,0.3231666817506402,0.32935499601455176,0.3197287415250538,0.32889658212661743,608312000
2012-01-20,0.32843805482369093,0.33233440726760555,0.3247709365478357,0.32591691613197327,546272000
2012-01-23,0.3261462220189889,0.3350848826318825,0.3220206884532164,0.33485567569732666,562792000
2012-01-24,0.33256374278295536,0.34379436436870936,0.33233456315201426,0.34241917729377747,730920000
2012-01-25,0.3332512929879809,0.3412731527965905,0.3236250393597952,0.34035637974739075,1274152000
2012-01-26,0.34539872065901106,0.34929507481304906,0.33531410682135154,0.33714765310287476,799672000
2012-01-27,0.33508481920845173,0.34356506434712886,0.33233447312595027,0.3417315185070038,449996000
2012-01-30,0.33577242171484983,0.34081472755730546,0.3307300885500796,0.3392103612422943,399076000
2012-01-31,0.3401272181783258,0.3403564251323483,0.3325637438857617,0.33852285146713257,357900000
2012-02-01,0.3424189384871459,0.34608608324791085,0.33760584172623187,0.342189759016037,428020000
2012-02-02,0.3440234919193775,0.35640006344789604,0.3405855250255501,0.35502490401268005,696236000
2012-02-03,0.36029641609706653,0.365567928893936,0.359608822719681,0.36258837580680847,495232000
2012-02-06,0.3607548116609995,0.36121319815003045,0.35662927861508986,0.3598380386829376,278868000
2012-02-07,0.3602964907564021,0.36281763056615074,0.35433738334732234,0.3607548773288727,410296000
2012-02-08,0.36075480140730926,0.3809240522522427,0.3589212281809854,0.3738189935684204,847612000
2012-02-09,0.37840300073399685,0.38046575401556754,0.3729022797792732,0.3735898733139038,561944000
2012-02-10,0.3699227470438398,0.3712979341912915,0.3623592723775011,0.3644220530986786,440268000
2012-02-13,0.373589877396304,0.3749650644805925,0.36258846268895994,0.37015193700790405,610668000
2012-02-14,0.37015189209350763,0.37542340551387066,0.3669431317269606,0.3722146451473236,453756000
2012-02-15,0.37565263078817135,0.3873416381902144,0.3696935236180475,0.3706102967262268,1110856000
2012-02-16,0.345169491749106,0.38000730328077187,0.3437943049120025,0.3770277500152588,1888588000
2012-02-17,0.3772569403706894,0.37977807969830163,0.35983803536939,0.3632759749889374,1020360000
2012-02-21,0.3630468715279439,0.3740482869095804,0.362359277943656,0.3651096522808075,518176000
2012-02-22,0.3632759691841941,0.3722146011232617,0.3621299893293231,0.36258837580680847,492432000
2012-02-23,0.36327598406209716,0.3667139237675103,0.3575460572307592,0.3646511435508728,323968000
2012-02-24,0.365797132727465,0.3662555465576627,0.36029643998826033,0.36190080642700195,366668000
2012-02-27,0.3573169507616738,0.3589213174880388,0.3495242694413954,0.3545666038990021,745268000
2012-02-28,0.3545664879687792,0.3586920205750499,0.34769058207678627,0.35135772824287415,699884000
2012-02-29,0.3525038563527132,0.35846296454986737,0.3470031621109741,0.3472323417663574,689196000
2012-03-01,0.34860730806812285,0.353649612481356,0.3472321217180107,0.3495240807533264,449944000
2012-03-02,0.34837809587414315,0.3575459318743133,0.34837809587414315,0.35250362753868103,684076000
2012-03-05,0.3499826981921798,0.35067029182125925,0.338064508803328,0.3405856490135193,514848000
2012-03-06,0.33668929898367705,0.3394396459933695,0.3314177846104113,0.3373768925666809,471400000
2012-03-07,0.33921048065495935,0.34081484753475766,0.3346265596713503,0.33943966031074524,441984000
2012-03-08,0.3403564693520428,0.3440236171589164,0.338522895448606,0.3405856490135193,430852000
2012-03-09,0.3415023539550258,0.34402352078124093,0.3378352071754979,0.33966878056526184,367836000
2012-03-12,0.34104386509541046,0.3433358243142494,0.33348039420878,0.33439716696739197,299948000
2012-03-13,0.33577241897695237,0.34081472477829283,0.33416802535270884,0.33898115158081055,553288000
2012-03-14,0.33898122877561526,0.33966882229654327,0.32820902135547847,0.32935500144958496,735708000
2012-03-15,0.330271749950451,0.3360016499934076,0.32912576994185966,0.33416807651519775,382380000
2012-03-16,0.3343972889037785,0.33600165547752864,0.3325637153956416,0.3346264958381653,428340000
2012-03-19,0.3364599856596836,0.3380643518343848,0.3339388192977872,0.3355431854724884,405400000
2012-03-20,0.33370969046890664,0.33370969046890664,0.3270630173381914,0.3300425708293915,449616000
2012-03-21,0.33004243134195643,0.33439714261165243,0.3263752859299861,0.33141759037971497,467840000
2012-03-22,0.3288966286547664,0.333709756580416,0.32797985539384455,0.33095940947532654,425372000
2012-03-23,0.3300425376478598,0.33439725032019824,0.32775055053540453,0.33348047733306885,315456000
2012-03-26,0.33668929898367705,0.33898125937880796,0.333480565359423,0.3373768925666809,288600000
2012-03-27,0.3387520075315385,0.34379431386165143,0.33806441409508736,0.33966878056526184,419968000
2012-03-28,0.3440234336249498,0.3520452912658496,0.3415022674374572,0.34746137261390686,892448000
2012-03-29,0.3470030871796499,0.35181618677125703,0.34264834679983197,0.3490658402442932,372700000
2012-03-30,0.35204527410487363,0.3550248265478557,0.3470029692979934,0.35296204686164856,527240000
2012-04-02,0.35204532156430474,0.355024874408962,0.3463154227562379,0.35135772824287415,407776000
2012-04-03,0.3538789709294332,0.35433735746842576,0.34379433046000474,0.34562790393829346,430476000
2012-04-04,0.3403563443501992,0.34471105686448267,0.3337096448066485,0.33577242493629456,495896000
2012-04-05,0.3362308681287909,0.3403564017616648,0.3341680876511941,0.3353140950202942,369424000
2012-04-09,0.3300426362144047,0.33210538971264086,0.3245419146819017,0.33095940947532654,365504000
2012-04-10,0.32958402228803857,0.3341679404560246,0.32293735187338185,0.32454171776771545,470360000
2012-04-11,0.32889652224273036,0.3357724287642915,0.32775054237618934,0.3286673426628113,372960000
2012-04-12,0.3291257310717717,0.338293570057771,0.32775054429494566,0.33646002411842346,384868000
2012-04-13,0.3334803745886727,0.3353139473203286,0.32431251093039315,0.32454171776771545,311324000
2012-04-16,0.32683373674200056,0.3277505096146678,0.3153739392220974,0.32064545154571533,463468000
2012-04-17,0.3215622874544212,0.32545861391052494,0.3201871005535292,0.3213330805301666,460696000
2012-04-18,0.319270211415757,0.3208745773352447,0.31399869997546204,0.3178950250148773,400764000
2012-04-19,0.31376960548054844,0.3256878190293646,0.3114776455399788,0.3130820393562317,667188000
2012-04-20,0.314915596189581,0.3158323965904627,0.30620614265395707,0.3068937361240387,509592000
2012-04-23,0.30162225324730374,0.30460180703869594,0.29589235261859625,0.30322661995887756,706244000
2012-04-24,0.30414340832248615,0.3066645754274924,0.2922251936322605,0.2938295602798462,730440000
2012-04-25,0.2981843169195162,0.30208064393548634,0.2926835958478627,0.2997886836528778,727112000
2012-04-26,0.2995595364749609,0.30253909062964784,0.29749675560372013,0.30001792311668396,539208000
2012-04-27,0.29955942675841246,0.3013929999760654,0.29428791400352833,0.29749664664268494,475356000
2012-04-30,0.2958921945608244,0.2995593399332338,0.293829415042979,0.2979549467563629,262268000
2012-05-01,0.2963507392044286,0.30643538070434656,0.2963507392044286,0.30322661995887756,408680000
2012-05-02,0.3020806947356227,0.30322667506964357,0.29291285206345596,0.2945172190666199,684008000
2012-05-03,0.29520471490146494,0.29703828829272233,0.28764124173897637,0.28947481513023376,419536000
2012-05-04,0.28764117343758483,0.28924553952810383,0.2809944748878479,0.2809944748878479,545092000
2012-05-07,0.2860369953880709,0.2908501241460943,0.28351582750104365,0.2858077883720398,604440000
2012-05-08,0.28328647250520245,0.2874120053824145,0.2782441666874163,0.2855784595012665,462312000
2012-05-09,0.28053616419481947,0.2890164379892107,0.27778581767986577,0.2867244780063629,520608000
2012-05-10,0.2894748373688229,0.28993322392127296,0.280077790093159,0.2846617102622986,597092000
2012-05-11,0.30826886035054335,0.3135403727856508,0.3016221612550381,0.30276814103126526,1435140000
2012-05-14,0.3002469895841584,0.30551850228244065,0.2940587039480508,0.3009345829486847,437472000
2012-05-15,0.3009344989561572,0.30758119652836097,0.29657978773343946,0.2979549467563629,599940000
2012-05-16,0.2984134349356791,0.3018513743349267,0.29107914235943333,0.29199594259262085,470484000
2012-05-17,0.29314196494939815,0.29589231140361644,0.2899332046508789,0.2899332046508789,335364000
2012-05-18,0.2906208478805187,0.2919960350043663,0.2754938988074834,0.2768690586090088,567288000
2012-05-21,0.27732745014023263,0.2830573504897581,0.2754938765639205,0.28168216347694397,416260000
2012-05-22,0.281452897367065,0.2819112837897028,0.27411860531561344,0.27824413776397705,410140000
2012-05-23,0.27526466585223136,0.28557851366248543,0.27113913219259367,0.2851200997829437,496000000
2012-05-24,0.28672443423842237,0.2871828207005565,0.2754938156434101,0.27755656838417053,520420000
2012-05-25,0.2773274696410543,0.28649531084494967,0.2773274696410543,0.28420335054397583,391752000
2012-05-29,0.2887871772670312,0.2933710963788391,0.2876411974890792,0.2915375232696533,310000000
2012-05-30,0.28832882367661067,0.2903915765830585,0.28305731063285755,0.28809961676597595,379792000
2012-05-31,0.28809956272997395,0.2892455424235751,0.2812236845683671,0.2848908305168152,358192000
2012-06-01,0.2789317311182556,0.28168207697697745,0.2741186053737585,0.27457699179649353,440984000
2012-06-04,0.2759522546356094,0.27755662121964175,0.26655520742263256,0.26884716749191284,432856000
2012-06-05,0.26747189338431265,0.27732732292924117,0.26747189338431265,0.2766397297382355,365224000
2012-06-06,0.27870256827777223,0.28466167468173814,0.2766398153884157,0.2839740812778473,368968000
2012-06-07,0.28809958432015376,0.28970397786927743,0.27228504696993017,0.2725142538547516,526780000
2012-06-08,0.2734310969764287,0.2787026107804191,0.2729727104113687,0.2777858376502991,370308000
2012-06-11,0.2867244006208056,0.2917667057577128,0.2803069089364189,0.2809944748878479,839080000
2012-06-12,0.28420331109630315,0.28947482452131656,0.2837449245641972,0.2867244780063629,496128000
2012-06-13,0.2864952727352805,0.2871828661985732,0.2777858192856491,0.2791610062122345,494276000
2012-06-14,0.27870250320322926,0.2809944624661694,0.27297260504587895,0.2757229506969452,589884000
2012-06-15,0.27778583670373064,0.281911370419853,0.2752646696210114,0.28168216347694397,385288000
2012-06-18,0.27961942994202815,0.28649531084494967,0.2773274696410543,0.28420335054397583,304424000
2012-06-19,0.2958922390204608,0.30781044961042275,0.29451705246860027,0.3034557104110718,960476000
2012-06-20,0.3064353905659607,0.3139988651037244,0.3046018168413025,0.3082689642906189,972720000
2012-06-21,0.308039647232264,0.308039647232264,0.2936002968795632,0.29428789019584656,516376000
2012-06-22,0.2979549467563629,0.3013929126194385,0.293829415042979,0.2979549467563629,865360000
2012-06-25,0.2981843518665946,0.29910112515815473,0.28741211541797557,0.28855809569358826,494616000
2012-06-26,0.29016242596808783,0.2938295456482,0.2860368924209325,0.29176679253578186,437152000
2012-06-27,0.29199606943885503,0.3032266654261635,0.29199606943885503,0.301163911819458,506064000
2012-06-28,0.2984134052581014,0.30528928337278216,0.2958922390204608,0.3034557104110718,545896000
2012-06-29,0.31056083999161743,0.3174367190937463,0.3103316330926205,0.31674912571907043,616508000
2012-07-02,0.3183536061150779,0.31858278575420873,0.3057477970039236,0.3082689642906189,581684000
2012-07-03,0.30826896446257024,0.3169784191678131,0.3080397575009893,0.31629082560539246,219284000
2012-07-05,0.3142280193265165,0.31560317889746764,0.3082689125521084,0.3130820393562317,280076000
2012-07-06,0.31079021624554387,0.3117070170993953,0.3036851530704387,0.3071230947971344,382760000
2012-07-09,0.30528937032172326,0.3066645572652484,0.3004762433417039,0.3029974102973938,306336000
2012-07-10,0.29978866762495904,0.30872732864262825,0.29153760011977514,0.2938295602798462,512028000
2012-07-11,0.294746264534938,0.2984134105230588,0.2876411794288207,0.28901636600494385,485216000
2012-07-12,0.2858077172901931,0.2862661038859235,0.2816821832839758,0.28420335054397583,472160000
2012-07-13,0.28443246773802205,0.2892455664576922,0.282598894611442,0.2878704071044922,324260000
2012-07-16,0.2860368990955842,0.2910792058498497,0.28328652511842156,0.28878724575042725,334460000
2012-07-17,0.2897040354566855,0.29130840200241226,0.27870259460002567,0.28351572155952454,447476000
2012-07-18,0.28282798944515913,0.30345564678658316,0.2814528305039343,0.29933011531829834,616008000
2012-07-19,0.3013929489159426,0.30620604705927223,0.29933016914967836,0.30230972170829773,403036000
2012-07-20,0.30047619989482144,0.3025389800118447,0.2903915608525532,0.29360032081604004,451000000
2012-07-23,0.2858076412871729,0.29955942675841246,0.2825989086480163,0.29749664664268494,451584000
2012-07-24,0.29795500901217037,0.29978858208148856,0.2908499509367422,0.29428789019584656,351164000
2012-07-25,0.29337122118356324,0.3029974772713709,0.29199606125839406,0.30001792311668396,415044000
2012-07-26,0.3055184474693795,0.30895641367520543,0.2991009560890204,0.30139294266700745,338440000
2012-07-27,0.30253901061430116,0.3098732769090815,0.30024702336722,0.308956503868103,376516000
2012-07-30,0.30895644470626554,0.31285277036779585,0.3029973391140576,0.3055184781551361,363552000
2012-07-31,0.30551854551951385,0.3146864128067794,0.30506015898573013,0.31033167243003845,387788000
2012-08-01,0.31216524963157305,0.31514480312038107,0.3055185491838754,0.3068937361240387,335912000
2012-08-02,0.3052894077274163,0.3126236752394405,0.30024707319822275,0.30803975462913513,367912000
2012-08-03,0.3128528117280893,0.3176659382136713,0.305518518545809,0.3144571781158447,326548000
2012-08-06,0.3174367832817428,0.32270829712377586,0.3169783967133748,0.32110393047332764,360324000
2012-08-07,0.32500031034845916,0.32775065753001753,0.32247914282734125,0.3243127167224884,407340000
2012-08-08,0.32408352134949,0.32958421544591626,0.3231667207852033,0.32614627480506897,517064000
2012-08-09,0.32660462537251395,0.3378352466196062,0.3261462388021331,0.33714765310287476,822300000
2012-08-10,0.3460863607445284,0.3488367078592157,0.33073020365306993,0.3350849449634552,1278744000
2012-08-13,0.3355433329391424,0.3396688672888554,0.33416814571513004,0.33943966031074524,447244000
2012-08-14,0.3405854513937954,0.34104386509541046,0.33302198050716497,0.33439716696739197,388828000
2012-08-15,0.3355432458739323,0.3382935922859857,0.33027173264614496,0.33187609910964966,594404000
2012-08-16,0.3348556478939537,0.3398979814569611,0.3337096679609642,0.33875200152397156,371008000
2012-08-17,0.33875197801979556,0.33875197801979556,0.33279287185279355,0.33577242493629456,309864000
2012-08-20,0.33462644508281836,0.33623081141322203,0.3307300917231475,0.33577242493629456,314392000
2012-08-21,0.33691845614137245,0.33898120926309916,0.3314177356129027,0.33485567569732666,340248000
2012-08-22,0.33279283955552735,0.33691837209212505,0.3316468598132676,0.3355431854724884,313556000
2012-08-23,0.33485571383970775,0.3350849208003719,0.32660464576830905,0.32797983288764954,379040000
2012-08-24,0.32797979528645893,0.3362308624119154,0.32729220180561774,0.3346264958381653,347724000
2012-08-27,0.3343973028809477,0.3353141033344962,0.32866740250497045,0.32889658212661743,340944000
2012-08-28,0.3263754335205051,0.33073014675944973,0.325687840029535,0.327521413564682,310764000
2012-08-29,0.3272920339877347,0.330271585995412,0.3266044408594545,0.3282088339328766,250412000
2012-08-30,0.32752143040285603,0.3286674105059489,0.3204163428347521,0.3220207095146179,307488000
2012-08-31,0.3243126968089762,0.32660465720659754,0.3183536161685545,0.32156234979629517,485064000
2012-09-04,0.31629079319378633,0.31743677323961345,0.3013930525980344,0.3043725788593292,694452000
2012-09-05,0.30551862697442145,0.30987336851218833,0.30208068607097016,0.30528944730758667,480256000
2012-09-06,0.30758130144068974,0.322937454018437,0.3073520945308693,0.3146863877773285,657296000
2012-09-07,0.3066647080313747,0.30918584890421896,0.2968092422947152,0.3071230947971344,781064000
2012-09-10,0.30643535933520966,0.31079007258042474,0.30368501268968856,0.3043725788593292,371108000
2012-09-11,0.3041434275748399,0.3128528821988846,0.3029974474222636,0.30803975462913513,382808000
2012-09-12,0.31056073946659163,0.3130819052502251,0.30758118735565376,0.31147751212120056,322608000
2012-09-13,0.31422805219776245,0.3153740322879277,0.30758135128141173,0.3135404586791992,433836000
2012-09-14,0.31331110086680747,0.32270814401023035,0.31331110086680747,0.3172074258327484,339468000
2012-09-17,0.31789510028854456,0.31789510028854456,0.3050601152488598,0.3084980547428131,493348000
2012-09-18,0.3050602202196624,0.31422808934717006,0.30483104056792704,0.310560941696167,359952000
2012-09-19,0.3112484155495337,0.318582680707507,0.30758126930939045,0.31422796845436096,451936000
2012-09-20,0.31354035469850655,0.31514472082821116,0.3094148222776151,0.3119359612464905,320596000
2012-09-21,0.3123943570219805,0.3151447027036266,0.3112483773777688,0.3133111298084259,340136000
2012-09-24,0.3082689125521084,0.31354042587988207,0.307810526028458,0.3130820393562317,357832000
2012-09-25,0.31720746701141406,0.31858265356488286,0.3068936498273307,0.3073520362377167,481544000
2012-09-26,0.3062060744280965,0.3064352813078269,0.2984134230296371,0.30208054184913635,436812000
2012-09-27,0.3027682122596352,0.3048309927355156,0.3002470452298879,0.3043725788593292,558888000
2012-09-28,0.30299734187298544,0.3101024272728275,0.2991009888536648,0.3057476878166199,485508000
2012-10-01,0.3071228956151438,0.30895646881136596,0.2995594232571737,0.3007054030895233,504236000
2012-10-02,0.30276828432754027,0.30276828432754027,0.29841357004577296,0.3018515110015869,295492000
2012-10-03,0.3025389614168352,0.30345573430873235,0.2972674489826438,0.29887181520462036,430872000
2012-10-04,0.29955945118168087,0.3139988038797643,0.2979550574089806,0.312165230512619,502608000
2012-10-05,0.313081973761605,0.31629070607720544,0.303684929045142,0.3048309087753296,483068000
2012-10-08,0.3036850849758196,0.3050602449647496,0.2995595503643776,0.3018515110015869,240596000
2012-10-09,0.30139298472384896,0.3023097576251241,0.29451707867503213,0.2954338788986206,366360000
2012-10-10,0.2940587410298947,0.29543392793236317,0.2892456141935729,0.29039159417152405,326568000
2012-10-11,0.2931419223923701,0.29405869530324397,0.28970398299312244,0.29199594259262085,320516000
2012-10-12,0.28993320164746883,0.2922251615559613,0.28764124173897637,0.28947481513023376,260696000
2012-10-15,0.28993323031746215,0.29337117052016093,0.2864952901147634,0.2931419909000397,249580000
2012-10-16,0.29566307595306757,0.3025389824086364,0.292912729764229,0.3016221821308136,367696000
2012-10-17,0.29795492905476834,0.30070530158182834,0.29497537703199017,0.29933011531829834,391752000
2012-10-18,0.2986426054531143,0.2986426054531143,0.2936002999514667,0.2947462797164917,254772000
2012-10-19,0.29039155325780913,0.29245433332088355,0.27595220210554416,0.27755656838417053,709412000
2012-10-22,0.2787025844826255,0.2803069782924285,0.2720559116106213,0.27434787154197693,480840000
2012-10-23,0.27182668015300704,0.2844324859599583,0.27113908677120024,0.28259891271591187,573948000
2012-10-24,0.2844324561007905,0.2855784358427274,0.2761813910299198,0.27893173694610596,332916000
2012-10-25,0.28122375927979426,0.28420331273918376,0.2780150262141861,0.2791610062122345,307356000
2012-10-26,0.27961936933079895,0.2812237357292484,0.2761814296245575,0.2761814296245575,389376000
2012-10-31,0.2773273649775271,0.27961932441351395,0.2738894258235468,0.27457699179649353,347112000
2012-11-01,0.27595219278084515,0.28787040432748734,0.2757229858963662,0.2876411974430084,473220000
2012-11-02,0.29062064768260004,0.29107903396734297,0.2844323645328117,0.28626590967178345,256700000
2012-11-05,0.28557841287527913,0.2995593755314251,0.28557841287527913,0.29841339588165283,444840000
2012-11-06,0.29910101879034656,0.29910101879034656,0.2931419398697533,0.29818424582481384,350804000
2012-11-07,0.29589224424093685,0.29772581723499725,0.2876411794288207,0.28901636600494385,324620000
2012-11-08,0.2922252003196307,0.299788674485414,0.28993324010710975,0.2906208336353302,839024000
2012-11-09,0.29222529767576494,0.29566323913991155,0.27847353181917833,0.2793903052806854,846280000
2012-11-12,0.27984852497126705,0.28099450477528637,0.27045147964938315,0.2732018530368805,643624000
2012-11-13,0.2718266786708739,0.27801499175107836,0.2709099057150069,0.27113908529281616,492120000
2012-11-14,0.27274339632793254,0.27549374168469676,0.2642631261046418,0.26449233293533325,619300000
2012-11-15,0.26609676770054735,0.2729726465344181,0.2638048080892571,0.2656383812427521,466688000
2012-11-16,0.26563840287949,0.2665551758697534,0.2555537633750121,0.2608252763748169,624552000
2012-11-19,0.2656383401141321,0.2690762789987735,0.2624295807617477,0.2681594789028168,404092000
2012-11-20,0.26712158517400525,0.26827495880175534,0.2622774049380164,0.26504552364349365,336976000
2012-11-21,0.26504545282578457,0.27334972422760234,0.2648147671624331,0.27265772223472595,422312000
2012-11-23,0.2738111121083129,0.2777325761322477,0.27242705304170495,0.2745031416416168,276932000
2012-11-26,0.27496437519836936,0.28003921057589365,0.2745030315274271,0.27934718132019043,364600000
2012-11-27,0.27819393331904957,0.2846528301084064,0.27588718642989296,0.2805006802082062,451404000
2012-11-28,0.2793472896416814,0.2841914688114342,0.2758871695200265,0.2828074097633362,398332000
2012-11-29,0.2832688505558552,0.2846528824446619,0.2768099525789659,0.27773264050483704,488688000
2012-11-30,0.2775018329474603,0.27957792111713853,0.2745030847555667,0.27611780166625977,460504000
2012-12-03,0.279577987956967,0.279577987956967,0.27035100054869077,0.27104300260543823,391380000
2012-12-04,0.27150427384311343,0.27957788484778257,0.2698895296433145,0.27911654114723206,528068000
2012-12-05,0.27680981686072303,0.2786551918076888,0.2719656388784791,0.2758871018886566,633024000
2012-12-06,0.2751949797300583,0.27819375425547416,0.2742722925677339,0.276348352432251,412896000
2012-12-07,0.27657913124306055,0.2779631899518684,0.272657668232883,0.2758871018886566,338288000
2012-12-10,0.2758872105594759,0.2871902878040855,0.2751951809324844,0.28511419892311096,513644000
2012-12-11,0.286036909584823,0.29549458350244945,0.28534487996913915,0.291803777217865,816724000
2012-12-12,0.2927264698172099,0.2943411871294103,0.28765160469516304,0.2888049781322479,399404000
2012-12-13,0.2883436483141447,0.2945718596783155,0.2862675870256189,0.2890356779098511,377556000
2012-12-14,0.2901890395714335,0.2934184742216001,0.28811295086896177,0.29041969776153564,338660000
2012-12-17,0.2897276596004011,0.2913423767243343,0.28488348073001285,0.28926628828048706,445232000
2012-12-18,0.2892662569610881,0.29295706212925815,0.28834356941833844,0.2897276282310486,416436000
2012-12-19,0.291803777217865,0.2952638977976902,0.29065040369125655,0.291803777217865,458544000
2012-12-20,0.2929571089757053,0.2931877946475743,0.28834361552704696,0.29157307744026184,334332000
2012-12-21,0.28765152956718676,0.28765152956718676,0.2816539782613315,0.28488343954086304,462172000
2012-12-24,0.28465277075364454,0.2855754858160612,0.2816539949233164,0.28257670998573303,127376000
2012-12-26,0.2818847557101939,0.2864982497564128,0.2811927261035423,0.28234609961509705,196740000
2012-12-27,0.28280742709736273,0.28326879847406766,0.27727124556282373,0.2805006802082062,299804000
2012-12-28,0.277963168146565,0.2834993475503341,0.2775017969474331,0.27911654114723206,220600000
2012-12-31,0.27819391626779644,0.2839607831372211,0.2775018867437474,0.2828074097633362,326460000
2013-01-02,0.28972762975123584,0.29364909307637616,0.28857425656745417,0.29341840744018555,478836000
2013-01-03,0.2934183917915786,0.2968785111583882,0.29018895804865674,0.2936490774154663,298888000
2013-01-04,0.2941105861545423,0.30426029182344017,0.29318789813855145,0.30333760380744934,524968000
2013-01-07,0.3031068628634133,0.304029550711398,0.29249581511861605,0.2945718765258789,610732000
2013-01-08,0.29526377283508587,0.2961864877650142,0.2860367885272964,0.2881128489971161,466424000
2013-01-09,0.29041964229980327,0.2918037011704693,0.27980862511951526,0.2816540002822876,695020000
2013-01-10,0.28419140080964267,0.2855754595265608,0.28050059589691667,0.2821153402328491,506368000
2013-01-11,0.28326874479759356,0.28349940294364673,0.27888591003954233,0.2816540002822876,513172000
2013-01-14,0.28349936100498063,0.28349936100498063,0.2781938394504004,0.28142330050468445,305684000
2013-01-15,0.2800391560786973,0.2800391560786973,0.27473363614889607,0.276348352432251,375888000
2013-01-16,0.27588709570249753,0.2811926173025183,0.27588709570249753,0.2788858711719513,337376000
2013-01-17,0.27980861979565563,0.28373008318981413,0.27911659037348974,0.28257670998573303,580736000
2013-01-18,0.28257663309832154,0.28257663309832154,0.2772711123034317,0.2807312309741974,397088000
2013-01-22,0.28050055424683595,0.2830379856848879,0.2779631503073636,0.27934718132019043,308224000
2013-01-23,0.2802699245931408,0.28050058270272166,0.2768098054621863,0.27980858087539673,421808000
2013-01-24,0.2788859729638534,0.2823460934226296,0.2775019137809057,0.28119271993637085,396980000
2013-01-25,0.2816539106556276,0.2864980876628794,0.28026987972396855,0.2862674295902252,393920000
2013-01-28,0.28765160538369666,0.2927264705178909,0.2869595758200709,0.29088106751441956,422492000
2013-01-29,0.28972766397487304,0.29041966596801505,0.2834994260478826,0.28465279936790466,388872000
2013-01-30,0.2848834889185168,0.28880495276038154,0.2832687717481712,0.28419145941734314,287592000
2013-01-31,0.2841914688114342,0.2874209307574663,0.28096203436399253,0.2828074097633362,470544000
2013-02-01,0.2851142129808114,0.28626761408172924,0.2828074657761673,0.2853448987007141,288816000
2013-02-04,0.2837301423521806,0.2894970095750721,0.2802700220184457,0.2805006802082062,511744000
2013-02-05,0.2818847506673449,0.2885743334138436,0.28096206287404524,0.28695958852767944,367296000
2013-02-06,0.2800393060878163,0.2869595460079488,0.2784245889395032,0.28465279936790466,530688000
2013-02-07,0.2837301650005899,0.2860369120738797,0.2807313883055943,0.28349947929382324,440000000
2013-02-08,0.2853448987007141,0.28765164590535824,0.2834994954372797,0.2853448987007141,307232000
2013-02-11,0.2876515038247444,0.2915729941345619,0.2848834140461419,0.28857421875,408308000
2013-02-12,0.28603685925615624,0.2899583230569178,0.28557551542640586,0.2867288887500763,277804000
2013-02-13,0.2869596162442458,0.29226514031464645,0.2844222108182948,0.2853448987007141,856396000
2013-02-14,0.2814233168196889,0.293879763039354,0.27796319745287934,0.2936490774154663,882096000
2013-02-15,0.29295704804238754,0.29503313616162385,0.2871901824310382,0.2936490774154663,733860000
2013-02-19,0.29387977717059344,0.29411043530698805,0.2878822256469636,0.2897276282310486,433552000
2013-02-20,0.29065034608284923,0.29526383927486455,0.28465279393379395,0.2855755090713501,713012000
2013-02-21,0.2851141967454073,0.28834365914716953,0.28280744967211746,0.28349947929382324,580408000
2013-02-22,0.28534485782099334,0.2890356638191016,0.2837301405087929,0.2888049781322479,370148000
2013-02-25,0.28949698622452313,0.29180373292761974,0.28326877562588026,0.2837301194667816,644444000
2013-02-26,0.28431041375733973,0.2887201109390751,0.28338203752566427,0.28709548711776733,487504000
2013-02-27,0.28709548649277167,0.29452238566080974,0.2863992112373557,0.29243355989456177,476980000
2013-02-28,0.291505174627177,0.29823577002501317,0.2903447252367021,0.29382607340812683,591392000
2013-03-01,0.2917372414158248,0.2959148646620714,0.2891842694139429,0.2949865162372589,389396000
2013-03-04,0.29289769729536935,0.29661114641180747,0.29057679851441953,0.29382607340812683,353680000
2013-03-05,0.2954507075400441,0.2975395054503465,0.2940581571549779,0.2970753312110901,366168000
2013-03-06,0.2989319684191684,0.3017170407075693,0.29545062114184517,0.29684317111968994,342928000
2013-03-07,0.2984677676368505,0.3014849405409625,0.29452224660868237,0.29614686965942383,314824000
2013-03-08,0.2968432251316371,0.2989320228111816,0.29545067490041155,0.29753947257995605,246464000
2013-03-11,0.294522372256449,0.29591489503660484,0.29220144562159306,0.2947544455528259,299748000
2013-03-12,0.2942902672691106,0.29661116620493616,0.2915051940795796,0.295682817697525,310856000
2013-03-13,0.295682817697525,0.3007887898228816,0.29289771684069627,0.295682817697525,485840000
2013-03-14,0.29753948212331144,0.2984678581963367,0.2940581341008798,0.2959148585796356,383304000
2013-03-15,0.29591484426048564,0.29591484426048564,0.2922013954826657,0.2933618724346161,355776000
2013-03-18,0.29150512856680183,0.2940581002220772,0.2891842301525744,0.2912730276584625,298312000
2013-03-19,0.29150507838030243,0.29289760058872266,0.2873274564204682,0.28941625356674194,355480000
2013-03-20,0.2922013368918215,0.2938259876984087,0.2896483655778618,0.29289761185646057,340588000
2013-03-21,0.2912730740975741,0.29173724832096687,0.28779172592118424,0.288255900144577,339032000
2013-03-22,0.2891842692483241,0.2908088928244631,0.28802381988432546,0.2896484434604645,232476000
2013-03-25,0.2912729863048657,0.2915050871802525,0.285934915176559,0.2880237400531769,362076000
2013-03-26,0.2887200643425331,0.29034471556893776,0.28755961499069826,0.29011261463165283,232540000
2013-03-27,0.28895211668994686,0.2952185366026416,0.2882558416624718,0.2935939133167267,254944000
2013-03-28,0.2928976749319322,0.2980036739940033,0.2908088772554804,0.2977715730667114,349276000
2013-04-01,0.2970752315166584,0.2970752315166584,0.285934915176559,0.2880237400531769,442828000
2013-04-02,0.2882559497363066,0.28895222502483137,0.28314997706595935,0.28500670194625854,371524000
2013-04-03,0.2845424301159096,0.286167081279356,0.27943645869916145,0.28152528405189514,353156000
2013-04-04,0.2805968922410962,0.28523868920776435,0.2796685439146795,0.28431034088134766,294676000
2013-04-05,0.28013266394601505,0.28918418288230896,0.27943638900210216,0.28918418288230896,551352000
2013-04-08,0.28941634907664227,0.28941634907664227,0.28314992790256105,0.2884880006313324,326660000
2013-04-09,0.2887200187052239,0.2952185395817516,0.28663122126901064,0.29312974214553833,380584000
2013-04-10,0.29336187678651593,0.2982357472540014,0.29266560167193406,0.2977715730667114,384688000
2013-04-11,0.29359395689482626,0.29823575421058723,0.2854708115922445,0.296379029750824,969220000
2013-04-12,0.297771570124424,0.30705516444766734,0.2952185706186147,0.3038059175014496,770548000
2013-04-15,0.30287754490992885,0.3038059209531771,0.2956827758280471,0.29753947257995605,430420000
2013-04-16,0.3003245859772727,0.3028775579547499,0.29869993474843853,0.3007887601852417,468844000
2013-04-17,0.29846779431564974,0.3012528666040506,0.2949864470383265,0.29684317111968994,532948000
2013-04-18,0.2975394178066508,0.2993961418840537,0.29104089736938477,0.29104089736938477,402548000
2013-04-19,0.2908089396628153,0.29266566447772047,0.287095490033005,0.29173728823661804,303028000
2013-04-22,0.29150521181852823,0.2947544594594911,0.28918431274146916,0.2922014594078064,245568000
2013-04-23,0.2947543012704971,0.30287744368066866,0.2942901272376585,0.29986029863357544,376948000
2013-04-24,0.3007887673725519,0.312625362128719,0.30055666642937384,0.3100723624229431,556556000
2013-04-25,0.31169700017011076,0.3133216236999988,0.30891189964196625,0.31262534856796265,353224000
2013-04-26,0.31216112155550785,0.31262529567590164,0.30960812239240715,0.3112327456474304,324332000
2013-04-29,0.31169683982632296,0.3161065339486163,0.3103042902786092,0.31494608521461487,269712000
2013-04-30,0.3156425132669522,0.3195880353450775,0.31355368793103156,0.3195880353450775,276712000
2013-05-01,0.31958799130781496,0.32167681635590833,0.3156424697733583,0.3168029189109802,341316000
2013-05-02,0.31657071061500663,0.32144460640638983,0.31471398709127585,0.3205162584781647,323480000
2013-05-03,0.32260516622055,0.32422978948792835,0.32074844205756475,0.3219088912010193,293864000
2013-05-06,0.3219088971235702,0.32376562132071585,0.3191238246614969,0.3209805488586426,217116000
2013-05-07,0.3209805413398772,0.32167681635590833,0.3137857456197052,0.3168029189109802,448068000
2013-05-08,0.31726712063042795,0.3244619169764479,0.31610667139186294,0.3226051926612854,334032000
2013-05-09,0.3168028875580452,0.3242297557703551,0.3163387134823922,0.322837233543396,566800000
2013-05-10,0.3295678674322829,0.33885148842611107,0.3295678674322829,0.33745893836021423,861136000
2013-05-13,0.33513807858268035,0.33653062880877543,0.3291037311593267,0.33049628138542175,289812000
2013-05-14,0.33444174750191574,0.33815519570520686,0.33119250107450277,0.33537012338638306,454140000
2013-05-15,0.33374555842281517,0.3423329061451894,0.33374555842281517,0.341172456741333,313172000
2013-05-16,0.3407082323694348,0.3441895800686358,0.3383873062360087,0.3395477831363678,308368000
2013-05-17,0.3411724342207071,0.347438855054429,0.3386194346338268,0.3451179563999176,312116000
2013-05-20,0.3437253798630683,0.34581420509281796,0.342564930624527,0.3444216549396515,236380000
2013-05-21,0.34640448613360914,0.3494369859589569,0.3424389222733082,0.34803736209869385,357784000
2013-05-22,0.34943702637538576,0.34943702637538576,0.3345078054345651,0.3359074294567108,480404000
2013-05-23,0.3319416678296324,0.34243878701987984,0.3310086041632124,0.3412724435329437,393884000
2013-05-24,0.33940638822844493,0.3422056078589158,0.3354407969601283,0.3391731083393097,283304000
2013-05-28,0.3417391532385156,0.3426722173905877,0.335674152826537,0.338939905166626,279300000
2013-05-29,0.33684042096138,0.3389398287340338,0.3354407972410572,0.33684042096138,335052000
2013-05-30,0.3363737897646831,0.34477147399375213,0.3354406982904408,0.3412724435329437,284504000
2013-05-31,0.3394063648544391,0.3443049919184502,0.3375402092933655,0.3375402092933655,577508000
2013-06-03,0.33800671774818275,0.3405726849423633,0.3300755641166052,0.3370736539363861,444468000
2013-06-04,0.3391730849813692,0.3452380836029012,0.33544077385922205,0.3375402092933655,363676000
2013-06-05,0.33707366476006695,0.3396396042288152,0.3293757629303401,0.33030885457992554,464520000
2013-06-06,0.33030884191085835,0.3349742165563617,0.33007556205545263,0.33240824937820435,341044000
2013-06-07,0.33474093879124145,0.33917306141684184,0.3333413430735465,0.3370736539363861,274584000
2013-06-10,0.3361406091012186,0.3389398287340338,0.334274453410065,0.33684042096138,224148000
2013-06-11,0.3324083048854547,0.3370737081178375,0.3305421769618988,0.3305421769618988,296336000
2013-06-12,0.33217505762946514,0.3349742773633366,0.3258767784684649,0.32774293422698975,312588000
2013-06-13,0.32657661398825855,0.3368404574990243,0.32634336188145713,0.33520758152008057,236256000
2013-06-14,0.3363739599193961,0.33684049198860133,0.3324083678115614,0.3347410559654236,236012000
2013-06-17,0.3373069825310969,0.34103929424091667,0.3354408266761871,0.33800679445266724,255336000
2013-06-18,0.3396397138360387,0.34337202602320294,0.3331081814124194,0.3359074294567108,486772000
2013-06-19,0.3389396817227162,0.36110023270750585,0.3377733383976124,0.3461710214614868,1159588000
2013-06-20,0.3433719519765024,0.3438384839473332,0.3345077332993956,0.33684042096138,628696000
2013-06-21,0.33870664313119375,0.33987298719110676,0.3307754868390839,0.3363739550113678,714228000
2013-06-24,0.3314752090924293,0.3356740521328812,0.3244771466276189,0.3293757736682892,580772000
2013-06-25,0.33287489441352625,0.33357467854346357,0.328209490764332,0.33170855045318604,457360000
2013-06-26,0.3354407981076852,0.33590735788755177,0.32844273510365213,0.32984235882759094,579752000
2013-06-27,0.3307754770447135,0.3312420090932973,0.3233108808438667,0.32680991291999817,808036000
2013-06-28,0.3268097703711467,0.3307753327661513,0.32261092814968534,0.3275095820426941,431536000
2013-07-01,0.3298423995854798,0.3305422115339234,0.3268098996807801,0.328909307718277,199524000
2013-07-02,0.3270431115240334,0.33357464255891267,0.3256435156073075,0.3286760151386261,256392000
2013-07-03,0.3258767549996816,0.3335746295693213,0.3258767549996816,0.32960906624794006,140388000
2013-07-05,0.33054214074508215,0.3328748282017703,0.328442705349366,0.33217501640319824,184684000
2013-07-08,0.3331081167607037,0.3347409925977306,0.32867602123051187,0.3305421769618988,262084000
2013-07-09,0.3312419247358262,0.3342744239910864,0.33030886087628214,0.33217501640319824,157364000
2013-07-10,0.33217500370426783,0.33754019021110704,0.33124191207256753,0.33660709857940674,208468000
2013-07-11,0.33847319691803923,0.3417389753661537,0.3377733852643131,0.3412724435329437,239832000
2013-07-12,0.34057282093981894,0.3447716653852384,0.33940647680541564,0.34150588512420654,216360000
2013-07-15,0.3422056012751545,0.3422056012751545,0.3354407905065165,0.3408059775829315,201332000
2013-07-16,0.3422055776745923,0.34453826512886787,0.34057270201816503,0.34267210960388184,162560000
2013-07-17,0.3426721332366189,0.3438384770441948,0.3398729136600028,0.3408059775829315,166100000
2013-07-18,0.34033949477898046,0.34150583875501916,0.3349743069276354,0.33940643072128296,344488000
2013-07-19,0.3373069232463466,0.33893979890446274,0.328675985218166,0.33217501640319824,480532000
2013-07-22,0.3347410332637426,0.3377735332196707,0.33054221711781767,0.3319418132305145,292384000
2013-07-23,0.3361406335366491,0.3361406335366491,0.32984238195301174,0.33147525787353516,246792000
2013-07-24,0.3345077576161257,0.3354408216256155,0.33100872586879027,0.33147525787353516,284252000
2013-07-25,0.33124182935675694,0.3370735741270899,0.32890914257175174,0.33264145255088806,243320000
2013-07-26,0.3286760254620443,0.3333414009466603,0.3286760254620443,0.3312419652938843,227360000
2013-07-29,0.3305421769618988,0.3347409925977306,0.3296090851922899,0.3305421769618988,179540000
2013-07-30,0.3317085368845316,0.34057275618208976,0.3314752569788726,0.33614063262939453,266076000
2013-07-31,0.3345077332993956,0.340106172565026,0.334274453410065,0.33684042096138,270160000
2013-08-01,0.33800685272099656,0.342205697166416,0.33404128822559287,0.34150588512420654,277648000
2013-08-02,0.34080606572907524,0.3450049100839042,0.3384733775105966,0.3443050980567932,209628000
2013-08-05,0.3433720289760165,0.3471043411952766,0.34150587286638645,0.3459379971027374,185188000
2013-08-06,0.3461711646593465,0.346870976505458,0.34010616573682,0.3408059775829315,206608000
2013-08-07,0.33893987059890285,0.3440718063354147,0.33870661848859207,0.3405727744102478,244380000
2013-08-08,0.3424389297605005,0.3445383377889639,0.33847333800566143,0.3429054617881775,345696000
2013-08-09,0.32937582709968816,0.34313870219779474,0.32914257499772,0.33800679445266724,906224000
2013-08-12,0.32424392607324365,0.3401062094569119,0.30581567485992556,0.33520758152008057,257568000
2013-08-13,0.33567414301385284,0.33777355119856184,0.3335747070213079,0.3363739550113678,197468000
2013-08-14,0.3356740367249541,0.35270266016925317,0.33544075686370367,0.35060325264930725,828508000
2013-08-15,0.3468710002934254,0.35573521940046476,0.345471376505218,0.3529359996318817,723616000
2013-08-16,0.3522362297699839,0.3592342939304335,0.35153641779237194,0.3543356657028198,660456000
2013-08-19,0.35223615193539115,0.3534024957044025,0.34850384075142304,0.34873712062835693,393432000
2013-08-20,0.34861986323404826,0.3528398766259755,0.34815097906784165,0.35049542784690857,234192000
2013-08-21,0.3483854507916859,0.3528399207983934,0.3474476823418725,0.3488543629646301,261540000
2013-08-22,0.3486199509233797,0.354012190061165,0.3486199509233797,0.35072997212409973,129016000
2013-08-23,0.35119885640824605,0.354012190061165,0.3500266317238597,0.35072997212409973,245120000
2013-08-26,0.3509643630933554,0.352371043744741,0.350026594624457,0.35143324732780457,300152000
2013-08-27,0.3481509482887383,0.35049539686053877,0.34580649971693794,0.34697872400283813,277464000
2013-08-28,0.34768206416398456,0.3502609408241461,0.3455720436805453,0.34697872400283813,318824000
2013-08-29,0.3458066538723251,0.3495577844386158,0.3448688572567305,0.34627553820610046,276216000
2013-08-30,0.3465099390257248,0.34744770754355814,0.3441654897831021,0.3458065986633301,378120000
2013-09-03,0.3467444238131442,0.3509644387287063,0.3439310898521174,0.34604108333587646,284680000
2013-09-04,0.346040967950313,0.35143320588062626,0.3455720837711629,0.34932321310043335,222080000
2013-09-05,0.34791658339535825,0.35166771327212754,0.34768215524558443,0.35026103258132935,174904000
2013-09-06,0.35049547172582235,0.3523710365734867,0.34627545780558694,0.3488543629646301,226756000
2013-09-09,0.3516676772798914,0.3547154664993286,0.3507299088806966,0.3547154664993286,246408000
2013-09-10,0.35729439794136214,0.3624521804144276,0.35565326119935387,0.3622177243232727,292132000
2013-09-11,0.3617488785116852,0.3692511388490284,0.3591699730272183,0.36831334233283997,396164000
2013-09-12,0.36643769132646425,0.37276772549534093,0.36643769132646425,0.3680788278579712,303808000
2013-09-13,0.36925115183478185,0.37206448558620386,0.3666722462596206,0.3704233765602112,159696000
2013-09-16,0.3734711633039837,0.3760500409094764,0.36925114873821907,0.3706578016281128,231412000
2013-09-17,0.3720644724906385,0.3748778061430395,0.370423363522408,0.371830016374588,168608000
2013-09-18,0.37206447555488203,0.3760500339242777,0.3701889104551543,0.37511226534843445,268168000
2013-09-19,0.37675332862450056,0.3774566689450782,0.3718299743284951,0.37347111105918884,227572000
2013-09-20,0.3744089061633795,0.3767533554334388,0.36948555151703905,0.3701888918876648,356036000
2013-09-23,0.3699544356435605,0.37300222528310967,0.36456219673482587,0.36667221784591675,271244000
2013-09-24,0.3669066034486288,0.36948548038036144,0.3647965827429917,0.3680788278579712,229732000
2013-09-25,0.367375513107759,0.3713610707863963,0.3657343764624057,0.3685477375984192,233156000
2013-09-26,0.3694854858383929,0.370188826083995,0.3652654723128153,0.3673754930496216,148816000
2013-09-27,0.3645621780924977,0.3676099675761944,0.3631555253717412,0.36526551842689514,151920000
2013-09-30,0.36151439128607876,0.3673755137496198,0.3594043704303821,0.36479660868644714,226640000
2013-10-01,0.3652655538234235,0.3669066907454002,0.36245222016124234,0.3645622134208679,226976000
2013-10-02,0.36081108474364243,0.3657344113046211,0.36081108474364243,0.3643277585506439,162036000
2013-10-03,0.3645621274445217,0.36784437256636715,0.35893546144712163,0.3605765700340271,436768000
2013-10-04,0.3601077346821797,0.36854776277060997,0.3591699382567773,0.36549997329711914,246228000
2013-10-07,0.36409329263303464,0.3680788785319279,0.3622177277302681,0.36549997329711914,169952000
2013-10-08,0.3645621722146311,0.3697199826183604,0.3596388458493049,0.3624521791934967,290712000
2013-10-09,0.3647965534316009,0.36503100947384465,0.35494987477391166,0.35682541131973267,275860000
2013-10-10,0.35940443349392803,0.3617488828907175,0.35682552797824313,0.36081111431121826,223484000
2013-10-11,0.35518435554790406,0.35963882537498193,0.35401213105888935,0.35776326060295105,213704000
2013-10-14,0.3568253912899461,0.36315542459487915,0.3568253912899461,0.36315542459487915,166628000
2013-10-15,0.3631554395056345,0.3652654320618924,0.3610454190013449,0.3612798750400543,208820000
2013-10-16,0.36338991963201717,0.3671410491003214,0.3629210354354881,0.36573436856269836,210072000
2013-10-17,0.3629211185763654,0.36737558933394704,0.3629211185763654,0.36643779277801514,213324000
2013-10-18,0.3657344466433804,0.37183002634371176,0.3643277937534867,0.3706578016281128,255068000
2013-10-21,0.37511220521981037,0.3753466333521729,0.3704233071961187,0.3715955317020416,195008000
2013-10-22,0.3715956069306491,0.371830035110471,0.36643779570197277,0.3697200417518616,179452000
2013-10-23,0.36901672436451216,0.36901672436451216,0.36221780366026285,0.3633900284767151,252216000
2013-10-24,0.36432778840640245,0.3666722378031919,0.36010777390257315,0.36081111431121826,236436000
2013-10-25,0.3626865887162157,0.3629210168284432,0.35612212645726266,0.35729435086250305,330492000
2013-10-28,0.35682556345760646,0.35846670055697133,0.3516677798614366,0.356591135263443,394024000
2013-10-29,0.3561222762644286,0.3577633855325108,0.352840029780218,0.357060045003891,387952000
2013-10-30,0.35823209167713066,0.3598732001287402,0.3537776225107252,0.35682541131973267,204032000
2013-10-31,0.3572945399555861,0.3598734182431292,0.355418974324978,0.35612231492996216,293368000
2013-11-01,0.35799768873193216,0.35940436929796443,0.35518435554790406,0.35776326060295105,206136000
2013-11-04,0.35893560329931923,0.35893560329931923,0.3467444422402526,0.34744778275489807,410264000
2013-11-05,0.3453376155921842,0.3486198324134921,0.3415864866980909,0.34697872400283813,422368000
2013-11-06,0.346978764256648,0.34955766916402575,0.34346209099096997,0.34932321310043335,198044000
2013-11-07,0.34815105780291344,0.3490888263474049,0.3404143694927181,0.3411177098751068,553076000
2013-11-08,0.3516676831889006,0.36596883317915535,0.3502610026184362,0.36479660868644714,734532000
2013-11-11,0.36338999177328374,0.36878223097394114,0.36268667931288434,0.36784446239471436,297624000
2013-11-12,0.36948550601173274,0.37159552686374286,0.36432772384243534,0.3685477375984192,316032000
2013-11-13,0.367609947040935,0.3786288797855377,0.3669066346938641,0.3786288797855377,332792000
2013-11-14,0.37745670050528013,0.3826144833740427,0.3772222443961381,0.3802700340747833,307980000
2013-11-15,0.3816766647939582,0.3821455490027291,0.3753466301574229,0.37909775972366333,450332000
2013-11-18,0.37089226337528974,0.3741744814495273,0.3690166982122788,0.3699544668197632,316948000
2013-11-19,0.3681864739876191,0.3714864663332767,0.36347218315131397,0.36394360661506653,206716000
2013-11-20,0.3641794357577524,0.36512231112500393,0.3578151464512546,0.35852229595184326,204776000
2013-11-21,0.3589938067376823,0.36205810325121035,0.35734380956867695,0.361350953578949,213568000
2013-11-22,0.3618222292114883,0.3618222292114883,0.3571079374588011,0.35781508684158325,158668000
2013-11-25,0.3578151723353016,0.3660651848737014,0.3578151723353016,0.3655937612056732,248208000
2013-11-26,0.3696008235183201,0.3726651188379276,0.3672436775954522,0.3686579763889313,753176000
2013-11-27,0.3684222804431107,0.37125087825952335,0.3660651343290323,0.37007230520248413,181272000
2013-11-29,0.37007226446724295,0.37101511156933237,0.3653579446586109,0.36771509051322937,116964000
2013-12-02,0.3663008793081404,0.3738437416471939,0.36559372981711047,0.3712508976459503,373872000
2013-12-03,0.3712510362389518,0.37620102832526064,0.3686581631703542,0.3710153102874756,290560000
2013-12-04,0.37007240922790685,0.37690812364045856,0.3691295336575992,0.37620097398757935,493176000
2013-12-05,0.3769080176935522,0.3769080176935522,0.36960085350014993,0.37007230520248413,271812000
2013-12-06,0.37455085309841313,0.37455085309841313,0.36370797026890195,0.3646508455276489,281000000
2013-12-09,0.36465088749107816,0.3658294606255926,0.3578151464512546,0.35852229595184326,385220000
2013-12-10,0.3585223115463681,0.3684223206870265,0.358050887891937,0.366772323846817,524268000
2013-12-11,0.36747941493026937,0.36795083850972016,0.36252939709754384,0.36323654651641846,414156000
2013-12-12,0.36205803668936,0.3639437594355777,0.3554580211272988,0.35616517066955566,258724000
2013-12-13,0.3568723203226156,0.3594651645124936,0.3535722984908596,0.35404372215270996,184588000
2013-12-16,0.35427943751401253,0.357579431148383,0.3540437116403857,0.3545151352882385,237620000
2013-12-17,0.35427944792333793,0.3571080179929637,0.35121515197315933,0.35616517066955566,274104000
2013-12-18,0.3568723165925095,0.3618223071393027,0.3523937216032379,0.36111515760421753,426232000
2013-12-19,0.36064373388866133,0.3630008802722943,0.3582865875050284,0.362529456615448,258544000
2013-12-20,0.36323658355129373,0.3700723244981778,0.36229370819686163,0.36983659863471985,382080000
2013-12-23,0.37195804715156555,0.37502234311137317,0.3688937792911597,0.37195804715156555,168568000
2013-12-24,0.3740794464749309,0.3740794464749309,0.3691294284154771,0.3729008734226227,79600000
2013-12-26,0.37431526438065005,0.3754938377228053,0.3684223695704689,0.36936524510383606,168920000
2013-12-27,0.371250906444052,0.37219375372150293,0.369129457920687,0.3714866042137146,210976000
2013-12-30,0.3717223283861606,0.37667234681868583,0.37125090474958683,0.37643662095069885,248180000
2013-12-31,0.3771437599683773,0.37950090618510346,0.3747866137516511,0.37761518359184265,235776000
2014-01-02,0.37525805834716097,0.3766723573959973,0.370543765650241,0.3738437592983246,260092000
2014-01-03,0.3745509621894381,0.37525811181461227,0.36818667176168085,0.36936524510383606,259332000
2014-01-06,0.3731365712818046,0.37714374214033475,0.3696008521238531,0.37431517243385315,409492000
2014-01-07,0.37808660560529256,0.3818580507757541,0.3754937616375746,0.3804437518119812,333288000
2014-01-08,0.38185800063912334,0.3875151676520493,0.380443701861043,0.38562944531440735,308192000
2014-01-09,0.37973660724011066,0.3804437567311406,0.370072324527367,0.3712508976459503,292172000
2014-01-10,0.3724294197228541,0.3750222633687469,0.3674794020634471,0.3707793951034546,218492000
2014-01-13,0.37077941869249254,0.3731365647565729,0.36135083443617105,0.36205798387527466,243332000
2014-01-14,0.36394373145370496,0.37407946584836116,0.3622937066155008,0.37337231636047363,241828000
2014-01-15,0.37502221222214466,0.3787936564101321,0.3733722159271721,0.3773793578147888,175044000
2014-01-16,0.3773793476912269,0.3792650697346343,0.3757293514405171,0.3785579204559326,220652000
2014-01-17,0.378557911086811,0.38303650434148456,0.37455076940586457,0.37690791487693787,340400000
2014-01-21,0.37737942802302876,0.3806794493263067,0.37431516066202397,0.3783223032951355,246076000
2014-01-22,0.37902946320779024,0.3795008868071839,0.3733722957168718,0.37785089015960693,337940000
2014-01-23,0.37667234681868583,0.3806794898786633,0.37360805103185596,0.37643662095069885,185028000
2014-01-24,0.3733723393070563,0.37478663836975096,0.366772323846817,0.366772323846817,246696000
2014-01-27,0.36677228508231247,0.3719580009317741,0.3622936905900606,0.36441513895988464,233812000
2014-01-28,0.36370801752086923,0.3681866123581216,0.36229371849870523,0.3679508864879608,167996000
2014-01-29,0.3665365592303104,0.36865800760013445,0.36417941310788254,0.36441513895988464,162944000
2014-01-30,0.36653660653782083,0.3712509274905346,0.3653580333244929,0.37054377794265747,202896000
2014-01-31,0.36535798487492915,0.3721937254653954,0.36512228712316025,0.37007230520248413,335348000
2014-02-03,0.37266521127438634,0.3731366349560134,0.36370804892586056,0.36512234807014465,431728000
2014-02-04,0.3648866499003777,0.3679509462128552,0.3630009269312066,0.36724379658699036,280692000
2014-02-05,0.36465075586039025,0.36582932856946654,0.3611150096337716,0.36394360661506653,214676000
2014-02-06,0.3644151081078898,0.3696008235183201,0.3639436845431954,0.3686579763889313,168380000
2014-02-07,0.3696008122844822,0.3745508298118098,0.36630081933252717,0.3740794062614441,157248000
2014-02-10,0.37360803181439606,0.38020804668514135,0.3733723059585342,0.37525802850723267,324372000
2014-02-11,0.37737953394897356,0.3839795503086783,0.37549383907426226,0.38303670287132263,235384000
2014-02-12,0.384215190913835,0.39953666911471064,0.384215190913835,0.39670807123184204,744528000
2014-02-13,0.40660812233758936,0.411558140712344,0.3995366835733113,0.4092009663581848,902836000
2014-02-14,0.40542955455327057,0.42310815169694793,0.4051938286849281,0.42216530442237854,817536000
2014-02-18,0.4224010794484877,0.42381535052493036,0.41839390781672475,0.42192962765693665,428988000
2014-02-19,0.4219296253267971,0.43135823961469544,0.42004390246921747,0.42758679389953613,450340000
2014-02-20,0.4285295278309688,0.44361527859844524,0.4278224065335556,0.4426724314689636,398088000
2014-02-21,0.44196538205970504,0.4476225504146254,0.43654393959018223,0.4393725097179413,451052000
2014-02-24,0.43842963093336745,0.4490367892263279,0.4344224878647958,0.4457367956638336,403112000
2014-02-25,0.4451448403877924,0.44703907759472283,0.4389885765218377,0.4437241554260254,242184000
2014-02-26,0.4427770268490757,0.44940684259953856,0.44159313218743146,0.4430138170719147,360884000
2014-02-27,0.4430137571857509,0.44751254500134724,0.4368574944868883,0.4380413889884949,388848000
2014-02-28,0.43567373688785754,0.4399357640781602,0.42880712968506984,0.43520018458366394,321692000
2014-03-03,0.425492218473237,0.4330691397190094,0.4217037437372112,0.4330691397190094,375948000
2014-03-04,0.4352001300422166,0.4404092611880721,0.4344897875618097,0.43756791949272156,260344000
2014-03-05,0.43709439333124017,0.4415932107819505,0.43520018411649924,0.4413564205169678,241472000
2014-03-06,0.4420667635601714,0.4444345533074195,0.43448984201423346,0.43520018458366394,290144000
2014-03-07,0.43709429568739255,0.4378046380973749,0.43141161286008134,0.4347265064716339,268452000
2014-03-10,0.43330592014151165,0.4352001574665371,0.42643931336657914,0.4283335506916046,300888000
2014-03-11,0.4304646125360213,0.4363841156209784,0.429043955505709,0.4325956404209137,297220000
2014-03-12,0.4304646443782493,0.4363841479010825,0.42880719694047265,0.4337795674800873,239428000
2014-03-13,0.4347265283216255,0.43638400343698286,0.4179152127542682,0.42004624009132385,385172000
2014-03-14,0.4157842399777428,0.4257289501683716,0.4157842399777428,0.42194047570228577,460048000
2014-03-17,0.42312437044465295,0.426202502420063,0.42146692345059433,0.42194047570228577,299656000
2014-03-18,0.42359794949126856,0.43472655438666064,0.42170371226462633,0.4318852126598358,293904000
2014-03-19,0.4352001564155171,0.44774944690894064,0.4340162333922417,0.43946215510368347,366168000
2014-03-20,0.43709429552354123,0.4434873489847122,0.4352000867326635,0.43969887495040894,191800000
2014-03-21,0.4434873831896208,0.44703906728585857,0.4366207770011288,0.4389885663986206,566116000
2014-03-24,0.4392253406476281,0.4427770246146376,0.4304644976146514,0.43685755133628845,306096000
2014-03-25,0.44159312995896777,0.44206668217598066,0.43354262936464794,0.43685755133628845,304424000
2014-03-26,0.4408828190528823,0.449170082235288,0.42312436972145023,0.4269128441810608,557756000
2014-03-27,0.4259656557720852,0.4295173392935015,0.4164944714887037,0.4212300777435303,540728000
2014-03-28,0.42051975819935183,0.4264392310560667,0.4193358636280089,0.4238346517086029,398820000
2014-03-31,0.4245450131668496,0.42833348725583126,0.4217036717132506,0.42407146096229553,273404000
2014-04-01,0.43756784502349616,0.4468022110183674,0.43235868653790527,0.44159308075904846,656272000
2014-04-02,0.4415931284659967,0.44254023289682043,0.4368575498593278,0.43875178694725037,239948000
2014-04-03,0.4396988721620541,0.4541423975716834,0.43946208195155906,0.44348734617233276,599548000
2014-04-04,0.4458551092539353,0.4484596885117094,0.4278599010986842,0.4297541379928589,368032000
2014-04-07,0.42999089039452826,0.43946204642836567,0.4276231013860689,0.43117478489875793,428576000
2014-04-08,0.43117479219609006,0.44774934376208975,0.43046444983627596,0.4465654492378235,470692000
2014-04-09,0.4486965296570947,0.4524850041139417,0.44254026572128763,0.4460919499397278,421968000
2014-04-10,0.44419779126846287,0.4503540276755398,0.433779499444803,0.43520018458366394,372748000
2014-04-11,0.4318851408934269,0.4385149559718589,0.4233610889031183,0.42904379963874817,353112000
2014-04-14,0.4318853297399348,0.4354370149178639,0.4290439872428485,0.4337795674800873,290184000
2014-04-15,0.43425297180330485,0.4392253406476281,0.4299909453976385,0.43685755133628845,304636000
2014-04-16,0.4389885638335978,0.43946211606507396,0.43235874791410356,0.4378046691417694,235136000
2014-04-17,0.4361472609626033,0.44348741999449587,0.4352001564155171,0.43946215510368347,153532000
2014-04-21,0.43969889508354565,0.44419771173355893,0.4368575535408545,0.4430138170719147,117004000
2014-04-22,0.4437240971604073,0.4496435982396262,0.4413563080192289,0.4468022286891937,255120000
2014-04-23,0.4475125899281473,0.4531953010421218,0.4468022475106162,0.4520114064216614,261580000
2014-04-24,0.45508970136089877,0.46077238628747896,0.45508970136089877,0.4560368061065674,391492000
2014-04-25,0.4550895301873899,0.4593515563923849,0.4425402135566262,0.44348734617233276,313600000
2014-04-28,0.44703900121362955,0.44940679026116287,0.4361471603044674,0.44159308075904846,226788000
2014-04-29,0.4432505409456764,0.44419767352929657,0.43756785834904655,0.4425401985645294,171300000
2014-04-30,0.4418298667173186,0.4423034188770297,0.43638394631496197,0.43733105063438416,305740000
2014-05-01,0.44396090118243164,0.44490800557787047,0.43614719112810235,0.43969887495040894,198104000
2014-05-02,0.4418298228887135,0.4418298228887135,0.4337793240671312,0.4363839030265808,156376000
2014-05-05,0.43591045180145627,0.44443450526054423,0.43543689954845743,0.44111961126327515,239260000
2014-05-06,0.44538162414043186,0.4491700702728704,0.4309380974023922,0.43212199211120605,416188000
2014-05-07,0.43212208807747626,0.4361473253361184,0.42786006053397413,0.4325956404209137,293900000
2014-05-08,0.43093802197885556,0.4449079658073043,0.4288069949402009,0.4380413889884949,432728000
2014-05-09,0.4247818515502741,0.4288070880848361,0.4193359300146773,0.42738640308380127,539532000
2014-05-12,0.4283334705969308,0.44088275877405225,0.4280966803907259,0.4399356544017792,299856000
2014-05-13,0.43401619535623803,0.44111959174197585,0.4314116439668676,0.4328323006629944,221104000
2014-05-14,0.43306908727080207,0.43472653418222834,0.42833350853742674,0.4285702705383301,214320000
2014-05-15,0.4276231310163296,0.42999092018885443,0.42194042006650584,0.4262024462223053,325896000
2014-05-16,0.4228875985918305,0.42833351992525454,0.4228875985918305,0.4252553880214691,283960000
2014-05-19,0.4297541990389128,0.44135635579611243,0.4278599618756641,0.4389885663986206,360076000
2014-05-20,0.43910746167373915,0.4402968090554925,0.4317335249206355,0.43387433886528015,256200000
2014-05-21,0.43553941952847913,0.43934534249260115,0.4312577632829115,0.43387433886528015,216712000
2014-05-22,0.4329228192568543,0.43815594142410486,0.4329228192568543,0.4357772469520569,130364000
2014-05-23,0.4381560432307789,0.4419619666128816,0.4355394673610481,0.43982112407684326,182656000
2014-05-27,0.4424376056997805,0.44767072796821594,0.4410103776464457,0.44767072796821594,209680000
2014-05-28,0.449335819905577,0.45433106119170746,0.4450541642629836,0.4514766335487366,224676000
2014-05-29,0.4512387203170827,0.45504464247156207,0.4498115207763571,0.4507629871368408,171884000
2014-05-30,0.45076305052733584,0.4531417451193316,0.44838435593534015,0.45195239782333374,239128000
2014-06-02,0.45337968220464914,0.4562341103981441,0.4467193308489743,0.4505252540111542,181500000
2014-06-03,0.4514767144743497,0.4519524477740727,0.44267552082621797,0.44862228631973267,243212000
2014-06-04,0.44743296975231706,0.4524282122783554,0.44719508890790893,0.44909805059432983,161236000
2014-06-05,0.4498116410367076,0.4524281884057266,0.44719506531140885,0.45100098848342896,188696000
2014-06-06,0.45314174768274224,0.4567097895909201,0.45147666713018114,0.4526660144329071,161052000
2014-06-09,0.4521903716221833,0.457423495129559,0.44909806234537153,0.45314183831214905,247456000
2014-06-10,0.45147676444619467,0.45766138309597754,0.4495738026803936,0.45552054047584534,217608000
2014-06-11,0.45385541968834114,0.4626566135373572,0.45385541968834114,0.46146726608276367,266228000
2014-06-12,0.4614672744472275,0.46646251683329504,0.45742347034328834,0.46432170271873474,337148000
2014-06-13,0.46907909378703255,0.4693169746253652,0.4602778997566538,0.4647974371910095,227852000
2014-06-16,0.46265667768982893,0.46646257305848965,0.4593264873414313,0.46337026357650757,198620000
2014-06-17,0.46384588637275326,0.46836539463064025,0.4614671918462284,0.4664624333381653,157608000
2014-06-18,0.4652731741086231,0.4681276307655613,0.46099151747949674,0.46598678827285767,215536000
2014-06-19,0.4574234724630277,0.4598021674263536,0.45195246837612213,0.45528265833854675,474592000
2014-06-20,0.4564719596937374,0.458137040328553,0.446719299987095,0.4502873420715332,353148000
2014-06-23,0.4443405892095065,0.4452920557218011,0.4391074383230556,0.44505420327186584,414200000
2014-06-24,0.4443405964171416,0.44790863843053874,0.43625301750634166,0.43815597891807556,275780000
2014-06-25,0.4393453693802899,0.44291341174391213,0.43530159370610744,0.44267553091049194,215420000
2014-06-26,0.4426754823188709,0.4429133631261793,0.43530154592390896,0.43672874569892883,256908000
2014-06-27,0.4362530448322433,0.43982108706913453,0.43363646918267806,0.4372045397758484,302820000
2014-06-30,0.4355393825884236,0.4421997330326037,0.4355393825884236,0.44101038575172424,180512000
2014-07-01,0.440534727723688,0.4486223076282367,0.4391074994004498,0.4460057318210602,321180000
2014-07-02,0.44434061646461487,0.44624357796220543,0.44172404086089306,0.44434061646461487,179284000
2014-07-03,0.4402968539504157,0.44957378148778177,0.4402968539504157,0.44838443398475647,136892000
2014-07-07,0.4490979470504443,0.44933582784000675,0.4441026773198325,0.4448162913322449,127496000
2014-07-08,0.44362702238396123,0.4455299839674521,0.43696667101988307,0.4412483274936676,221940000
2014-07-09,0.44505417439138617,0.4564719135793852,0.4417239851019042,0.4545689523220062,387668000
2014-07-10,0.4460056920553813,0.4540932712388448,0.44243764992169166,0.4521903097629547,266308000
2014-07-11,0.4526661049671662,0.4545690667033797,0.4510010240815851,0.45314183831214905,191188000
2014-07-14,0.45504466999016097,0.4600399395754676,0.4533795895804834,0.45885059237480164,272636000
2014-07-15,0.4595642722995678,0.4619429670421681,0.4564719634629318,0.4607536196708679,395440000
2014-07-16,0.4626566383941826,0.46622468094966085,0.45766136747400044,0.4602779150009155,319728000
2014-07-17,0.4550447289792044,0.4638459220900812,0.4550447289792044,0.4590885043144226,324832000
2014-07-18,0.4495736286334643,0.4531416699294118,0.43791801005293934,0.4386316239833832,567816000
2014-07-21,0.43696667101988307,0.44434063652230527,0.43696667101988307,0.4412483274936676,243364000
2014-07-22,0.44457833203036695,0.44695702608081544,0.4383937445129627,0.43934521079063416,298816000
2014-07-23,0.43958330200299256,0.4398211545081551,0.42959275952279574,0.4300684928894043,297352000
2014-07-24,0.43244716055193866,0.4336365080708956,0.42768977047611095,0.4307820796966553,254576000
2014-07-25,0.42935488896482976,0.4303063840771639,0.42245668409275683,0.4231702983379364,266132000
2014-07-28,0.42507310558192724,0.42507310558192724,0.4143689801527501,0.42150506377220154,330352000
2014-07-29,0.4217430091439773,0.4286412413794369,0.4215051283110621,0.42293235659599304,217972000
2014-07-30,0.4255489833721978,0.4312578404840674,0.4243596357775347,0.4300684928894043,246184000
2014-07-31,0.42483535798089633,0.4281655198159342,0.41555842997252057,0.41627204418182373,401880000
2014-08-01,0.4162719993021304,0.4231702314399623,0.41484477103739836,0.42079153656959534,219884000
2014-08-04,0.42031586062952886,0.4238839036627444,0.41769931275227534,0.41984012722969055,241724000
2014-08-05,0.4186507214047744,0.4262625681701056,0.4150826788671309,0.42007794976234436,298136000
2014-08-06,0.4172234622817736,0.4248353084858187,0.4141311816621945,0.4196021854877472,223456000
2014-08-07,0.4231702444191798,0.4269761393147312,0.41246608881793767,0.4153205454349518,407696000
2014-08-08,0.43339857433451173,0.4543310924153295,0.43339857433451173,0.45195239782333374,894348000
2014-08-11,0.45242824341687465,0.4543312052342675,0.44838446727759185,0.449573814868927,344624000
2014-08-12,0.44933596236442996,0.45195251005159726,0.44457854364280613,0.449573814868927,296152000
2014-08-13,0.45028734828706457,0.45599623271473494,0.4474329202513685,0.4521903097629547,256596000
2014-08-14,0.4538553740454312,0.4538553740454312,0.4452920618910332,0.44719502329826355,255992000
2014-08-15,0.44862221107594563,0.4555204136556469,0.44434055538400796,0.4529038667678833,369796000
2014-08-18,0.45480684816572425,0.45956426594138283,0.4502873395598235,0.4590885043144226,284076000
2014-08-19,0.45920794529122766,0.4651809876335816,0.45753547064999855,0.46279177069664,248260000
2014-08-20,0.461119366130634,0.46326967878968683,0.4587301488306087,0.45992475748062134,221468000
2014-08-21,0.45873015135425077,0.46111936866742004,0.4549074207422102,0.45562416315078735,272796000
2014-08-22,0.45514622822511613,0.4596857572401215,0.45227917375768223,0.45586299896240234,251224000
2014-08-25,0.4577745623143792,0.46088055110469345,0.45562424923721284,0.45657995343208313,153380000
2014-08-26,0.4577744552615903,0.46565887773727815,0.45610200891382996,0.46470320224761963,269636000
2014-08-27,0.4618360643629765,0.4654198897492228,0.4587300766652205,0.45944684743881226,182972000
2014-08-28,0.458491216623374,0.4642253264059912,0.45705767493686217,0.4632696509361267,179704000
2014-08-29,0.4649421068791764,0.46565887773727815,0.4599247393541798,0.46470320224761963,207932000
2014-09-02,0.46589797735214233,0.46589797735214233,0.4615973791483092,0.46589797735214233,192636000
2014-09-03,0.46828698378538525,0.4718708092553697,0.465180996015056,0.4701983630657196,259456000
2014-09-04,0.469481654684258,0.48142776965393386,0.46924272156181207,0.4785606861114502,491832000
2014-09-05,0.47808281030719835,0.4802331229210651,0.47402114667884937,0.4771271347999573,253792000
2014-09-08,0.47664932952532607,0.4776050050976871,0.47091519064600545,0.4728265702724457,319288000
2014-09-09,0.47067628848799714,0.47378227683720703,0.4663756914261463,0.466853529214859,198588000
2014-09-10,0.4694815904128768,0.4701983612003727,0.4642252902923816,0.46852588653564453,172376000
2014-09-11,0.4651811028879635,0.4668535494618494,0.45873019277455834,0.4637475609779358,250720000
2014-09-12,0.4666145919942751,0.4666145919942751,0.4563409514591691,0.4568187892436981,262536000
2014-09-15,0.4582523429657901,0.4589691139020353,0.44869547310043734,0.4506068527698517,294152000
2014-09-16,0.44941224611152436,0.4596858869605535,0.44797870423241554,0.4572966694831848,219936000
2014-09-17,0.4561020218220642,0.46183613188572903,0.45395170918690253,0.4575355350971222,173584000
2014-09-18,0.4604026134063774,0.46494211478198877,0.45896907166580736,0.4644642770290375,219604000
2014-09-19,0.46589773232098736,0.4663755699852745,0.45514622822511613,0.45586299896240234,601316000
2014-09-22,0.46518109557161125,0.46518109557161125,0.4508457621419584,0.45132362842559814,221464000
2014-09-23,0.44893430087549074,0.4544295058033273,0.4472618546318137,0.44941216707229614,196144000
2014-09-24,0.44917331896426943,0.4534739161772583,0.44869548115876384,0.4520403742790222,159592000
2014-09-25,0.4515624029367262,0.4527570113380782,0.4412887649887567,0.44224444031715393,298440000
2014-09-26,0.4436780385214237,0.44654509335491627,0.44176665913852375,0.4432002007961273,241188000
2014-09-29,0.4396164591658223,0.4455895030780509,0.4353158618526738,0.442483514547348,208540000
2014-09-30,0.4405721942428251,0.4439171163740152,0.435554825286902,0.4408111274242401,277204000
2014-10-01,0.4415278116566551,0.4446337715138936,0.43531583497874166,0.43651044368743896,350976000
2014-10-02,0.43579374023940637,0.4379440248553008,0.4245643938536478,0.4345991313457489,288996000
2014-10-03,0.43722715796935935,0.44320020073908123,0.4355546832084656,0.4355546832084656,239140000
2014-10-06,0.437227161938288,0.44081098763265325,0.43005948206784256,0.43292656540870667,199032000
2014-10-07,0.4310152861128715,0.43531588364127527,0.42790929742670647,0.4283871352672577,301896000
2014-10-08,0.42790919889407886,0.43842177137413235,0.4245642778169967,0.43627145886421204,260172000
2014-10-09,0.43436001543392594,0.4348378815757231,0.42432531064526663,0.42790913581848145,306956000
2014-10-10,0.4245643015301289,0.4259978432834765,0.40234457524353967,0.4025834798812866,691376000
2014-10-13,0.40521159184350114,0.4133349468726298,0.40067209085789524,0.4011499285697937,397628000
2014-10-14,0.4066452523185349,0.4216973297740206,0.4042560345789886,0.4104680120944977,376620000
2014-10-15,0.40449481134802323,0.4188301417336729,0.4018666897546627,0.41667982935905457,404428000
2014-10-16,0.40927332458118987,0.4216972487431783,0.40831762057998056,0.4169188141822815,351116000
2014-10-17,0.4219362978745221,0.4267147337492411,0.4145297108760178,0.4162021577358246,290716000
2014-10-20,0.4162020609304756,0.423608646206266,0.41333500576884374,0.41978588700294495,200336000
2014-10-21,0.42289184083134157,0.43818284791674866,0.42169723223787453,0.43770501017570496,351092000
2014-10-22,0.4369882740988801,0.4384218159178082,0.4274314045906067,0.4274314045906067,239512000
2014-10-23,0.4348379208123654,0.4400941925110264,0.4317319330189751,0.4369882047176361,214476000
2014-10-24,0.4396163746874156,0.444155875795693,0.4369882244783827,0.44152775406837463,210156000
2014-10-27,0.44128884153986686,0.4434391256426295,0.43651040710553585,0.4417666792869568,145092000
2014-10-28,0.4405721168183996,0.4527571372947371,0.4400942790212669,0.45227929949760437,192580000
2014-10-29,0.4503678425024791,0.45299599265805296,0.445350475289734,0.44941216707229614,168340000
2014-10-30,0.44821759893004326,0.45012894996263,0.44081101399276185,0.4465451240539551,170260000
2014-10-31,0.456818793243301,0.4670924623500745,0.45442957581801924,0.466853529214859,256316000
2014-11-03,0.4776049074242827,0.4792773820564595,0.47234863588780346,0.47473785281181335,308732000
2014-11-04,0.4778438314493173,0.48262226520673657,0.4699594100532331,0.4809498190879822,360196000
2014-11-05,0.48381690212780326,0.4840558067266471,0.47736599376991773,0.4809498190879822,335652000
2014-11-06,0.48190559828371177,0.4838170063765877,0.47449901297111896,0.4831002354621887,394088000
2014-11-07,0.4885954450701479,0.49432955546775037,0.4680481354472042,0.4728265702724457,450800000
2014-11-10,0.472348718854303,0.48142777893830235,0.471154110182469,0.47832179069519043,293388000
2014-11-11,0.47545467014476994,0.478082791929515,0.46852592329760895,0.47258761525154114,212992000
2014-11-12,0.47091516028072444,0.4721097689100048,0.46303073763113123,0.4694816470146179,204584000
2014-11-13,0.47115405816829153,0.47187082898860583,0.4632696361082632,0.4670923948287964,225328000
2014-11-14,0.4675702976610237,0.4728265702724457,0.4630307674880134,0.4728265702724457,160248000
2014-11-17,0.4706763029098511,0.4756936710493658,0.4675703144654714,0.4706763029098511,158732000
2014-11-18,0.4709150812230046,0.48310012707042815,0.46972047279427637,0.4819054901599884,207772000
2014-11-19,0.48226552834151876,0.48370513700840695,0.4750675422115867,0.4801061153411865,240300000
2014-11-20,0.47674703858968415,0.4885037657394759,0.47530743000734144,0.48802387714385986,220968000
2014-11-21,0.49234266516138353,0.4930624693973944,0.48658428847779744,0.4906631410121918,198976000
2014-11-24,0.4918629035585906,0.4959417571457887,0.489943463236797,0.4937824010848999,136004000
2014-11-25,0.49282253907988793,0.4971413648689622,0.4918628190838179,0.493542343378067,190240000
2014-11-26,0.4906631735405528,0.5024199005688044,0.4904232006429729,0.5019400119781494,219264000
2014-11-28,0.5036195036184707,0.5060188320073279,0.4990607625182919,0.5031396150588989,124832000
2014-12-01,0.5009803880983994,0.5038595485810897,0.4930625966630984,0.4937824010848999,190060000
2014-12-02,0.49330243425610326,0.496661482889379,0.4887436927083681,0.49450212717056274,245952000
2014-12-03,0.4969013632267312,0.5074583957665636,0.49546175487936855,0.5072184801101685,284424000
2014-12-04,0.5064988547579004,0.508418295095719,0.4993008676843057,0.5026599168777466,185332000
2014-12-05,0.5028996987666647,0.5081782440974988,0.5026597830894226,0.5055390000343323,165680000
2014-12-08,0.5048192139063303,0.5098577865361584,0.49498192712801903,0.4990607798099518,226944000
2014-12-09,0.4959416019340905,0.498580903056196,0.4885037015092883,0.49738121032714844,239448000
2014-12-10,0.49594156026442193,0.4978610570287198,0.48586441676870706,0.48634424805641174,204364000
2014-12-11,0.489223561574485,0.4925826100722204,0.4851447087980199,0.48610442876815796,135652000
2014-12-12,0.47962625707937573,0.4839450544936314,0.47050880222755925,0.4709886908531189,323964000
2014-12-15,0.47650713162472236,0.48514475519325684,0.4681094809750497,0.4695490896701813,254696000
2014-12-16,0.46906924824016294,0.47650715052061293,0.4640306462096516,0.46427056193351746,185308000
2014-12-17,0.4736279996302227,0.4839451202431286,0.45827227658242414,0.4832253158092499,345596000
2014-12-18,0.489223497215541,0.4949818734833406,0.48058590421159314,0.48514464497566223,226156000
2014-12-19,0.4885038359396305,0.49186288497813674,0.4839450938419357,0.4899434447288513,325528000
2014-12-22,0.48946318707425923,0.498580664396286,0.4877836638211428,0.498580664396286,148976000
2014-12-23,0.5024199215892491,0.5048192502338985,0.4949819627476809,0.4954618513584137,109280000
2014-12-24,0.4966614762686742,0.4973812805668532,0.49306251198228496,0.493542343378067,45644000
2014-12-26,0.49354242110425695,0.49666155448608507,0.4923427852213696,0.49402230978012085,52636000
2014-12-29,0.4925826601332853,0.49666151332428327,0.4901833313618447,0.49330246448516846,82944000
2014-12-30,0.48994335567529634,0.4923426841530509,0.4880238585703908,0.4887436628341675,112120000
2014-12-31,0.48946346048547795,0.4921027618185042,0.4796262024186815,0.4810658395290375,166300000
2015-01-02,0.48298516869544983,0.4865841891407577,0.4753072965484525,0.48298516869544983,113680000
2015-01-05,0.4829853222029231,0.48442493083859783,0.47266820325326436,0.4748275876045227,197952000
2015-01-06,0.4755474122928586,0.4760272723245541,0.4599517753480957,0.46043163537979126,197764000
2015-01-07,0.46379062571938356,0.46786950698008156,0.4577923045739469,0.4592319130897522,321808000
2015-01-08,0.464510425504989,0.47938628468424854,0.4642704812205812,0.4765070676803589,283780000
2015-01-09,0.47818663017135743,0.4820255671862862,0.47170842038338356,0.4784265458583832,209540000
2015-01-12,0.4796261877448941,0.4798661320229877,0.46810940583915644,0.47242820262908936,190732000
2015-01-13,0.47602715374811216,0.4856244664003913,0.4683493093467384,0.47170835733413696,236720000
2015-01-14,0.46666997132130794,0.47506762323852164,0.465470306761706,0.4736280143260956,155260000
2015-01-15,0.47698694087800614,0.4798661291868613,0.4700288714791686,0.4702688157558441,188932000
2015-01-16,0.4695490540517677,0.4793863126503506,0.46810944546584005,0.47890645265579224,181512000
2015-01-20,0.4822654638659701,0.4849047079327439,0.47434767446114745,0.48034602403640747,140308000
2015-01-21,0.4777067830582504,0.4882638458324485,0.47434770592917497,0.4870641529560089,144780000
2015-01-22,0.48802389251684547,0.49690145998610474,0.4829853195244339,0.4954618513584137,159712000
2015-01-23,0.49594155635523157,0.4978610531043993,0.49186270441942753,0.49690133333206177,120416000
2015-01-26,0.49474194645881653,0.49714127461565966,0.4916228141344709,0.49474194645881653,133240000
2015-01-27,0.48706418754849684,0.4875440761740565,0.47002894220425406,0.4709886908531189,357948000
2015-01-28,0.4767469986404935,0.47866646705535704,0.46307080406099754,0.46331074833869934,272728000
2015-01-29,0.4635506681510652,0.4772268334065085,0.4613912555724696,0.4745875895023346,235340000
2015-01-30,0.4712285161668474,0.47674697688187484,0.4599516790722906,0.46067145466804504,298200000
2015-02-02,0.4635506487237971,0.4726681013793992,0.45443319606819493,0.470748633146286,259604000
2015-02-03,0.47410776100153545,0.4829852995004899,0.4717084324563591,0.4825054109096527,183468000
2015-02-04,0.48106579988171566,0.4892235044826508,0.4796261628900082,0.4837050437927246,181516000
2015-02-05,0.48418496580095316,0.4918628405130311,0.48370513438426604,0.4916229248046875,140448000
2015-02-06,0.49114306238847516,0.49690149733202965,0.4873041248276093,0.48946353793144226,210524000
2015-02-09,0.48658439164707407,0.4904232721137457,0.4834652583645185,0.48898372054100037,273944000
2015-02-10,0.489463578640565,0.5028998326188449,0.4873041653571317,0.5026599168777466,226204000
2015-02-11,0.5038594321215347,0.5038594321215347,0.49594164251631206,0.4993007481098175,320832000
2015-02-12,0.5278527057525739,0.5398493464551221,0.5247335734494619,0.5350506901741028,676904000
2015-02-13,0.5338509905628304,0.5360104030225704,0.5256932864320271,0.5352905988693237,310084000
2015-02-17,0.5343308354019259,0.5396093796928836,0.5309717877642663,0.5369700789451599,203340000
2015-02-18,0.5362502569550981,0.5372100338519625,0.5297720775259461,0.5307317972183228,170948000
2015-02-19,0.5374503939159698,0.5384101144019826,0.5297725156187963,0.5321718454360962,169432000
2015-02-20,0.5316916761178015,0.536250359832275,0.5278527394073248,0.5360104441642761,157752000
2015-02-23,0.5357705828144333,0.5357705828144333,0.5290524285888661,0.5316917300224304,125008000
2015-02-24,0.5337389061673983,0.5373517274856567,0.5289217727932141,0.5373517274856567,149356000
2015-02-25,0.535183957032376,0.53759258094977,0.5308485603155273,0.5332571268081665,123820000
2015-02-26,0.53373900486664,0.5378335632493881,0.5303669649413445,0.5347024202346802,152864000
2015-02-27,0.533257117647622,0.5344614295856307,0.5294033998406492,0.5313302874565125,157492000
2015-03-02,0.529885158081257,0.5472268602196179,0.529162582373429,0.5443365573883057,301512000
2015-03-03,0.5402419010646947,0.542891306558401,0.5325344665424182,0.5342204570770264,160344000
2015-03-04,0.5322939168971221,0.541446450127581,0.5301261889906541,0.5402421951293945,226840000
2015-03-05,0.5402421345050681,0.5515623943716699,0.5387969827295933,0.5505989789962769,323056000
2015-03-06,0.5474677019859958,0.550117107976179,0.5426505688630683,0.5431323051452637,257392000
2015-03-09,0.5433732840895765,0.5486721548552284,0.5421689717872492,0.5445775389671326,222388000
2015-03-10,0.5469861302087996,0.5575838722062954,0.5460227147794201,0.553970992565155,527212000
2015-03-11,0.5539710696348773,0.5611967724976406,0.5496356708871322,0.5510808229446411,262120000
2015-03-12,0.5457819928406176,0.5498765523660357,0.5356659850911936,0.5460228323936462,406972000
2015-03-13,0.5433732582815968,0.5481903924125695,0.535906660181251,0.546745240688324,359288000
2015-03-16,0.5510806163982198,0.5566203255925193,0.5474677376085636,0.5532482862472534,236956000
2015-03-17,0.5520440961478256,0.5602332124622048,0.5481903774631862,0.5599923729896545,299900000
2015-03-18,0.5599923101841373,0.5628825558048883,0.54578174925164,0.5508397221565247,413844000
2015-03-19,0.5527667197666198,0.5611966762821621,0.548672161255532,0.5592698454856873,310756000
2015-03-20,0.5638460720956519,0.5686632059279921,0.5585472019101716,0.565291166305542,462084000
2015-03-23,0.5484313743668275,0.5556570774404278,0.5467453827254659,0.5469862222671509,426012000
2015-03-24,0.5453002184704964,0.5491539381754699,0.5371110999879166,0.5395196676254272,330480000
2015-03-25,0.5392789170138559,0.5392789170138559,0.5050771705267905,0.506763219833374,542552000
2015-03-26,0.49640597397349034,0.5072444927366242,0.4927930961026153,0.5050767660140991,311920000
2015-03-27,0.5079670851853003,0.5168787743298412,0.49977797163893806,0.5149519443511963,318288000
2015-03-30,0.5173606047166631,0.519769171340796,0.5106165837142362,0.5171197652816772,253252000
2015-03-31,0.515674589449508,0.5161562682967138,0.5036317568980334,0.5041134357452393,357276000
2015-04-01,0.5060403943061829,0.5077263853571264,0.49736954216935647,0.5060403943061829,330768000
2015-04-02,0.5089304581836837,0.5103756092608043,0.5029090719286714,0.5072444677352905,192204000
2015-04-06,0.5050770428708621,0.5236230637327344,0.49977822898870744,0.5219370722770691,515864000
2015-04-07,0.5219371020955104,0.532293948361128,0.5190467980493733,0.526513397693634,413964000
2015-04-08,0.5269949155107351,0.5322937854991371,0.5219369424023261,0.5303668975830078,366432000
2015-04-09,0.5262723507906435,0.5443366310824357,0.5260315113303472,0.5426506400108337,379432000
2015-04-10,0.5431326773066907,0.548431492917873,0.5412057882823369,0.5481906533241272,258728000
2015-04-13,0.5469859657038005,0.550117107976179,0.5407236811590435,0.5431323051452637,236724000
2015-04-14,0.5409647257619297,0.5431324534867283,0.5332572876902716,0.5385561585426331,220276000
2015-04-15,0.5400013490156808,0.5491538821342921,0.5373518846874495,0.545059323310852,243560000
2015-04-16,0.5419281492400607,0.5465044442523481,0.5378335906487199,0.5416873097419739,155284000
2015-04-17,0.5303669649413445,0.540001290896056,0.530126125455527,0.5347024202346802,293636000
2015-04-20,0.5371110275078519,0.5404830102603805,0.531089580514244,0.5320530533790588,231624000
2015-04-21,0.5385559868103036,0.5385559868103036,0.5286808241627947,0.5313302874565125,230456000
2015-04-22,0.5344614819160018,0.5380743032342603,0.5262723092400812,0.5373517274856567,207420000
2015-04-23,0.5274766464530369,0.5402420562459239,0.5214552007357451,0.5351840257644653,259380000
2015-04-24,0.534943217080181,0.5351840565468012,0.5245863734935609,0.5306078195571899,240960000
2015-04-27,0.5322938531021948,0.5440958492788042,0.5277175583230416,0.5347024202346802,248456000
2015-04-28,0.5337389061673983,0.5392786152901861,0.5286808759271733,0.5373517274856567,234484000
2015-04-29,0.533497966230004,0.5387968354837123,0.5310893997373648,0.5332571268081665,195156000
2015-04-30,0.5306078618519321,0.537351826852983,0.5294035495733044,0.5347024202346802,218844000
2015-05-01,0.5390376854473916,0.5496354241620657,0.5366291189076485,0.5479494333267212,256968000
2015-05-04,0.547467842552901,0.5510807220351117,0.5428915476836913,0.5445775389671326,200720000
2015-05-05,0.5426506542596825,0.5433732300843086,0.5281992526166914,0.5306078195571899,292928000
2015-05-06,0.5334978720467164,0.5385559009856468,0.5253087589023935,0.5322936177253723,316484000
2015-05-07,0.5301261524622118,0.5433733010781275,0.5284401611260582,0.5416873097419739,534564000
2015-05-08,0.5060404460882328,0.526031558712622,0.4935158742284525,0.5017049908638,1146552000
2015-05-11,0.4947201647162266,0.5019459239443543,0.4908665030275896,0.4968878924846649,544144000
2015-05-12,0.4932750347464626,0.5057995491814737,0.49303413783970357,0.5017049908638,388800000
2015-05-13,0.5053177958533611,0.5091715141219199,0.4997780866094505,0.5045952200889587,308524000
2015-05-14,0.5060403975917339,0.5154338255863478,0.5048360854476617,0.5127843618392944,293052000
2015-05-15,0.5149522340855293,0.5173608016263732,0.5098942594771911,0.5130254030227661,215824000
2015-05-18,0.511820841252129,0.5154337195160937,0.5094122748844032,0.512302577495575,324972000
2015-05-19,0.5129804015888522,0.51467425519928,0.5081409681920211,0.5091089010238647,253808000
2015-05-20,0.5093508553865272,0.5154001759778644,0.508624934607943,0.5091089010238647,196824000
2015-05-21,0.5093506540918835,0.5115284155669882,0.504995131141674,0.505479097366333,239692000
2015-05-22,0.5066889795885057,0.5086247290888244,0.5035433433825577,0.5047531723976135,212592000
2015-05-26,0.5023336965200308,0.5057212886083072,0.49773621714845506,0.5016077756881714,259732000
2015-05-27,0.5049951668108049,0.5308861790020475,0.503301371440722,0.5284664630889893,432332000
2015-05-28,0.5284662696706288,0.5374192095031152,0.5274983951977626,0.5357254147529602,327656000
2015-05-29,0.5357257914934134,0.5391133833759922,0.5347579163399048,0.5354838371276855,335168000
2015-06-01,0.5388710261883045,0.5468560911942248,0.5354834368380484,0.5415326952934265,372660000
2015-06-02,0.5381452604891334,0.5410489423035565,0.5304021474443854,0.5308861136436462,224304000
2015-06-03,0.5323377990137745,0.5364513085886189,0.5241107221735318,0.5250786542892456,250788000
2015-06-04,0.5219332518822867,0.536209593513861,0.5219332518822867,0.5345157980918884,323712000
2015-06-05,0.5328219290932081,0.541049009356815,0.5272565767195526,0.5386292934417725,313320000
2015-06-08,0.5369354232737074,0.5405649677953764,0.5202393684785476,0.526288628578186,342812000
2015-06-09,0.5267726910790651,0.5328219522846809,0.5258048162090362,0.5289504528045654,256888000
2015-06-10,0.5226590641115904,0.5260466542533614,0.5166097465522268,0.5195134282112122,529460000
2015-06-11,0.5195133042313846,0.528708197806233,0.5195133042313846,0.5250786542892456,283052000
2015-06-12,0.5216913214080775,0.5248369584519454,0.509592739581889,0.5108026266098022,323728000
2015-06-15,0.5081406753351511,0.5122542432732206,0.5042691770014255,0.5098345279693604,306548000
2015-06-16,0.5088667690501499,0.5168518380422049,0.5037853824881451,0.5161259174346924,256892000
2015-06-17,0.515883743229332,0.5250786952113445,0.5146739145262326,0.5221750140190125,233544000
2015-06-18,0.5265306486125824,0.5342737039667593,0.5250788077053707,0.5308861136436462,299404000
2015-06-19,0.5308861236465348,0.5352415887596638,0.5243528971315553,0.529192328453064,355656000
2015-06-22,0.5301603694755751,0.5330640522555123,0.5190296624066025,0.5270147323608398,514236000
2015-06-23,0.5279825082088392,0.5320960195806317,0.5093507010458102,0.5134642124176025,414064000
2015-06-24,0.512738382884861,0.5154001113025268,0.5059632000557248,0.5083829164505005,253368000
2015-06-25,0.5083829187598952,0.515400113643798,0.5083829187598952,0.5122544765472412,350460000
2015-06-26,0.5081406240060921,0.5086245900942024,0.4996716501433437,0.501849353313446,421296000
2015-06-29,0.496042360193402,0.5011238053924478,0.4861215395272071,0.486847460269928,391724000
2015-06-30,0.48975086288498976,0.4919286241230331,0.4832176368614274,0.4866052269935608,315916000
2015-07-01,0.4987039554656134,0.5057210912846198,0.48926704602416254,0.4936225116252899,302892000
2015-07-02,0.4933804617236401,0.4972520180024455,0.49096074626070757,0.49410638213157654,145764000
2015-07-06,0.4899928839644803,0.4967680643552405,0.4844275324903978,0.48805707693099976,214776000
2015-07-07,0.4851534975311935,0.4870892470521163,0.4636179812354141,0.4788621962070465,594252000
2015-07-08,0.47620048665395315,0.47910413953953246,0.47160300981027503,0.4754745662212372,332492000
2015-07-09,0.4829758128523641,0.4851535746776283,0.4667636916970216,0.46966734528541565,357588000
2015-07-10,0.4757165744399628,0.4822498302303377,0.474506716529936,0.4778943359851837,216708000
2015-07-13,0.4827337664139345,0.483701641201412,0.4778943347859713,0.48103997111320496,212472000
2015-07-14,0.4817658725862477,0.4822498099608604,0.4749906628058095,0.48128190636634827,249216000
2015-07-15,0.48007206868511676,0.48321770502024397,0.47353884174002975,0.4778943359851837,265732000
2015-07-16,0.4807979241908093,0.48854103684425354,0.47910412911484984,0.48854103684425354,282848000
2015-07-17,0.4868472832688796,0.48733119179436496,0.4793461242181276,0.4856373965740204,220372000
2015-07-20,0.4856374540858932,0.4875732614888023,0.4754746527150044,0.4766845107078552,188412000
2015-07-21,0.47571655996761647,0.4856374060661372,0.47571655996761647,0.4788621962070465,149720000
2015-07-22,0.47547468130749543,0.47547468130749543,0.4638600381086275,0.46966734528541565,356472000
2015-07-23,0.4706351351301768,0.48249172976516086,0.4696672316047939,0.4754745662212372,169916000
2015-07-24,0.47886222354240077,0.47934616095025656,0.4679735020618473,0.46990928053855896,188844000
2015-07-27,0.465795645342115,0.47257085420444966,0.46192411802455424,0.46724748611450195,192420000
2015-07-28,0.46845737564035805,0.4805559534147117,0.4636179445306166,0.47741034626960754,198308000
2015-07-29,0.47644241784145347,0.4870891830336522,0.47450663972966434,0.48321762681007385,232680000
2015-07-30,0.48200791569401763,0.4892670930323579,0.48200791569401763,0.48442766070365906,190180000
2015-07-31,0.48636335997514335,0.48660531425923886,0.47983013277994047,0.4827337861061096,218340000
2015-08-03,0.4866053722390127,0.49144480464101675,0.4803141274235828,0.49096089601516724,397132000
2015-08-04,0.48926713038520964,0.49434851741110414,0.48733132269159146,0.4928966760635376,260100000
2015-08-05,0.5049951069634984,0.5054790731649861,0.4970100396276643,0.49797797203063965,234628000
2015-08-06,0.4967681162500705,0.5003977187604072,0.4866052869117026,0.4948323667049408,655676000
2015-08-07,0.5434687088189317,0.5654881056720314,0.5294343223222144,0.5560512542724609,1405248000
2015-08-10,0.5521795393660048,0.5795223263223729,0.5487918920045095,0.5754088163375854,662304000
2015-08-11,0.5669400611573426,0.5780707678145203,0.5669400611573426,0.5725054144859314,435008000
2015-08-12,0.5633104654499287,0.5780707164455203,0.5633104654499287,0.5739572048187256,384048000
2015-08-13,0.5746831374506424,0.5758930243788609,0.5676659432624934,0.5691177845001221,276884000
2015-08-14,0.5686338415571154,0.5729893654489792,0.5652462503238345,0.5696017742156982,214652000
2015-08-17,0.5686338797401101,0.5686338797401101,0.5589550140290497,0.5659722089767456,273880000
2015-08-18,0.5642226623681009,0.5681105093917664,0.5564469683207698,0.5608208179473877,287084000
2015-08-19,0.5600918137252443,0.5664095575667132,0.5525590924065785,0.5586338639259338,249248000
2015-08-20,0.5523162073154614,0.5549890770807983,0.5357928702024928,0.5384657979011536,426932000
2015-08-21,0.5345777669674303,0.5435683784859202,0.521213306861586,0.5216993093490601,382664000
2015-08-24,0.49254041273324883,0.5304468626130419,0.4859796988489138,0.5032320022583008,682284000
2015-08-25,0.5253441187018424,0.5272880706942465,0.4927835166454315,0.4927835166454315,622684000
2015-08-26,0.5088208366036289,0.5304469328204681,0.5049329906193327,0.5299609303474426,614976000
2015-08-27,0.5355495845534497,0.5501289604538262,0.5323907139817058,0.5498859882354736,463764000
2015-08-28,0.549886291488811,0.5557180334784143,0.5459984441846347,0.5523161888122559,320944000
2015-08-31,0.5496431252113245,0.5535309711437907,0.5440543575458986,0.5462412238121033,219352000
2015-09-01,0.530447218402621,0.5394378344941908,0.5199986520403461,0.5238864421844482,353408000
2015-09-02,0.538222769341339,0.5399236917368808,0.5292321547077643,0.5396807193756104,344044000
2015-09-03,0.5476991849782474,0.5503721117013983,0.5401665231523285,0.5411384701728821,262556000
2015-09-04,0.5319049043637402,0.5404095723541984,0.5282600880344803,0.5285030603408813,287972000
2015-09-08,0.5413815599468165,0.5532880728493851,0.5391946931592563,0.5511011481285095,238448000
2015-09-09,0.5528020426901834,0.5574188058090235,0.5389515795337438,0.5401665568351746,289392000
2015-09-10,0.5370077630473359,0.5554749919938224,0.5345778660263064,0.5486712455749512,357076000
2015-09-11,0.5425965490425454,0.5540170596069927,0.5404096242748907,0.5503722429275513,301584000
2015-09-14,0.5530450783354789,0.554746000405699,0.5484282567544169,0.5513441562652588,192460000
2015-09-15,0.5515871416205884,0.5603347824266114,0.5498862195101554,0.5574188828468323,327976000
2015-09-16,0.5564468029503365,0.564465466949418,0.5523159848194916,0.5613065958023071,173508000
2015-09-17,0.571026051441367,0.5761288733269564,0.5651943129339808,0.5664092898368835,268712000
2015-09-18,0.5586337626358304,0.570783245538312,0.5552319190097964,0.5659234523773193,326412000
2015-09-21,0.5666524646499991,0.5729702077641047,0.5637365653870863,0.5717552304267883,281840000
2015-09-22,0.5593625934890496,0.5632504386042296,0.553287824634089,0.5562037229537964,228356000
2015-09-23,0.5566897691093494,0.56227853662117,0.5545029029032501,0.5588766932487488,161632000
2015-09-24,0.5554747845811762,0.5753999558869431,0.5467271469851493,0.5695682168006897,382440000
2015-09-25,0.5766148977940646,0.5848765912542436,0.5681102900261832,0.5736990571022034,369692000
2015-09-28,0.5736993017393551,0.5773441186417303,0.562521762820983,0.5661665797233582,395584000
2015-09-29,0.5722411140905093,0.5771009065637508,0.564222450716331,0.5761289596557617,380736000
2015-09-30,0.5814748928094287,0.599699149699705,0.5780730485170162,0.5989701747894287,556380000
2015-10-01,0.5989700999305871,0.6006710218642133,0.570297283487612,0.5873066186904907,489296000
2015-10-02,0.5841476555937073,0.6026148796081543,0.5780728856968644,0.6026148796081543,386144000
2015-10-05,0.6065029509615562,0.6252131541919459,0.6033440787096737,0.6176804900169373,482024000
2015-10-06,0.6111196040490189,0.6283718525530042,0.6086897074456419,0.625698983669281,453216000
2015-10-07,0.6271570790599218,0.6385775899582407,0.6169514877791619,0.6322598457336426,310152000
2015-10-08,0.6295867490032709,0.6376054125584149,0.6188951589742141,0.6359044909477234,460068000
2015-10-09,0.632502762080114,0.6385775334301134,0.6215682547567536,0.6334747672080994,423248000
2015-10-12,0.6342035691376813,0.6439232131216299,0.6295868063169362,0.6402783393859863,227588000
2015-10-13,0.6351758139780459,0.6453813484255959,0.6329888889107175,0.641493558883667,298444000
2015-10-14,0.6422225007750931,0.6752691766243305,0.6414935836578245,0.6648206114768982,612148000
2015-10-15,0.6660351891684438,0.6801286223298688,0.6592315027686504,0.6665211915969849,526048000
2015-10-16,0.6687080718014856,0.6832874485026907,0.6670070923797145,0.6769697070121765,448396000
2015-10-19,0.6791568664417469,0.6823157382825603,0.6679793288409169,0.675754964351654,294712000
2015-10-20,0.6728387999244241,0.6779415637112294,0.6677359782043333,0.6747826933860779,264824000
2015-10-21,0.6789137526268213,0.6830446290896677,0.6648203751691729,0.6660352945327759,386280000
2015-10-22,0.6738108349595799,0.6922780569986015,0.6728388881013774,0.6900911331176758,306884000
2015-10-23,0.6961661779423475,0.6993250499319164,0.6857176147306926,0.6947082281112671,381776000
2015-10-26,0.6951942952730082,0.696895217589488,0.6852316757907846,0.6915494203567505,247436000
2015-10-27,0.6881473857459526,0.6954370756326715,0.6876613832468492,0.6910632848739624,208268000
2015-10-28,0.6954372560043885,0.6966522336006165,0.6852316643426919,0.6966522336006165,217036000
2015-10-29,0.6854744931989915,0.6925211526265372,0.671381058477293,0.6725959777832031,327168000
2015-10-30,0.6798859666045823,0.6942223786879761,0.6747831414958094,0.6893625259399414,301160000
2015-11-02,0.6915493970652974,0.6981101137602743,0.6874185775882126,0.6973811388015747,190088000
2015-11-03,0.6932502489745376,0.6971380957152964,0.6847456385416092,0.6925212740898132,376768000
2015-11-04,0.6905772807331777,0.6956800462617587,0.6779417951195804,0.6811006665229797,442264000
2015-11-05,0.6845024781178389,0.6864464300851896,0.6713810485547581,0.6733249425888062,478800000
2015-11-06,0.7399041735133031,0.7761096470353985,0.7245958204921029,0.7666330337524414,1172272000
2015-11-09,0.7591003996507362,0.7654181420666911,0.7525396270341895,0.7632312178611755,492568000
2015-11-10,0.7532687449764919,0.7573996219055715,0.732614649997657,0.7486519813537598,552260000
2015-11-11,0.749137728258156,0.7544835232770267,0.7386891684030664,0.7413620948791504,619896000
2015-11-12,0.7396611311403268,0.7464648756673123,0.7355303131465457,0.7386891841888428,291080000
2015-11-13,0.7394183643080733,0.7425772362279557,0.7204651327887787,0.7241100072860718,292940000
2015-11-16,0.7335864192435776,0.739175186631234,0.7277546216680761,0.7386891841888428,344280000
2015-11-17,0.7406331360251095,0.7450069262734369,0.7355303131465457,0.7386891841888428,257048000
2015-11-18,0.7417380855107999,0.7578363692828225,0.7336889727014323,0.7568606734275818,350216000
2015-11-19,0.7595436411432013,0.766617057085442,0.753445804610065,0.7590557932853699,254072000
2015-11-20,0.7646659323369986,0.7700320272153034,0.7600315803127032,0.7656415700912476,239744000
2015-11-23,0.7719834185223439,0.7719834185223439,0.7514947899966331,0.7541778087615967,242552000
2015-11-24,0.7541777640551701,0.7668612304709592,0.7507630025288564,0.7602756023406982,195428000
2015-11-25,0.758812024915221,0.7678367756397935,0.7566167964189883,0.7592998147010803,138300000
2015-11-27,0.7607633231667126,0.768080693553515,0.7568607139964264,0.7656415700912476,86996000
2015-11-30,0.7663733890224591,0.7771055798444436,0.7656416460958104,0.7736907601356506,327244000
2015-12-01,0.7805201295717737,0.7995453241947333,0.7797883868437153,0.7988135814666748,409496000
2015-12-02,0.8000334581869617,0.808326468469287,0.7910087048616893,0.7927160859107971,294240000
2015-12-03,0.7990575251855303,0.8073505324062515,0.7871058041007946,0.7910084128379822,246656000
2015-12-04,0.7910086541967218,0.8246685994031059,0.7910086541967218,0.8232051134109497,458756000
2015-12-07,0.8229610813912294,0.8229610813912294,0.8051554738100635,0.8075945973396301,333588000
2015-12-08,0.7975943143714073,0.8219855546887913,0.7924721713507479,0.8185707926750183,314488000
2015-12-09,0.8183268383579608,0.8232050860675788,0.789545141979235,0.7978381514549255,372676000
2015-12-10,0.8002772463106248,0.8088142085697579,0.7975942276135476,0.8044238090515137,236596000
2015-12-11,0.7963744344576116,0.8019844231017088,0.7907644458135143,0.7924718260765076,227320000
2015-12-14,0.793203808973934,0.7988137993168021,0.7849107418453709,0.7944233417510986,275892000
2015-12-15,0.803448044752723,0.8097897776372234,0.7990576456075342,0.8041797876358032,307296000
2015-12-16,0.8058870848596142,0.8117410273180612,0.7988136679778022,0.8090579509735107,236356000
2015-12-17,0.8102776321808157,0.8185706407185819,0.7963746335961387,0.7968624234199524,254160000
2015-12-18,0.791252320521768,0.7993014329996336,0.7829593131667805,0.7839349508285522,395896000
2015-12-21,0.7924720822313392,0.8032042151334189,0.785398605888772,0.8024724721908569,284216000
2015-12-22,0.8049113803537442,0.8112531120551243,0.7983257537879364,0.8032039999961853,130012000
2015-12-23,0.8044236321708274,0.8095457735080466,0.8029601466021119,0.8063749074935913,122524000
2015-12-24,0.8039358094756565,0.8110092845107554,0.8027162187457177,0.8090579509735107,52448000
2015-12-28,0.8005212023739103,0.8083263635635376,0.789301221375942,0.8083263635635376,142024000
2015-12-29,0.8088140944896537,0.8239366829698195,0.8066188659635112,0.8214975595474243,203660000
2015-12-30,0.820765890239695,0.827839366244357,0.8141802622245353,0.8144241571426392,180344000
2015-12-31,0.8132045294702451,0.8168631854278913,0.8039358258247375,0.8039358258247375,148528000
2016-01-04,0.7875938430434825,0.7946672613075376,0.7814960045087611,0.7895451188087463,358076000
2016-01-05,0.8044236792567145,0.8156436584025667,0.7927158521749733,0.8022284507751465,490272000
2016-01-06,0.7890570958875344,0.7927158098280324,0.7600315118549631,0.7690563201904297,449344000
2016-01-07,0.7497873347434172,0.7549095353789055,0.728810858644974,0.7385674118995667,645304000
2016-01-08,0.7480798662829561,0.7488116091451638,0.7212495078974109,0.7227129936218262,398472000
2016-01-11,0.7234445957335991,0.7290545844835402,0.7110050276495524,0.7239323854446411,409372000
2016-01-12,0.7368599539505136,0.7468604018792162,0.7310060686710879,0.7361282110214233,469356000
2016-01-13,0.7417380839277917,0.7466163887337217,0.7129564519385144,0.7136881947517395,481672000
2016-01-14,0.6990535942315054,0.7073466624077048,0.6785649641298498,0.6992975473403931,600236000
2016-01-15,0.6712474017307207,0.6792965145154707,0.6497830815869586,0.6612469553947449,841452000
2016-01-19,0.674906170623341,0.6939313706279638,0.6639300847509361,0.6666131615638733,457140000
2016-01-20,0.6539296907805907,0.6788087759557894,0.6451488337685619,0.6702718138694763,481180000
2016-01-21,0.6775892522448521,0.6885652800418526,0.6636861945335958,0.6780770421028137,481456000
2016-01-22,0.6910044882617946,0.6985658135174888,0.6895410022024148,0.6939314603805542,257996000
2016-01-25,0.6936874229180336,0.7017365364377943,0.6917360891886203,0.6931995749473572,270728000
2016-01-26,0.6946632158502409,0.7029562261308314,0.68758973853877,0.7000292539596558,227944000
2016-01-27,0.6990534728812036,0.7012487015602966,0.6785648463362159,0.691736102104187,231700000
2016-01-28,0.6973462129400178,0.699785336954735,0.6707597437336077,0.6841749548912048,276776000
2016-01-29,0.6900287249277322,0.7158834467691806,0.6873457064084496,0.714419960975647,310504000
2016-02-01,0.7136884040100673,0.7183226989815839,0.7075905648296921,0.7146640419960022,289884000
2016-02-02,0.7073465463987532,0.7110052027456883,0.6795404906568933,0.6844187378883362,341908000
2016-02-03,0.6897848815136622,0.693931386136063,0.6719792720539604,0.6878335475921631,326772000
2016-02-04,0.6888091942106085,0.7036878902066761,0.6812479278213275,0.6880775094032288,348140000
2016-02-05,0.6834429638574269,0.6910042281131589,0.6427095552553859,0.6446608304977417,600428000
2016-02-08,0.6349042902414302,0.6380751558868054,0.6061226045844185,0.6151474118232727,608852000
2016-02-09,0.6078303068256076,0.6475880339214732,0.6049033347583572,0.6217333078384399,425372000
2016-02-10,0.62563575082068,0.6436852520070304,0.6168548951168834,0.6202696561813354,335800000
2016-02-11,0.6044152264533812,0.6234404203922365,0.6044152264533812,0.6170986890792847,340144000
2016-02-12,0.6268553966528737,0.6288067305802454,0.6036836915309368,0.6275871396064758,340816000
2016-02-16,0.6366117938352492,0.6592957055985492,0.6346605183615387,0.6583200097084045,485352000
2016-02-17,0.6666131187833287,0.6810039653268742,0.6639300421425806,0.6746622323989868,771468000
2016-02-18,0.7300303234696751,0.7556411477620102,0.7292985806481838,0.7327133417129517,1068660000
2016-02-19,0.7288104520272839,0.7490552320361372,0.723200464658632,0.7424695491790771,525628000
2016-02-22,0.7532021566190361,0.777349499507014,0.751738670719165,0.7688125371932983,449668000
2016-02-23,0.7627148187094193,0.7780813055984638,0.7590561036628359,0.7707639336585999,369380000
2016-02-24,0.767593174174261,0.7773496714605215,0.7463727402386644,0.7761300802230835,336852000
2016-02-25,0.7790566883118514,0.7817397063647541,0.7639341013295332,0.7778370976448059,349616000
2016-02-26,0.781496068888261,0.7834473448142706,0.7649099909039675,0.7727152109146118,361964000
2016-02-29,0.7738167931446611,0.783853617814227,0.7672071712046866,0.767696738243103,323344000
2016-03-01,0.7696549894408721,0.8017239570617676,0.7684309554199251,0.8017239570617676,348700000
2016-03-02,0.7973175747527292,0.8093128407333445,0.7958487571444646,0.8063752055168152,233812000
2016-03-03,0.8053961097914105,0.8088233123781399,0.7885048220016013,0.7992761135101318,302004000
2016-03-04,0.8053959769893136,0.8061303857603968,0.7907079182979652,0.7968279719352722,175304000
2016-03-07,0.7924215993779749,0.7978072447883843,0.7814055250637802,0.7916871905326843,239968000
2016-03-08,0.7836085696774855,0.7882598051627759,0.7747957239451482,0.7772437334060669,274940000
2016-03-09,0.7840984096666191,0.7853223855497294,0.7667174968781624,0.7767543792724609,222788000
2016-03-10,0.7814054307662229,0.785811883306209,0.759862968454588,0.775530219078064,286084000
2016-03-11,0.7870358554362136,0.788994298233526,0.7777334418357355,0.7887494564056396,277400000
2016-03-14,0.7850775764730155,0.7938904243319685,0.7814055322129668,0.7907080054283142,190312000
2016-03-15,0.786546481488046,0.7916872856576082,0.7728376120040434,0.7867912650108337,226216000
2016-03-16,0.7809158303867199,0.8129847973817642,0.7772437867606962,0.8102919459342957,363644000
2016-03-17,0.8073544778090249,0.8112712470491839,0.7924215762115647,0.8034376502037048,353680000
2016-03-18,0.8129848987684986,0.8384441904117095,0.8078440370509524,0.8276729583740234,545512000
2016-03-21,0.8203289997574914,0.8303658238493573,0.8115161515563861,0.8301210403442383,337780000
2016-03-22,0.8274281677044762,0.8345273555965489,0.8183704784977514,0.8286521434783936,242012000
2016-03-23,0.8323242360436861,0.8489706810762485,0.8286521917775834,0.8428506851196289,429008000
2016-03-24,0.8352617595864944,0.8455434245077988,0.8325689662072888,0.8440746068954468,244956000
2016-03-28,0.8426057152093545,0.8563145811108896,0.8416265230089208,0.8526425957679749,265388000
2016-03-29,0.8489707503961863,0.8683100489246993,0.8470123655378018,0.8663516640663147,261812000
2016-03-30,0.869533855277024,0.8874043312942189,0.8690442300082044,0.8754090666770935,376700000
2016-03-31,0.879326021110467,0.8812844057391288,0.8653723701270577,0.8722267746925354,379884000
2016-04-01,0.8668411580165258,0.8854461044284717,0.8602315367202628,0.8849564790725708,348292000
2016-04-04,0.8923004040122074,0.8969516400667836,0.8729611093943813,0.8763883113861084,393940000
2016-04-05,0.868555005304041,0.8832430687736994,0.8651277438023132,0.8751646280288696,339568000
2016-04-06,0.8641482625834,0.8768779366842793,0.8477466030242865,0.8763883113861084,453376000
2016-04-07,0.8707580518264985,0.8785917079242161,0.8636588630009325,0.8673308491706848,378104000
2016-04-08,0.8744299811412407,0.8800604097761071,0.864393099645091,0.872961163520813,255936000
2016-04-11,0.8781018993714574,0.8927900160822355,0.8754091061843067,0.8783467411994934,387524000
2016-04-12,0.8812842651228489,0.8825082990943287,0.8602313710806735,0.8773674964904785,292764000
2016-04-13,0.8812843194905076,0.8996444216393006,0.8812843194905076,0.8993996381759644,350716000
2016-04-14,0.8969514631720982,0.9057643082450306,0.8932794200728992,0.9018474817276001,416564000
2016-04-15,0.9016029018707845,0.9170253696391724,0.8986652667281743,0.9089469313621521,436972000
2016-04-18,0.9072334175133859,0.9072334175133859,0.8962173430349782,0.9050301909446716,307320000
2016-04-19,0.908457419795048,0.9101710210544058,0.8832429095478085,0.8888733386993408,309152000
2016-04-20,0.8874044073129944,0.8976860719177513,0.8864252150566266,0.8923004269599915,200172000
2016-04-21,0.8925452772811076,0.8967069468213908,0.8874044737762812,0.8913213014602661,178280000
2016-04-22,0.8942588716124391,0.9003788670007508,0.8849563992455903,0.8878940343856812,223540000
2016-04-25,0.8881388160965598,0.8971964466069884,0.8856908062730613,0.8923004269599915,191972000
2016-04-26,0.8976862915188755,0.9079679586388381,0.8891182258580447,0.8930350542068481,214536000
2016-04-27,0.8908314939241654,0.9138428299744711,0.8891178931063475,0.9133532047271729,352396000
2016-04-28,0.907722861932334,0.9131085066957705,0.8839771733377,0.8861803412437439,381224000
2016-04-29,0.8825085482812933,0.8844669331504521,0.8602316139774762,0.8697788715362549,321904000
2016-05-02,0.8781018187221812,0.8866698811527716,0.8739402084096602,0.881284236907959,256076000
2016-05-03,0.8712473838455755,0.8749193687788653,0.8631689469541604,0.8707577586174011,224024000
2016-05-04,0.8602313753262006,0.8609657840396827,0.8421161160340505,0.8509289622306824,525764000
2016-05-05,0.858028305757719,0.8661067441654977,0.849705025507321,0.8560698628425598,246884000
2016-05-06,0.8546010428245769,0.8670859339821982,0.8528874417568955,0.8648827075958252,183240000
2016-05-09,0.8670858684872085,0.8707578538219758,0.856559421034305,0.8636586666107178,333336000
2016-05-10,0.8690442551855198,0.8817739288920928,0.8607210339305242,0.8803051114082336,269676000
2016-05-11,0.8829979756014006,0.8925451726533222,0.8781018977964857,0.8827531337738037,328176000
2016-05-12,0.8891178583792944,0.8930346851092454,0.8550905100627452,0.8707577586174011,670540000
2016-05-13,0.9593761808380138,1.0036852104920546,0.954725001875016,1.0031956434249878,2110256000
2016-05-16,0.9956068631168465,1.0477496127254071,0.9924244434233244,1.0328166484832764,973032000
2016-05-17,1.0281654701556682,1.0423639678190961,1.014946223504683,1.0350199937820435,628392000
2016-05-18,1.0281648747424712,1.0734531942426069,1.0281648747424712,1.061457872390747,541072000
2016-05-19,1.0572969853751002,1.0736987712584292,1.0558282837169688,1.0661098957061768,398880000
2016-05-20,1.0727192298910024,1.089610578424162,1.0710056283563747,1.0852041244506836,391084000
2016-05-23,1.0898551549938313,1.0940167079031735,1.0803078982295837,1.086917519569397,413636000
2016-05-24,1.090230951942195,1.1167382119005984,1.0872856878319879,1.1133019924163818,415788000
2016-05-25,1.116738421150287,1.1214016203261796,1.0998032078600781,1.1086390018463135,458076000
2016-05-26,1.110601917108246,1.1285187983018137,1.107411234825826,1.1204193830490112,309964000
2016-05-27,1.1216469467214012,1.1282737324544974,1.1179653080658774,1.1265556812286377,277416000
2016-05-31,1.1314639159773179,1.1491353758047187,1.1307275417580787,1.1466809511184692,412524000
2016-06-01,1.1412815603869286,1.1599346993996367,1.137845458911783,1.1488901376724243,387132000
2016-06-02,1.1550261065316487,1.1668071610579593,1.143736007299563,1.1569896936416626,329208000
2016-06-03,1.145699431747839,1.1471719463211232,1.1206648114671856,1.140790581703186,461076000
2016-06-06,1.14373600534337,1.1525717962229909,1.129009804244112,1.1349003314971924,322512000
2016-06-07,1.1417723550476924,1.1481537195534521,1.136618203031523,1.1371090412139893,193400000
2016-06-08,1.137354799048819,1.141527275942764,1.1241012279074616,1.1334278583526611,234616000
2016-06-09,1.1295011849764638,1.1645985914844683,1.1270467586853796,1.162880539894104,472168000
2016-06-10,1.1491358008002055,1.1594441074146844,1.132446011048037,1.1339186429977417,400024000
2016-06-13,1.1351457833591878,1.170734132966949,1.1351457833591878,1.1483993530273438,475588000
2016-06-14,1.145699923671721,1.1560082323112995,1.1329371889559703,1.1506086587905884,298344000
2016-06-15,1.1601803891805773,1.1724521650693744,1.1474176579921482,1.1623892784118652,301036000
2016-06-16,1.1537988210629717,1.1690158579447745,1.1425087236882718,1.1670523881912231,246456000
2016-06-17,1.1685248860991302,1.1687703051610732,1.1420176378413234,1.1466809511184692,471000000
2016-06-20,1.1650890701964116,1.1822695790696138,1.1643526957970234,1.1672979593276978,293768000
2016-06-21,1.1722068068666023,1.1753974898295585,1.1584622813979248,1.1601804494857788,212508000
2016-06-22,1.1626346242814238,1.1702432020950961,1.157235052593283,1.159198522567749,202620000
2016-06-23,1.1702430878468562,1.191350651336914,1.169506713532424,1.190123438835144,297880000
2016-06-24,1.1412815543031896,1.162389118276159,1.1118291557874316,1.1223828792572021,1017684000
2016-06-27,1.1130564160245802,1.1216467879715204,1.0939123190458384,1.1103566884994507,449088000
2016-06-28,1.131464415735874,1.1326915115875864,1.111093103162439,1.1265556812286377,381920000
2016-06-29,1.136373127715617,1.1537991758325634,1.1334278636629698,1.1449633836746216,318932000
2016-06-30,1.1469268544131772,1.1609168001511725,1.1376003409546405,1.1537991762161255,430940000
2016-07-01,1.1474177227819828,1.162389344047084,1.141281775974391,1.145208716392517,218488000
2016-07-05,1.1388273708146155,1.1641074159381646,1.1297462770476698,1.1621439456939697,371084000
2016-07-06,1.154044683963442,1.1763794682121043,1.1481541554040462,1.1695071458816528,273104000
2016-07-07,1.177361075404688,1.2041137544926555,1.1719615025664993,1.1999412775039673,395400000
2016-07-08,1.2127038259699585,1.2539372831053173,1.2080405113514687,1.2480467557907104,481932000
2016-07-11,1.2659637007559814,1.2860894749936664,1.264491068856462,1.2767629623413086,448776000
2016-07-12,1.290998761761924,1.3076884395451047,1.2747998053996155,1.2959074974060059,436760000
2016-07-13,1.2983609026195824,1.3057240594752397,1.2934521703936133,1.2954156398773193,324604000
2016-07-14,1.3022885560356894,1.3204508619002582,1.2914892933711124,1.3086698055267334,316892000
2016-07-15,1.2919795123284235,1.299342669031948,1.2723445838302319,1.2934521436691284,428616000
2016-07-18,1.3094060949238453,1.311369565180606,1.2951707307537859,1.3000794649124146,252992000
2016-07-19,1.2993432411130301,1.3187327590969153,1.2968888154534073,1.3135786056518555,382652000
2016-07-20,1.3179960804387785,1.3378765491869535,1.3125965090804779,1.330758810043335,296460000
2016-07-21,1.3278133275278325,1.331985802684089,1.3017970344086385,1.3062149286270142,361308000
2016-07-22,1.3108785187279164,1.3418035507202148,1.3013064710834628,1.3418035507202148,315768000
2016-07-25,1.3499029754536762,1.3697833282141074,1.344012448546836,1.3665926456451416,312528000
2016-07-26,1.37861928670875,1.3970270099874498,1.3766558165114866,1.3899093866348267,514508000
2016-07-27,1.401935885032571,1.404390310801154,1.3675747435066445,1.3759195804595947,446676000
2016-07-28,1.379109588170734,1.3891724714189229,1.3746916941715028,1.3788641691207886,221916000
2016-07-29,1.3840188651822738,1.4051264332222564,1.3592297758768217,1.401444911956787,409588000
2016-08-01,1.407335646381758,1.4124898003173818,1.383282810982045,1.3923639059066772,301120000
2016-08-02,1.398990190533087,1.3997265648505057,1.362174751598079,1.375428318977356,282748000
2016-08-03,1.3737105256904558,1.3818099424991939,1.3661019471630207,1.3791100978851318,299828000
2016-08-04,1.3857367529222835,1.4110167945748868,1.3830370255947326,1.4046354293823242,272712000
2016-08-05,1.4208343765864682,1.4291792124296758,1.4139621726018792,1.4284429550170898,371588000
2016-08-08,1.4480780100661288,1.4515141123423263,1.4264794857108063,1.4416966438293457,305064000
2016-08-09,1.4488139281619814,1.4593677687096511,1.4416963061190482,1.4453778266906738,372344000
2016-08-10,1.458140849868444,1.4603497392496407,1.4313881729770734,1.4360514879226685,375740000
2016-08-11,1.4436600724204214,1.4713944260200673,1.4407148085449195,1.4652584791183472,681064000
2016-08-12,1.5192542926061714,1.5555788925910665,1.4880838446015543,1.547234058380127,1425744000
2016-08-15,1.548952267793272,1.5585243154663009,1.5248994390533612,1.5457615852355957,573304000
2016-08-16,1.543553229011881,1.5460075380393288,1.5317722882064848,1.536435604095459,287652000
2016-08-17,1.5364350881050357,1.5398711898095812,1.488820268408481,1.5008466243743896,595212000
2016-08-18,1.4986377846140941,1.5266175544387681,1.49274725747903,1.5241632461547852,331684000
2016-08-19,1.5234271616260513,1.5396259972963748,1.5168003758548703,1.528090476989746,291560000
2016-08-22,1.5327534609765245,1.536680517975942,1.5145911588253524,1.5344715118408203,244748000
2016-08-23,1.5500855099369955,1.5569703775990622,1.5424629108830736,1.5468889474868774,339764000
2016-08-24,1.5522983512448438,1.5530359652756298,1.5159066956636382,1.5230374336242676,298448000
2016-08-25,1.5235297920310267,1.5242674063031463,1.494023110661911,1.5129565000534058,406032000
2016-08-26,1.5168905790283782,1.5338568773674361,1.5048419429695545,1.525250792503357,300024000
2016-08-29,1.5313980532172982,1.537545189720206,1.521808365503933,1.5242671966552734,274652000
2016-08-30,1.5223005383553088,1.5304148827706388,1.5112355019254682,1.5154156684875488,285544000
2016-08-31,1.5183658777538227,1.5225459257377554,1.5038584110025968,1.508284330368042,388544000
2016-09-01,1.50951387254387,1.55844579714304,1.5082843983317973,1.5527904033660889,428492000
2016-09-02,1.555986965591886,1.557708182588726,1.5200871628016666,1.5375452041625977,323148000
2016-09-06,1.5429551451547348,1.5520529747009277,1.5350866728113133,1.5520529747009277,306812000
2016-09-07,1.5471348382489951,1.5547574373984063,1.520332981407723,1.5291849374771118,397988000
2016-09-08,1.527709683613212,1.54270901142826,1.5102516418106435,1.5402500629425049,315808000
2016-09-09,1.5232834025440158,1.5318894857041623,1.4507460809110975,1.4635323286056519,697760000
2016-09-12,1.4441072638830377,1.4967274891955367,1.4094368211265575,1.493776798248291,598260000
2016-09-13,1.4900886643409152,1.5073009520107883,1.4637785486626762,1.47213876247406,471768000
2016-09-14,1.47558115344178,1.4900886208005764,1.4632867631074986,1.485170841217041,319048000
2016-09-15,1.4876298802477632,1.543200804651556,1.4841873288053937,1.5414795875549316,515212000
2016-09-16,1.5468891401034732,1.555249354341144,1.5274638916030436,1.5451679229736328,902444000
2016-09-19,1.5613965070824707,1.6046730384238237,1.5542657676153167,1.5655766725540161,417128000
2016-09-20,1.5835264451633333,1.5835264451633333,1.5427088656009162,1.5513149499893188,331112000
2016-09-21,1.555987166541634,1.597788357147547,1.5557412951173486,1.5948376655578613,336212000
2016-09-22,1.6041809723024862,1.6090987509694532,1.5896735076475694,1.598771333694458,308732000
2016-09-23,1.6007388510466563,1.6054106420293768,1.5899196889703469,1.597050428390503,276132000
2016-09-26,1.5788549523590034,1.588444642019664,1.562134521937453,1.5820515155792236,230040000
2016-09-27,1.5759038396555363,1.6386056128624327,1.5751662255321037,1.6361466646194458,402752000
2016-09-28,1.638605686602844,1.6432775946754794,1.621147528489125,1.6420481204986572,319788000
2016-09-29,1.6393432996205262,1.662456968582102,1.6240982184855006,1.6572932004928589,336684000
2016-09-30,1.6663915231186917,1.7013078472395282,1.6565559619788492,1.684833288192749,429932000
2016-10-03,1.6848328825955357,1.7091759081438127,1.6801609745914288,1.683111548423767,242596000
2016-10-04,1.6855701075024787,1.7138473031300585,1.6668824798014763,1.6794228553771973,281624000
2016-10-05,1.6936850023541241,1.7108972904940936,1.6725385372245667,1.6777021884918213,305440000
2016-10-06,1.6575393218284673,1.6678666243355267,1.6292619997629019,1.6558181047439575,360212000
2016-10-07,1.6668826940345416,1.6713087302034824,1.6390972374862027,1.6437691450119019,286260000
2016-10-10,1.652375718829281,1.661227793792638,1.634425814722016,1.6499168872833252,287876000
2016-10-11,1.644506893945705,1.646965724788722,1.613524757680365,1.6260651350021362,388540000
2016-10-12,1.6194263199672863,1.6420481290424291,1.6059024556992094,1.6334420442581177,419920000
2016-10-13,1.6142626377410971,1.6179509429700012,1.5663142007689068,1.6068859100341797,390116000
2016-10-14,1.6265570241597276,1.6376220570722333,1.6130331601828367,1.6226228475570679,330636000
2016-10-17,1.6223769293722112,1.637622009829105,1.6110660254044817,1.6132789850234985,195328000
2016-10-18,1.6356548488214082,1.6472116236494618,1.6290158530105923,1.63786780834198,269372000
2016-10-19,1.6268033949105414,1.6420484793881556,1.6184430624801882,1.6344258785247803,199060000
2016-10-20,1.6536047728365804,1.670817058278978,1.6302453514674926,1.665407419204712,312084000
2016-10-21,1.659506252199253,1.663686300185162,1.644998785441167,1.6607357263565063,279508000
2016-10-24,1.672046674303505,1.740649716031408,1.6718006856663457,1.7386826276779175,339836000
2016-10-25,1.735731715367856,1.7777787658435051,1.7273715029938894,1.7672054767608643,397460000
2016-10-26,1.7524522634765616,1.7937617027899555,1.7507310466092623,1.7743364572525024,333792000
2016-10-27,1.7878606115709617,1.7913030458653922,1.7308143398005924,1.7379450798034668,388664000
2016-10-28,1.7463051966569478,1.7728611820911393,1.7317977297718334,1.7349942922592163,290856000
2016-10-31,1.7406500449900817,1.7613047697279676,1.739666442002893,1.7497479915618896,252388000
2016-11-01,1.7561407479825468,1.76573043540363,1.679177377231153,1.6978650093078613,473224000
2016-11-02,1.7108970049578907,1.7340105547247597,1.6877833379419205,1.6907340288162231,295848000
2016-11-03,1.698602775300522,1.7000781209778915,1.6386058143342714,1.6710631847381592,309664000
2016-11-04,1.659998047854356,1.6899965851019834,1.6371303671467188,1.6614733934402466,328780000
2016-11-07,1.7101595623721082,1.7635175267363237,1.7089300880920375,1.7524524927139282,487580000
2016-11-08,1.759091692319077,1.764747204309426,1.733519304392651,1.7497479915618896,429884000
2016-11-09,1.702291166605629,1.7433547417372006,1.689750903590076,1.7202410697937012,456532000
2016-11-10,1.7578619722166313,1.758107843600382,1.64155636576661,1.666391134262085,869280000
2016-11-11,1.9550655963079,2.182758967266286,1.9302307045938456,2.163087844848633,2175344000
2016-11-14,2.166038627588813,2.168497576618812,2.056126232328643,2.0566179752349854,1348796000
2016-11-15,2.0725996531344117,2.1503006219885656,2.0637475816894884,2.119318723678589,626092000
2016-11-16,2.147596537710146,2.275950555332797,2.1232535101094805,2.2530829906463623,987984000
2016-11-17,2.2698032717026035,2.330783831085794,2.228985573023228,2.271770477294922,832988000
2016-11-18,2.271770351596788,2.319472680964328,2.257262885338537,2.295621633529663,576060000
2016-11-21,2.3135722098864835,2.319965336454044,2.2720167699481997,2.286278486251831,436436000
2016-11-22,2.294146172082548,2.3049652160022016,2.271524364251846,2.3027522563934326,330368000
2016-11-23,2.307923664099433,2.3456010060383714,2.2845293865244765,2.314080238342285,443236000
2016-11-25,2.325161421277871,2.3419068774947953,2.300289241543977,2.318758726119995,195564000
2016-11-28,2.3116173159923328,2.333041674976669,2.3049682636216873,2.3175275325775146,278736000
2016-11-29,2.314819499000345,2.3256549788157135,2.2786198185039885,2.2963502407073975,444568000
2016-11-30,2.3049679440926396,2.3187585258294154,2.2680294478297944,2.2704920768737793,440500000
2016-12-01,2.2680308598986696,2.2697546543328415,2.087524218908041,2.1582000255584717,1035524000
2016-12-02,2.123969213679646,2.186764853396434,2.096142159430926,2.1781458854675293,478292000
2016-12-05,2.2160699077549735,2.2805893574605784,2.191690434479725,2.2626125812530518,602284000
2016-12-06,2.2707382159090743,2.308169426140999,2.2549777186982234,2.2997965812683105,498796000
2016-12-07,2.2862533576644997,2.3468325029073456,2.2680302252812816,2.3411686420440674,480804000
2016-12-08,2.344124489793685,2.3793392158662034,2.291425461763309,2.3020143508911133,381544000
2016-12-09,2.3197443318739626,2.321468125865324,2.233800519541448,2.2611351013183594,382312000
2016-12-12,2.212621892150074,2.2150845216654815,2.1557364655001052,2.20621919631958,601332000
2016-12-13,2.2185324099588852,2.272709092399748,2.2175474519588376,2.2451281547546387,387796000
2016-12-14,2.2788657663619274,2.3914055715213975,2.2549787699880124,2.375152587890625,983980000
2016-12-15,2.3862331747591368,2.4610956056732656,2.378845521389709,2.4308059215545654,746548000
2016-12-16,2.458386539229409,2.479810897696681,2.4066724976310523,2.4726696014404297,1089528000
2016-12-19,2.4551855794798056,2.5229062494592043,2.4379474071483362,2.502713203430176,744656000
2016-12-20,2.5753589112696167,2.6135287273494283,2.564030957005395,2.589888095855713,848056000
2016-12-21,2.6014626644518426,2.6090966760823244,2.5539350355919788,2.6061415672302246,576136000
2016-12-22,2.6305215918611906,2.681004340180837,2.6233800577305595,2.6376631259918213,718612000
2016-12-23,2.619685245180619,2.704890442897134,2.616976493580703,2.7034127712249756,647692000
2016-12-27,2.7595596566550897,2.8900759727649925,2.7388738967485207,2.8890910148620605,1194272000
2016-12-28,2.945238071377652,2.9533645624792473,2.676571385996024,2.690361738204956,2295764000
2016-12-29,2.5832394805199907,2.745523167808001,2.5315254289195743,2.7440454959869385,2175368000
2016-12-30,2.742075509457421,2.756112217149762,2.617715525836595,2.6285507678985596,1212932000
2017-01-03,2.5709267239234537,2.619439547633631,2.447305565436346,2.512071371078491,1501996000
2017-01-04,2.546299964444704,2.5980139955642483,2.5002497917477373,2.5706794261932373,1199220000
2017-01-05,2.574128472361669,2.6058956037564642,2.4884307724103305,2.505422592163086,984296000
2017-01-06,2.532757389150976,2.567233510618649,2.4921249264584233,2.5389139652252197,822856000
2017-01-09,2.5487639242401046,2.6595796959789495,2.5487639242401046,2.6418490409851074,916248000
2017-01-10,2.654900429494152,2.6888838279758356,2.601216227653637,2.6219019889831543,880920000
2017-01-11,2.6103280487227205,2.6152530736855737,2.564770334857432,2.589642286300659,525664000
2017-01-12,2.566740721303315,2.57831480110489,2.5024673900122973,2.54728627204895,625616000
2017-01-13,2.5512264136024876,2.5857025319070113,2.5379285392912974,2.5470402240753174,457820000
2017-01-17,2.5364508920435815,2.5413759171939216,2.476610345173752,2.489908218383789,580612000
2017-01-18,2.4684827832096308,2.5421136503780435,2.440655733861198,2.5352184772491455,654424000
2017-01-19,2.53817458944981,2.621655770531802,2.5359583164740607,2.589642286300659,644872000
2017-01-20,2.6122976625805587,2.6300283140341216,2.539405610647343,2.5613224506378174,492024000
2017-01-23,2.556151156841739,2.6078652064109096,2.553688527136232,2.587918281555176,369904000
2017-01-24,2.598015467163241,2.6492370485007815,2.5832399206815104,2.643080472946167,428052000
2017-01-25,2.6854360268946795,2.691592600845635,2.6184541932231205,2.6544077396392822,522760000
2017-01-26,2.6571169166419533,2.7075996568750793,2.6275660614944636,2.700212001800537,458800000
2017-01-27,2.7071078636473054,2.7553743430704487,2.6805121107619394,2.7524192333221436,471996000
2017-01-30,2.731487086664881,2.7337033600558334,2.6573636974600703,2.7093238830566406,496004000
2017-01-31,2.682973634879707,2.7100618557434855,2.6645041478574254,2.6886374950408936,362756000
2017-02-01,2.7231138131462997,2.8102889418388366,2.7053833939313825,2.806102752685547,590004000
2017-02-02,2.7900962352529155,2.8501831460499534,2.7595604181916995,2.8415639400482178,483240000
2017-02-03,2.843041261180146,2.854122861250694,2.804871435853435,2.8166916370391846,372744000
2017-02-06,2.8073337030473935,2.8893374458925583,2.8073337030473935,2.8888449668884277,506768000
2017-02-07,2.9230749620555874,2.9777441284122346,2.9033743911873415,2.933664083480835,746224000
2017-02-08,2.9156872394772906,2.938096561997288,2.8659430995597863,2.92085862159729,449580000
2017-02-09,2.927014570661201,2.931939830031249,2.8467348626333453,2.8659427165985107,842568000
2017-02-10,2.9533645434013907,2.972326277566185,2.7728579463061993,2.79797625541687,1651092000
2017-02-13,2.7923122515689043,2.806841440131201,2.66450466360983,2.6689374446868896,1180724000
2017-02-14,2.6593332597593418,2.712524988306012,2.617469488484855,2.6787877082824707,850632000
2017-02-15,2.681742183791215,2.7039051443628312,2.6536687716115215,2.684204578399658,373020000
2017-02-16,2.6938089497143736,2.6950402645393887,2.601954930441998,2.6411099433898926,647176000
2017-02-17,2.6275660927321716,2.6450503900009283,2.580530939964611,2.640617609024048,563740000
2017-02-21,2.6652436599344766,2.739120922220078,2.6649973029739695,2.7351808547973633,551952000
2017-02-22,2.7472622342175907,2.7566318497696405,2.7120028419778888,2.7309887409210205,433772000
2017-02-23,2.601294413906689,2.623238920420828,2.457791783955978,2.4777636528015137,1592888000
2017-02-24,2.3934378390271744,2.5149959882573545,2.3596579696251037,2.501681327819824,1029904000
2017-02-27,2.5199270427580753,2.589459172827816,2.5041466461478508,2.574418544769287,715400000
2017-02-28,2.584033991607023,2.5938969429365035,2.484913729231903,2.50217342376709,625360000
2017-03-01,2.5591303273777637,2.57343141688114,2.4930501608142492,2.5344736576080322,504804000
2017-03-02,2.521652231364291,2.535706653763431,2.4383121331146795,2.4410243034362793,754332000
2017-03-03,2.430420988490665,2.4353522264705316,2.3724773549945595,2.426969051361084,864692000
2017-03-06,2.390725368015178,2.418834222721953,2.3465896832606385,2.408231735229492,883568000
2017-03-07,2.4082301190817503,2.4540917429893123,2.395408569589691,2.43461275100708,603400000
2017-03-08,2.482941062021616,2.49773525369189,2.427956472867305,2.430175542831421,638712000
2017-03-09,2.4141485310955493,2.452119855685064,2.4015734103598665,2.4296822547912598,478060000
2017-03-10,2.4560648584914526,2.467899974460651,2.425736947618883,2.4439828395843506,499740000
2017-03-13,2.454339052751245,2.5211589871481515,2.453599284470912,2.511296272277832,774136000
2017-03-14,2.5241174029832356,2.5334867806692576,2.4772693388249687,2.5095698833465576,522016000
2017-03-15,2.521159843850617,2.5394057432306347,2.4735719874064266,2.5285568237304688,615036000
2017-03-16,2.539158989438443,2.5601172924028957,2.5251045648417083,2.559623956680298,523100000
2017-03-17,2.577130108199134,2.6165812079943196,2.559623745860428,2.6153483390808105,1119688000
2017-03-20,2.6328545276554887,2.7026333045640483,2.6168274679833314,2.69868803024292,748568000
2017-03-21,2.681428680560783,2.7112634987437345,2.603513147490268,2.611403226852417,913484000
2017-03-22,2.6003076773585425,2.6693469308961015,2.5963626376224385,2.6646621227264404,616764000
2017-03-23,2.656771655042277,2.6767437555776104,2.6308821128165722,2.640498161315918,533940000
2017-03-24,2.6868528939057086,2.694742972201354,2.6239779947807866,2.649867534637451,439500000
2017-03-27,2.6032663044178848,2.673045085573386,2.5539527238592745,2.669100046157837,506644000
2017-03-28,2.670333376438035,2.684880902852235,2.6449369309702035,2.6552927494049072,432444000
2017-03-29,2.662689059501374,2.675017512457791,2.6444431654599048,2.6466622352600098,349992000
2017-03-30,2.653813067743887,2.7122498380976516,2.6481420582167323,2.697455644607544,525532000
2017-03-31,2.6878394701553074,2.709537541216124,2.672798844641756,2.6858668327331543,440808000
2017-04-03,2.6863602471595716,2.7036199433126895,2.6486351131959043,2.6723058223724365,445232000
2017-04-04,2.5495151910425293,2.574665205417551,2.47406538306322,2.4849143028259277,1271280000
2017-04-05,2.4661754130606037,2.5241190978939056,2.453353853749436,2.4664220809936523,747048000
2017-04-06,2.471599695427904,2.4965030424159798,2.4264775753068357,2.4844212532043457,635120000
2017-04-07,2.4908322852554723,2.5083386538120687,2.458778387556478,2.4738190174102783,429068000
2017-04-10,2.4745578481846477,2.4812150579841505,2.4065050377418977,2.4106967449188232,756332000
2017-04-11,2.3806154486865014,2.438559115069341,2.3756842079078404,2.4193267822265625,618148000
2017-04-12,2.4193267976618027,2.4336276546714446,2.3941767876076034,2.3993546962738037,414092000
2017-04-13,2.3751907022050966,2.39688853416332,2.3544788360595703,2.3544788360595703,506892000
2017-04-17,2.367300737132801,2.4469422372989325,2.3621228286216014,2.4466958045959473,497292000
2017-04-18,2.4323940872996808,2.4543388197984424,2.406504551402016,2.448174476623535,370116000
2017-04-19,2.4656814073507545,2.4898449797975166,2.4511338832850535,2.457791328430176,380828000
2017-04-20,2.472338921701385,2.501433970647213,2.4511339518969946,2.49674916267395,404016000
2017-04-21,2.4863930052822307,2.5098170441575296,2.47455788707079,2.5071048736572266,341896000
2017-04-24,2.538665202508204,2.551486755811058,2.5177071384144374,2.538418769836426,371820000
2017-04-25,2.5529661958169276,2.5971018624000712,2.531514796899994,2.582554340362549,388440000
2017-04-26,2.5961162911606848,2.598581794111588,2.5628295322933545,2.5648021697998047,327004000
2017-04-27,2.572198171570303,2.613128326751546,2.5541987135665725,2.6047451496124268,319700000
2017-04-28,2.5978422691239946,2.604746147700102,2.566034811925279,2.5717060565948486,348248000
2017-05-01,2.582555260876469,2.6345812589697504,2.5754047136402267,2.6294031143188477,307732000
2017-05-02,2.602527240174056,2.603760109303401,2.5288031711719876,2.551487445831299,629972000
2017-05-03,2.544582706198225,2.5800885256191006,2.5297887519411635,2.570472478866577,336904000
2017-05-04,2.5766373605397486,2.587732947135197,2.552720217662704,2.56061053276062,209788000
2017-05-05,2.549021462584145,2.568007126279278,2.533487502596974,2.560856580734253,228428000
2017-05-08,2.5726924264086484,2.5741717282808936,2.522639068305335,2.5339813232421875,365240000
2017-05-09,2.5396517817223825,2.587239391227207,2.531268367495991,2.5381722450256348,847672000
2017-05-10,2.8180274779709,3.0036933665282106,2.811370267447119,2.9906251430511475,2129096000
2017-05-11,2.960050421236858,3.2159881658534015,2.9565984824750813,3.119086742401123,1939792000
2017-05-12,3.122292203160472,3.1955229195883312,3.101333903062861,3.1533596515655518,962620000
2017-05-15,3.1945367550682153,3.3141222127881327,3.1900983801412877,3.3116564750671387,1087540000
2017-05-16,3.3626966358411203,3.3888330842127967,3.2882332712940188,3.3732991218566895,1120700000
2017-05-17,3.30647885643409,3.3252180885212232,3.144976783899975,3.1491684913635254,1271368000
2017-05-18,3.1930572441645997,3.2899586681001636,3.1326480803865255,3.2810821533203125,1156032000
2017-05-19,3.3822814402707335,3.411653821110822,3.33760566767575,3.356858253479004,1018372000
2017-05-22,3.4005464298073544,3.442753863423472,3.389685853071604,3.4284379482269287,836608000
2017-05-23,3.4481851030504123,3.4504065103704042,3.3497007502526044,3.382282018661499,681248000
2017-05-24,3.479284298695536,3.481999560562253,3.408197872069629,3.420292615890503,815996000
2017-05-25,3.455589272219452,3.456329819661916,3.367718586765042,3.4126412868499756,608228000
2017-05-26,3.4044969543965324,3.585915358840882,3.384257123139435,3.501006603240967,779140000
2017-05-30,3.546915699123474,3.610844060361481,3.5308719946047527,3.5757946968078613,989652000
2017-05-31,3.6207176806880272,3.6283693779981014,3.506189619482518,3.562960147857666,887316000
2017-06-01,3.578756758823279,3.5797442340188512,3.5177903462600546,3.563206672668457,503340000
2017-06-02,3.5602444894385137,3.5864082256650867,3.5395110425623693,3.5454349517822266,487456000
2017-06-05,3.5291434682560836,3.666132717819056,3.5175425802447085,3.6532976627349854,817376000
2017-06-06,3.6486090106505538,3.69476588428931,3.623432748114296,3.636761426925659,758728000
2017-06-07,3.6611976820184116,3.699455934297944,3.645647594676547,3.680696964263916,612612000
2017-06-08,3.787819558012561,3.949245017791207,3.7465993583348878,3.9477641582489014,1161744000
2017-06-09,4.06624150169554,4.159048621071574,3.5234668329465664,3.6925439834594727,3692928000
2017-06-12,3.600723706353705,3.74437741883556,3.507669669635035,3.7016761302948,1697532000
2017-06-13,3.8110216866247466,3.8201544785130337,3.595047329991126,3.736973524093628,1672504000
2017-06-14,3.739935182436256,3.8026293762906778,3.665393170527029,3.7448716163635254,1184640000
2017-06-15,3.627381809959211,3.7912753796668484,3.6160276111541085,3.760915756225586,963824000
2017-06-16,3.770541959111869,3.8184266186768197,3.7083413813624295,3.742403507232666,924960000
2017-06-19,3.786585404414543,3.8882786259416813,3.7828831378486933,3.8830952644348145,778176000
2017-06-20,3.925303421513276,3.9921937488743495,3.873222869302896,3.8774187564849854,1095444000
2017-06-21,3.905062543808405,3.939865211832366,3.8431086678590898,3.9361627101898193,682652000
2017-06-22,3.944308851296898,3.95763776584337,3.8850702249735,3.90901255607605,469132000
2017-06-23,3.9166638952168724,3.9324609078713944,3.781895785484872,3.796952486038208,1088588000
2017-06-26,3.829780381112145,3.865323600159204,3.6611970771122415,3.7554852962493896,1063960000
2017-06-27,3.7379610042720257,3.7465999414300133,3.612325670902897,3.6180026531219482,999492000
2017-06-28,3.6856332124170392,3.7503021248603043,3.5975155901162217,3.745612382888794,994948000
2017-06-29,3.717227078382043,3.7201887975477743,3.556295234042989,3.6204705238342285,1064424000
2017-06-30,3.637748474507282,3.651324080246863,3.5419793930061854,3.568143129348755,731060000
2017-07-03,3.580237501663179,3.595047038812566,3.4205398273979633,3.439051866531372,709072000
2017-07-05,3.502486491319689,3.5597506293901833,3.4834808329655487,3.530871868133545,820188000
2017-07-06,3.50174691270184,3.588383450011089,3.449666125092354,3.5414860248565674,746284000
2017-07-07,3.5982556112237005,3.640709975000814,3.575300524606659,3.6224446296691895,654972000
2017-07-10,3.6959998150945337,3.801148379160222,3.6698360790446354,3.79374361038208,958492000
2017-07-11,3.797445762277314,3.855203518364601,3.7554850174150967,3.8475518226623535,757956000
2017-07-12,3.90728366709906,4.023292552093915,3.8643356868927388,4.011198043823242,1145208000
2017-07-13,4.023292942130979,4.10474609710608,3.9183913156947616,3.964794874191284,1369132000
2017-07-14,3.9810866358168324,4.0729065392486925,3.9741754856008216,4.071425914764404,941948000
2017-07-17,4.105487481439115,4.134366482976695,3.992440281067268,4.054147243499756,930792000
2017-07-18,3.993180635201578,4.110917807590156,3.981332816130015,4.096354961395264,776640000
2017-07-19,4.105486264855918,4.131896923575487,4.063032139624547,4.075126647949219,687044000
2017-07-20,4.0956132242029515,4.134611773966645,4.0457540983138705,4.134365081787109,699596000
2017-07-21,4.113880296813304,4.178796150816961,4.099564140190557,4.149176597595215,648332000
2017-07-24,4.156335289300513,4.165961468427979,4.090432189327003,4.101045608520508,652524000
2017-07-25,4.078089945265795,4.095614984061849,4.037610283457839,4.081298828125,496556000
2017-07-26,4.138809967289808,4.19434633662196,4.09364032412808,4.128443241119385,640404000
2017-07-27,4.153370522760139,4.164971645612556,3.8890179744415065,3.992192029953003,782856000
2017-07-28,3.956403965005867,4.08203954934704,3.9314746256825965,4.057603359222412,513348000
2017-07-31,4.071177200798729,4.107214033421808,3.9645477976363614,4.011198043823242,559672000
2017-08-01,4.001818196248784,4.06179734774254,3.9739269162759743,4.060069561004639,431384000
2017-08-02,4.091172342955125,4.095121302838862,3.9805934628344675,4.057603359222412,478444000
2017-08-03,4.057108733815611,4.112891776800878,4.040077554861996,4.109189510345459,442420000
2017-08-04,4.131898216728335,4.197801302664501,4.109190287685617,4.127208709716797,589096000
2017-08-07,4.1563341107517875,4.2545712958766355,4.146707463567134,4.254077911376953,717412000
2017-08-08,4.292089834323726,4.308627162330029,4.164233083753521,4.203478813171387,755336000
2017-08-09,4.157321041930439,4.250622021198831,4.138562075026808,4.2481536865234375,530784000
2017-08-10,4.249388154481293,4.261729829415027,4.056122185807944,4.066242218017578,1328088000
2017-08-11,3.87865281473805,3.924562763321472,3.774244785592866,3.84952712059021,1497196000
2017-08-14,3.941099277453114,4.16028223746726,3.929498388410841,4.156579971313477,1279020000
2017-08-15,4.161763008520811,4.187926503335929,4.087221011335948,4.121530055999756,764532000
2017-08-16,4.136587508431528,4.160035981173589,4.044027078594935,4.076361179351807,596632000
2017-08-17,4.067969094240807,4.0849998014971405,3.983307059227297,3.9855282306671143,525444000
2017-08-18,4.039831110321502,4.056862290319291,3.9403592926809967,3.986269235610962,601204000
2017-08-21,4.010705495538857,4.022059458823003,3.8843296274308283,3.928264856338501,623672000
2017-08-22,3.9648282584409333,4.021648539868137,3.945558716381119,4.015719413757324,450456000
2017-08-23,3.9823677653758303,4.107125350653623,3.9737207521851414,4.09600830078125,579520000
2017-08-24,4.128123473627382,4.132570670012402,4.054504420691763,4.08093786239624,469700000
2017-08-25,4.105148571635797,4.115277511210586,4.040422499075723,4.04684591293335,357200000
2017-08-28,4.06586727165066,4.078713624907084,4.010282043983342,4.075501918792725,389496000
2017-08-29,4.016707187645477,4.090573632910378,4.008554464179501,4.068833351135254,324096000
2017-08-30,4.088597083762428,4.104161331711971,4.0582107298063805,4.093044281005859,384400000
2017-08-31,4.113300746776235,4.189884594462449,4.105889695478259,4.185932159423828,612684000
2017-09-01,4.198533069482846,4.246706804512534,4.189886054619884,4.211132049560547,445432000
2017-09-05,4.159745880885417,4.1646868967447945,4.040670508602392,4.09872579574585,695364000
2017-09-06,4.131583141868689,4.145417609363333,4.061422224259102,4.096255302429199,397672000
2017-09-07,4.1130536923126,4.147639853686247,4.075008914801589,4.115277290344238,352868000
2017-09-08,4.103666962126179,4.118489539046791,4.019671574240675,4.043881893157959,498856000
2017-09-11,4.089585812737442,4.185686365439459,4.084150506309246,4.175063133239746,567444000
2017-09-12,4.199768702637485,4.199768702637485,4.124914126040575,4.190134048461914,411488000
2017-09-13,4.164935116267149,4.237813473912791,4.132572535971281,4.208909511566162,580960000
2017-09-14,4.169874673196361,4.263010886896249,4.145417446607477,4.1849446296691895,513712000
2017-09-15,4.270421838742263,4.449529647827148,4.265233913757522,4.449529647827148,1364792000
2017-09-18,4.573792672133359,4.723502215510915,4.56687543993515,4.633330345153809,1684460000
2017-09-19,4.582934007934181,4.690151590035903,4.560946819620732,4.628390312194824,874280000
2017-09-20,4.632095967739287,4.679528490973391,4.550818006967465,4.591086387634277,724920000
2017-09-21,4.487327903465913,4.51351491123708,4.387768740209876,4.465588092803955,1075600000
2017-09-22,4.45422334674252,4.503879464885829,4.412225660667147,4.422107219696045,491232000
2017-09-25,4.391227824853588,4.392463314582584,4.203720818820648,4.224472522735596,874580000
2017-09-26,4.359112100197172,4.41420306708364,4.208414397010591,4.248188495635986,1125620000
2017-09-27,4.338605482322211,4.354663543420364,4.267703386852853,4.341322898864746,713720000
2017-09-28,4.348489438429388,4.352442346345035,4.292657264628326,4.340090274810791,435244000
2017-09-29,4.4240836597563025,4.440141251175702,4.378874269277567,4.4164252281188965,619092000
2017-10-02,4.466575413328926,4.495726742825937,4.372698482149282,4.422107219696045,503480000
2017-10-03,4.428283866895473,4.461141197884425,4.387027374487955,4.431248664855957,390332000
2017-10-04,4.437424944114578,4.490539688895516,4.400862084856608,4.468305587768555,427848000
2017-10-05,4.492763302297276,4.496221919319482,4.435942559673739,4.465835094451904,437364000
2017-10-06,4.4381663593988145,4.492269215784202,4.42210829198177,4.478928565979004,318800000
2017-10-09,4.51573855818169,4.6130746052840506,4.496963072230968,4.579970359802246,563492000
2017-10-10,4.729185009887465,4.766735976570185,4.626167232144283,4.667423725128174,974876000
2017-10-11,4.683976347018913,4.7185629923433465,4.638026211569766,4.717080593109131,529508000
2017-10-12,4.720537195462998,4.77019330780095,4.692127068674816,4.719302177429199,528292000
2017-10-13,4.78155731247623,4.817378961431546,4.7346190875014225,4.807250022888184,628728000
2017-10-16,4.837142912426885,4.8927281527108715,4.773899240317055,4.889763355255127,576640000
2017-10-17,4.869012350868152,4.913727458847176,4.85073115835991,4.885317325592041,478596000
2017-10-18,4.894211082083249,4.894951810326376,4.775876446835581,4.881117343902588,567316000
2017-10-19,4.803544600711682,4.891492400486813,4.754382776756501,4.886551856994629,570772000
2017-10-20,4.903599602879934,4.9307742500192715,4.855425400948559,4.864319324493408,451620000
2017-10-23,4.886058413022966,4.912492327887612,4.837143489972931,4.857401371002197,428696000
2017-10-24,4.866542460622054,4.910022555803963,4.840602831906107,4.9082932472229,407244000
2017-10-25,4.868765684317784,4.921633517896593,4.722762103989005,4.784276008605957,828160000
2017-10-26,4.811944444084924,4.846036316092413,4.787981040084801,4.834425449371338,322744000
2017-10-27,4.8865527675137255,4.987100032131524,4.860612671141092,4.986853122711182,572192000
2017-10-30,4.986853108517952,5.0913528083685415,4.971041952838556,5.035768032073975,504056000
2017-10-31,5.067637940148318,5.135822180449626,5.061955723789338,5.1091413497924805,411908000
2017-11-01,5.171891558342777,5.1872084298641425,5.05454498438516,5.118776798248291,502576000
2017-11-02,5.089129837014909,5.133844945800292,5.031074079941591,5.087647438049316,342308000
2017-11-03,5.118775045454971,5.155584812164307,5.072824917826681,5.155584812164307,353640000
2017-11-06,5.1187757516075,5.187454278695054,5.106423681590806,5.178807735443115,389944000
2017-11-07,5.201535756027736,5.259591517591013,5.189430596341997,5.23809814453125,427700000
2017-11-08,5.2336521604475195,5.237358158673502,5.1197646909971475,5.167197227478027,522988000
2017-11-09,5.071096409982074,5.097282949723382,4.950044330842875,5.072331428527832,978564000
2017-11-10,5.264039596459259,5.402137875827418,5.2282179270886635,5.339635372161865,1253256000
2017-11-13,5.3396329405273395,5.365078273283198,5.237603286503175,5.252920150756836,582376000
2017-11-14,5.262060750856264,5.306528946862564,5.218333754276892,5.29121208190918,529292000
2017-11-15,5.236123208613896,5.237358698550347,5.133599690351853,5.187455177307129,501948000
2017-11-16,5.261568089272967,5.291707535790293,5.218829192129079,5.227722644805908,441768000
2017-11-17,5.284789859200453,5.320117228691367,5.206476686698081,5.221546173095703,515664000
2017-11-20,5.237109727750435,5.300847701241143,5.20029996076277,5.288742542266846,396100000
2017-11-21,5.328516997821582,5.349021790880776,5.296648244513089,5.3374104499816895,399176000
2017-11-22,5.364603401437361,5.364603401437361,5.280796753760585,5.313429355621338,356640000
2017-11-24,5.3297470260673565,5.364604779909946,5.305272332618595,5.3636155128479,180752000
2017-11-27,5.3722685480146595,5.373504424552337,5.290686550669087,5.293900489807129,422896000
2017-11-28,5.299092009792155,5.308486274657715,5.148042528939202,5.209105014801025,512752000
2017-11-29,5.191799523116271,5.194518828512013,4.727526340591868,4.855832099914551,1396788000
2017-11-30,4.924558805608327,5.010590148670049,4.861518727407207,4.961888313293457,823768000
2017-12-01,4.92727737025233,4.9475493264088515,4.758181096220914,4.886981010437012,811548000
2017-12-04,4.945570133159746,4.9517509282038485,4.561148540756615,4.614547252655029,1240844000
2017-12-05,4.509232967592282,4.763866361843684,4.464239720195499,4.641246795654297,981488000
2017-12-06,4.590815973655082,4.700580294958526,4.569555219121906,4.678825378417969,467032000
2017-12-07,4.745571857655848,4.78611576111601,4.700083978249232,4.746313571929932,542600000
2017-12-08,4.796251823887119,4.815287901729101,4.725548008571821,4.733953475952148,466876000
2017-12-11,4.748044774099668,4.815288043594854,4.73222310570582,4.812321186065674,372748000
2017-12-12,4.768810063851195,4.792048398212536,4.6943976948010615,4.717883110046387,455016000
2017-12-13,4.758923114323924,4.76015899077714,4.595265440342375,4.602682113647461,554280000
2017-12-14,4.596252935029286,4.680801289276357,4.563620336167987,4.60984992980957,438164000
2017-12-15,4.653855800100561,4.755956350678538,4.588837670049454,4.735684394836426,670036000
2017-12-18,4.7762290347999645,4.895387632489703,4.746563279537735,4.892421245574951,477704000
2017-12-19,4.883025644275852,4.888217173603362,4.819738025449358,4.848167896270752,373100000
2017-12-20,4.887475816521041,4.896622527988584,4.809602399386484,4.8652262687683105,288820000
2017-12-21,4.868686737240153,4.8936555875078716,4.834323624062236,4.842729091644287,300904000
2017-12-22,4.805893806940852,4.836795901043944,4.72802039777307,4.827401638031006,466276000
2017-12-26,4.772026533622046,4.888712912171942,4.742113224337355,4.881049156188965,355080000
2017-12-27,4.8676984720629015,4.943593826460121,4.853112678444961,4.874372959136963,329488000
2017-12-28,4.898104141697622,4.929006227509953,4.873877012043118,4.880057334899902,240248000
2017-12-29,4.906264756973044,4.906264756973044,4.783645153045654,4.783645153045654,279964000
2018-01-02,4.840009577099086,4.93197462052338,4.8083662387712005,4.9282660484313965,355616000
2018-01-03,5.04569409396009,5.283022431580959,5.037041544979342,5.252614498138428,914704000
2018-01-04,5.333948798451929,5.390561458402305,5.2580529787285135,5.28030252456665,583268000
2018-01-05,5.295137048095336,5.362379862490228,5.218252415903529,5.325050354003906,580124000
2018-01-08,5.448657939230332,5.562377429227488,5.403664210874558,5.488212585449219,881216000
2018-01-09,5.493652139424891,5.533206792436085,5.4051485679476965,5.486730098724365,497000000
2018-01-10,5.394268824130911,5.533204690452709,5.339881314783702,5.529743671417236,582664000
2018-01-11,5.562376981636238,5.593773709416241,5.518124971293101,5.539633274078369,406032000
2018-01-12,5.527766757558744,5.562129871196444,5.47189581277833,5.512439250946045,359916000
2018-01-16,5.538892893454774,5.624429605641397,5.356941303063626,5.441489219665527,702348000
2018-01-17,5.456073493746901,5.56534315560548,5.362131337998211,5.555454730987549,538408000
2018-01-18,5.536172317788228,5.602920961181686,5.505023139482716,5.5485334396362305,408632000
2018-01-19,5.6387663180644285,5.712931147397164,5.611819879717228,5.688704013824463,609380000
2018-01-22,5.696616552157048,5.778939791980217,5.639015086686578,5.777209281921387,550944000
2018-01-23,5.830606983285832,5.928999429795258,5.812066009441394,5.906255722045898,475228000
2018-01-24,5.909470022559056,5.945316570520847,5.773748056732924,5.829371929168701,579972000
2018-01-25,5.883759466256507,5.927022687812408,5.828136065229593,5.842968940734863,409884000
2018-01-26,5.886725901017889,6.01577289884531,5.87387061742999,6.015525817871094,516356000
2018-01-29,6.00093935199318,6.13369490720129,5.948282347142214,6.102545261383057,455116000
2018-01-30,5.960643638908393,6.091915779542044,5.893894996919368,6.000445365905762,570832000
2018-01-31,6.075846439405364,6.162372402728371,6.04321383349187,6.076588153839111,478576000
2018-02-01,5.896614405666831,6.103782374746491,5.885242550829288,5.945563316345215,519224000
2018-02-02,5.859037766125038,5.883017823518851,5.714910340786968,5.773005962371826,718464000
2018-02-05,5.611822197378849,5.765838081656066,5.067944985891244,5.283023834228516,1165204000
2018-02-06,5.053111260406739,5.5796828094628586,5.043222362588904,5.576716423034668,1114800000
2018-02-07,5.675602779461113,5.808852512114168,5.604404321683094,5.656319618225098,802932000
2018-02-08,5.781906093477936,5.815032862406845,5.377211973556991,5.377459526062012,1144000000
2018-02-09,5.889939618088343,5.905761287357009,5.37745927526838,5.7374067306518555,1674604000
2018-02-12,5.81849216634343,5.8214590233001084,5.563117549002199,5.637282371520996,1093172000
2018-02-13,5.60094261425498,5.797232864642064,5.56855709237193,5.751003265380859,625524000
2018-02-14,5.710709483095401,5.99723391803949,5.699584705684661,5.96830940246582,744988000
2018-02-15,6.051620049105671,6.140123614163556,5.970780238771598,6.093894004821777,698900000
2018-02-16,6.0667006787423725,6.1804201837903685,6.018987638767597,6.028134822845459,637656000
2018-02-20,6.0506302700600525,6.226648576040035,6.046921698036113,6.157675266265869,686240000
2018-02-21,6.2221999892027835,6.229122029642264,5.966824792907269,5.9705328941345215,892292000
2018-02-22,6.004422258275409,6.076159433249199,5.924521625586391,5.990074634552002,534364000
2018-02-23,6.049938197992208,6.083580493927002,5.99922728365795,6.083580493927002,415300000
2018-02-26,6.129838566968247,6.134291147269622,6.037321903217607,6.099659442901611,469312000
2018-02-27,6.072943129896629,6.157296809960237,6.063790734613667,6.086796283721924,455436000
2018-02-28,6.0976807707522385,6.137260000285155,5.974737735935683,5.986364364624023,523116000
2018-03-01,5.984137430378738,6.0380642802830025,5.6430137154932725,5.74418830871582,1040120000
2018-03-02,5.636581770758997,5.857731157872728,5.48791220161582,5.851299285888672,913428000
2018-03-05,5.801083883445083,5.868863421344419,5.6776459056146935,5.829284191131592,620776000
2018-03-06,5.914626823388165,6.0096172590815,5.871584422286672,5.990322113037109,636808000
2018-03-07,5.88741476867348,6.034600444574324,5.886178124393155,5.982405185699463,581208000
2018-03-08,6.009864286952542,6.009864286952542,5.921800195990279,5.9660797119140625,411912000
2018-03-09,6.013574965861866,6.081601739121654,5.997496227771388,6.06873893737793,505524000
2018-03-12,6.110047851825581,6.2584696848079835,6.1018843962279385,6.178321838378906,605060000
2018-03-13,6.221117704568923,6.29557633587513,6.086300829106872,6.1276116371154785,619772000
2018-03-14,6.170654995786817,6.197865892724463,6.090754362170753,6.153091907501221,505496000
2018-03-15,6.166697773153614,6.24907170131703,6.125881424985876,6.167934417724609,401952000
2018-03-16,6.184260227745709,6.215181528884437,6.146659819872974,6.196134090423584,399456000
2018-03-19,6.139239063752758,6.1681810734862195,5.862678936377799,5.961627006530762,713772000
2018-03-20,5.964595957830835,6.212708574538938,5.964595957830835,6.1738715171813965,554696000
2018-03-21,6.167439412804749,6.23373507357065,6.1182128440574095,6.148639678955078,438688000
2018-03-22,6.085310630996868,6.131816188293879,5.945299018359488,5.982651710510254,551196000
2018-03-23,5.996258584660206,5.998732345338732,5.75185688020973,5.762988567352295,735620000
2018-03-26,5.887416108289084,6.048948970611515,5.8354685439074405,6.047712326049805,611424000
2018-03-27,6.128600443764784,6.18425886794055,5.4384373994498025,5.578696250915527,1409000000
2018-03-28,5.544312435454576,5.674429027012245,5.3679375142096735,5.47554349899292,945904000
2018-03-29,5.543817983300484,5.8255728600296095,5.459464773174981,5.728851318359375,916628000
2018-04-02,5.658351059091432,5.804546877522229,5.380306574265453,5.468122959136963,922092000
2018-04-03,5.635098415873719,5.69817766625001,5.475544379516176,5.574492454528809,667432000
2018-04-04,5.3187098907714105,5.606896582110358,5.2937255263248995,5.5965070724487305,789168000
2018-04-05,5.6548873901333,5.667997896529313,5.404795999636376,5.476285934448242,701240000
2018-04-06,5.373627489864116,5.481728430579818,5.270721305284137,5.299911022186279,662988000
2018-04-09,5.362991080732623,5.490881644087578,5.308569283326123,5.328606605529785,499524000
2018-04-10,5.558907126058944,5.664781522547766,5.501764346437484,5.637818336486816,761676000
2018-04-11,5.622975787367334,5.664286591542333,5.563854192991754,5.5965070724487305,460244000
2018-04-12,5.689518346483145,5.82111927762748,5.64523884014969,5.803308486938477,593920000
2018-04-13,5.866882873124937,5.875293563903824,5.678386864990697,5.726624011993408,503036000
2018-04-16,5.733305260495595,5.759773986982077,5.632130642491671,5.726378917694092,350792000
2018-04-17,5.7785738630548735,5.897311565819146,5.722915417439843,5.87603759765625,447224000
2018-04-18,5.825574285382666,5.918338210129662,5.758042442583606,5.847095489501953,391364000
2018-04-19,5.73280884023235,5.766203900903141,5.610360756261043,5.665771484375,471996000
2018-04-20,5.657114045005151,5.741467260658246,5.626440448654156,5.657608985900879,386200000
2018-04-23,5.675419505711618,5.726624889874579,5.512155073064359,5.538128852844238,427508000
2018-04-24,5.563856889312638,5.659836282959862,5.4065293458515455,5.471835136413574,414596000
2018-04-25,5.442148248859253,5.481233002124547,5.202199155015307,5.359526634216309,588492000
2018-04-26,5.521307448364798,5.57943964540982,5.4552595001524455,5.5712761878967285,375824000
2018-04-27,5.677150647889559,5.696940260246887,5.556433682234758,5.598733901977539,400848000
2018-04-30,5.615061018278359,5.664782525559266,5.544066017229242,5.563360691070557,327844000
2018-05-01,5.555196895059056,5.621492071160562,5.4965697630116805,5.618771076202393,253788000
2018-05-02,5.615307082557776,5.659833348821961,5.572016988609368,5.598238468170166,268248000
2018-05-03,5.630150973666982,5.789705012277473,5.584882045878607,5.76348352432251,443144000
2018-05-04,5.73478938214438,5.916854051621705,5.717473525833498,5.913638114929199,400660000
2018-05-07,6.018275435151204,6.208750783497423,6.008380391268545,6.151607990264893,687616000
2018-05-08,6.151855468982241,6.196877165520586,6.102876132191082,6.194156169891357,506616000
2018-05-09,6.214191537651338,6.3294660393741395,6.186980644211815,6.327239513397217,596760000
2018-05-10,6.380177376179234,6.4439987965924095,6.36236658263779,6.4348464012146,994080000
2018-05-11,6.253028900048545,6.426435602156817,6.19761817238412,6.296318531036377,1214456000
2018-05-14,6.334412787426247,6.394276556960189,6.293101983304856,6.316849231719971,523140000
2018-05-15,6.253277283552213,6.255998750990003,5.973996124182587,6.074428558349609,963528000
2018-05-16,6.035839282085153,6.147650649788595,5.9989810410939,6.0855607986450195,553828000
2018-05-17,6.087290238906246,6.221364939063378,6.071211032157134,6.1276116371154785,519784000
2018-05-18,6.179560095660319,6.242886573657646,6.078879974409376,6.083827495574951,483716000
2018-05-21,6.181292414731934,6.185002820135822,5.949011316922657,6.041775226593018,640624000
2018-05-22,6.05513284111137,6.080364444637207,5.943073796434276,6.0036797523498535,518264000
2018-05-23,5.9474910623648185,6.128430855232108,5.946748428102564,6.127192974090576,442956000
2018-05-24,6.1234807061227,6.173232956177468,6.070263144008926,6.130906105041504,437372000
2018-05-25,6.1435312866437775,6.186600309392357,6.107888136550058,6.170263767242432,292112000
2018-05-29,6.152192961725743,6.221252284671248,6.106401272598585,6.1531829833984375,352684000
2018-05-30,6.186847644038906,6.270757778986238,6.162095209402943,6.262094497680664,390996000
2018-05-31,6.230162383081709,6.316795645063725,6.2195190609302085,6.24229097366333,493868000
2018-06-01,6.287093251127804,6.382885048301087,6.278429971294735,6.376696586608887,421968000
2018-06-04,6.410855486269727,6.577686192519927,6.378677654405407,6.555656909942627,642024000
2018-06-05,6.558874487191297,6.598726050744188,6.514072814720706,6.561102390289307,391712000
2018-06-06,6.471004526033939,6.566301097087873,6.454667984485077,6.563083171844482,371356000
2018-06-07,6.559369706545463,6.571250912124747,6.417043571237328,6.507390022277832,369448000
2018-06-08,6.434617983035637,6.5346172643111355,6.415806152914098,6.492043495178223,360456000
2018-06-11,6.4794190905362585,6.521002834266948,6.438082734200153,6.450953960418701,265372000
2018-06-12,6.477439996064136,6.511597873941147,6.427192492915206,6.49946928024292,319160000
2018-06-13,6.500952884938219,6.575952331146863,6.485853757481514,6.495012283325195,338208000
2018-06-14,6.5400634433694975,6.663329895441756,6.525211699562496,6.60664701461792,430016000
2018-06-15,6.549469370314861,6.62075614066537,6.518528943269654,6.565805912017822,432260000
2018-06-18,6.521745785467801,6.5791712953958426,6.494518535226833,6.5615973472595215,356268000
2018-06-19,6.4583794905920655,6.52570616024331,6.3123411376602325,6.439815521240234,594932000
2018-06-20,6.480905677364324,6.545756596437088,6.4425393782994504,6.492786884307861,369780000
2018-06-21,6.524717446791154,6.543034032415994,6.356401447084333,6.36407470703125,359516000
2018-06-22,6.384866403294761,6.398232878990694,6.19625377946546,6.211599826812744,434160000
2018-06-25,6.1051655308892885,6.108878231204185,5.830166989406254,5.918780326843262,665816000
2018-06-26,6.03214398855067,6.080410964192684,5.938332242571544,5.989817142486572,478884000
2018-06-27,6.033382092386166,6.099718268112569,5.829175125029291,5.834620952606201,453892000
2018-06-28,5.824719628644382,5.973728986554079,5.817046370461789,5.96184778213501,338012000
2018-06-29,6.026947635274118,6.039571004149717,5.862591731320017,5.863829612731934,392300000
2018-07-02,5.794274344435092,5.999718711230233,5.773729860544244,5.996006011962891,357572000
2018-07-03,6.0306592730632165,6.036599875299141,5.853927418799475,5.8623433113098145,222732000
2018-07-05,5.917541010449429,6.013084950434021,5.8786799439543,6.008134841918945,306216000
2018-07-06,5.983630347791446,6.130411819321849,5.962343226824989,6.12199592590332,296352000
2018-07-09,6.196252369748297,6.205905671047215,6.090807273391409,6.169519424438477,303880000
2018-07-10,6.181898494087585,6.2905610888313515,6.141552143759523,6.268531799316406,360016000
2018-07-11,6.175707719786286,6.210360837420715,6.116301700822524,6.126945495605469,367508000
2018-07-12,6.172243233110901,6.266549297581639,6.162342071255608,6.21852970123291,345508000
2018-07-13,6.237094131803665,6.237094131803665,6.12917373393027,6.171252727508545,246988000
2018-07-16,6.143529891967773,6.196500066231124,6.131153912466004,6.143529891967773,197036000
2018-07-17,6.094274479719289,6.2945209396124415,6.068779407640491,6.279421806335449,362136000
2018-07-18,6.2719942207563815,6.285855467663699,6.179172966262045,6.230162620544434,277640000
2018-07-19,6.2113524050045354,6.271995848071747,6.196253745183028,6.238332271575928,235752000
2018-07-20,6.2358574129907876,6.274718486063104,6.199223771098906,6.2101149559021,222352000
2018-07-23,6.183630015005092,6.185362671349162,6.021749396330359,6.173481464385986,301584000
2018-07-24,6.221500314004944,6.308133592834742,6.138579734859166,6.156154155731201,354620000
2018-07-25,6.165558775541486,6.246994068860898,6.107638028803403,6.234370231628418,319112000
2018-07-26,6.21432174708483,6.3447661924542755,6.197489962075434,6.30788516998291,325124000
2018-07-27,6.344518963231708,6.3514495873228665,6.184123643197227,6.238083839416504,295420000
2018-07-30,6.252194938342886,6.258135542614925,6.0078889449816355,6.042789936065674,340340000
2018-07-31,6.032393588684353,6.135610813746627,5.993532512122562,6.060858726501465,283988000
2018-08-01,6.092293539965737,6.147491151329469,6.036848069062112,6.100708961486816,283556000
2018-08-02,6.029422864046929,6.207392170845186,5.970512546317374,6.203432083129883,269668000
2018-08-03,6.2279350755567755,6.263826075996751,6.2111037628224945,6.240063667297363,214288000
2018-08-06,6.227439557055553,6.291300432666818,6.1809052390044545,6.287835121154785,207508000
2018-08-07,6.336599543039704,6.378678542637714,6.30986706321565,6.360114097595215,258132000
2018-08-08,6.361351258878166,6.441548689271029,6.326450276110314,6.396499156951904,262100000
2018-08-09,6.414321935607632,6.417044613971682,6.340312484297559,6.347985744476318,204280000
2018-08-10,6.266054529394272,6.339073945757565,6.25491595835196,6.306648254394531,256396000
2018-08-13,6.315310479726179,6.460359266452225,6.31357782390052,6.3395676612854,375208000
2018-08-14,6.445014166156838,6.4851131184338255,6.3618461961554695,6.471004009246826,466220000
2018-08-15,6.49179610544892,6.5257070684503535,6.334123913204223,6.41283655166626,591136000
2018-08-16,6.482637180461502,6.485112470810512,6.312093310687602,6.372241497039795,801260000
2018-08-17,6.260855938824325,6.261598573101792,6.032886572288912,6.059866905212402,1143188000
2018-08-20,6.019273912852223,6.267292074334021,5.9088782218015945,6.13461971282959,854388000
2018-08-21,6.150957292472519,6.274719006718994,6.131155437077622,6.270263671875,673988000
2018-08-22,6.2375906113744275,6.510361253130673,6.234125298469542,6.505410671234131,749856000
2018-08-23,6.466795529194882,6.6702598671362034,6.452934280689882,6.604913711547852,720684000
2018-08-24,6.61333067995877,6.752686294113966,6.6088753453738045,6.738082408905029,531512000
2018-08-27,6.767783210557326,6.903426089630164,6.736348017002678,6.829169273376465,505776000
2018-08-28,6.823230838380294,6.846003231787956,6.671498761156393,6.791547775268555,475384000
2018-08-29,6.783870123958359,6.9220638787685544,6.763066874763031,6.897050380706787,420108000
2018-08-30,6.865844143444432,6.9770432588958675,6.843307293074484,6.880208492279053,346608000
2018-08-31,6.860149766448013,6.964166493738179,6.850243186529078,6.951288223266602,306592000
2018-09-04,6.9381613723056486,7.063724380717595,6.909680665999053,7.02608060836792,391720000
2018-09-05,7.008494923759812,7.043910038146073,6.814330365217973,6.895314693450928,393156000
2018-09-06,6.878970349510498,6.881446994105533,6.7212119150171805,6.754150390625,322796000
2018-09-07,6.662021270551889,6.858414979468355,6.6171950906039445,6.732851982116699,295420000
2018-09-10,6.755388421289059,6.833648589365164,6.711552807362428,6.803929328918457,220140000
2018-09-11,6.757618688628142,6.845289937473325,6.736815437520146,6.756133079528809,243112000
2018-09-12,6.7162599468956925,6.73582511238472,6.486680191103665,6.642210006713867,419092000
2018-09-13,6.70808633550243,6.810616968640093,6.690750295161723,6.719974040985107,305536000
2018-09-14,6.810368075228793,6.912155647241551,6.773466880056739,6.8460307121276855,386936000
2018-09-17,6.820523857411709,6.869560290478322,6.7648005306606285,6.784117698669434,205528000
2018-09-18,6.78808053926946,6.890858701568669,6.705362585990242,6.7120490074157715,299520000
2018-09-19,6.693473148469908,6.753654232335474,6.643446164059408,6.735822677612305,224860000
2018-09-20,6.613727540408757,6.656077073612248,6.540668183187939,6.594657897949219,430584000
2018-09-21,6.606546322485214,6.65211554564563,6.491384942236943,6.524570941925049,435128000
2018-09-24,6.493612988627571,6.58376086317136,6.40643727638973,6.580293655395508,293912000
2018-09-25,6.646419352500221,6.672423413770137,6.560729239319334,6.647409915924072,280388000
2018-09-26,6.6523638930926,6.6927323091105935,6.5946594344359095,6.610509395599365,268548000
2018-09-27,6.645674449003442,6.666973209946929,6.590942174296995,6.622394561767578,214428000
2018-09-28,6.754397549329762,6.981995632681032,6.726411894005894,6.9597063064575195,709396000
2018-10-01,7.037470907457912,7.233121068118423,6.998836109672704,7.166253566741943,622060000
2018-10-02,7.138765315395407,7.2504590181159045,7.07264036466385,7.0949296951293945,383964000
2018-10-03,7.165264780334179,7.172694714984471,6.9971047023831385,7.101121425628662,320552000
2018-10-04,7.0649628239554145,7.089233280992622,6.839840872342374,6.916862964630127,391220000
2018-10-05,6.892096013348278,6.954258228447809,6.625862647195452,6.683319568634033,426636000
2018-10-08,6.600108427829573,6.715517356645422,6.441111392912322,6.582029342651367,408612000
2018-10-09,6.561472223939249,6.656077879498464,6.508473538428222,6.576332092285156,273500000
2018-10-10,6.470333754612757,6.516150973299993,6.082500072685271,6.084729194641113,684940000
2018-10-11,5.997552610324311,6.131041059295213,5.801654891488775,5.8232011795043945,725436000
2018-10-12,6.080269206709023,6.180075637758238,5.935141091385182,6.105777740478516,608236000
2018-10-15,6.092405629140085,6.092405629140085,5.828401393083541,5.829391956329346,449760000
2018-10-16,5.9420766181979765,6.099339987005121,5.8927926724875395,6.088195323944092,408712000
2018-10-17,6.1503589713373295,6.188498735256255,5.970558711744901,6.019595146179199,329668000
2018-10-18,6.088938723706652,6.127325531337077,5.871741778746061,5.932170391082764,524020000
2018-10-19,5.987397325998699,6.006962009537349,5.639189133767482,5.675594806671143,613608000
2018-10-22,5.727852601163914,5.827906586779276,5.623588366961172,5.7263665199279785,368844000
2018-10-23,5.459141890450927,5.552261920968703,5.367012895548835,5.47474479675293,626436000
2018-10-24,5.436358037810588,5.4829178213294165,4.924694992215334,4.938563823699951,884288000
2018-10-25,4.840986500866575,5.19464312196533,4.79665536662568,5.147340297698975,951720000
2018-10-26,4.91132125169537,5.0730424094284645,4.7827865641589655,4.910826206207275,664784000
2018-10-29,5.051991210550828,5.055458418159861,4.359041899960511,4.597042083740234,758016000
2018-10-30,4.6200737682276225,5.0373785951125045,4.597041404355104,5.027472019195557,807192000
2018-10-31,5.192166028776889,5.264977860383043,5.052486217473549,5.2213897705078125,745772000
2018-11-01,5.257795649835205,5.411096774570711,5.131242095891826,5.40168571472168,566528000
2018-11-02,5.3922745284325195,5.498024833610456,5.2060349347782315,5.3226823806762695,452960000
2018-11-05,5.309556780936672,5.3328371463739455,5.083939789167688,5.244670391082764,379332000
2018-11-06,5.236743693915871,5.320947695639661,5.189935928010206,5.227085113525391,299012000
2018-11-07,5.293706721323058,5.38434964719211,5.230058418828138,5.294697284698486,483812000
2018-11-08,5.235505437875134,5.236248478312891,5.048027785504093,5.101522445678711,511352000
2018-11-09,5.012614021861589,5.183993770495799,4.978932504644819,5.093598365783691,413240000
2018-11-12,5.00221209676428,5.0242539023239985,4.672330415819614,4.694124698638916,617116000
2018-11-13,4.791950011125851,5.0574398781904035,4.785758163668603,4.936087131500244,644712000
2018-11-14,5.109200524907613,5.123564874254562,4.775604583769926,4.8835835456848145,526580000
2018-11-15,4.877640223132298,5.084435576631756,4.841729582049803,5.012366771697998,840708000
2018-11-16,4.044764036724098,4.22654542575318,4.002414023206302,4.072254180908203,1963520000
2018-11-19,4.0068722372807795,4.007614805607336,3.581889566680612,3.583623170852661,1697820000
2018-11-20,3.3201135112430618,3.820384104822775,3.301539150693231,3.6920969486236572,1692032000
2018-11-21,3.82930057896662,3.8461413387420933,3.556628264658548,3.5838706493377686,1025496000
2018-11-23,3.5491985126740127,3.704728074520094,3.5363202431252327,3.591052770614624,411968000
2018-11-26,3.7121572676729935,3.8008190554545203,3.629686854474979,3.790417432785034,814832000
2018-11-27,3.7644130807754865,3.8884902188876285,3.7285026836209276,3.807258129119873,738060000
2018-11-28,3.9248960868553975,3.969474741099672,3.792398682502481,3.9642739295959473,804524000
2018-11-29,3.9665050381833353,4.003690928347455,3.870813183574996,3.901057720184326,549172000
2018-11-30,3.9107263735194358,4.062197315560244,3.8604013185875687,4.05153751373291,729564000
2018-12-03,4.27886777206089,4.330432387835545,4.148468664480365,4.2154035568237305,890804000
2018-12-04,4.170780536036875,4.1757387815732026,3.8797382374438167,3.8948607444763184,812112000
2018-12-06,3.7542976227579477,3.9290717595963147,3.738679574801594,3.9241137504577637,692308000
2018-12-07,3.928328126566014,3.938492388503107,3.6100161729814864,3.6593494415283203,681676000
2018-12-10,3.6144780911958607,3.7895002264165343,3.610759407205173,3.76470947265625,629472000
2018-12-11,3.8564352837820137,3.864616200273389,3.5946459560580037,3.6737282276153564,671912000
2018-12-12,3.679429165859756,3.7875163938795193,3.590182889360843,3.691328763961792,654136000
2018-12-13,3.738182946637535,3.8023906989318346,3.6551342437766,3.6910805702209473,471384000
2018-12-14,3.6494328250648613,3.733225325873302,3.607040915630101,3.630592107772827,471820000
2018-12-17,3.6005951019784517,3.6727357689675313,3.5014323310872175,3.5594425201416016,662868000
2018-12-18,3.6033229952954637,3.7267805386616524,3.576053349850624,3.642740249633789,564372000
2018-12-19,3.6090231111642805,3.6625710588821825,3.3821886491981386,3.433753252029419,745364000
2018-12-20,3.4253257377620923,3.515315816674143,3.2894728318279185,3.3492183685302734,749588000
2018-12-21,3.3757435961027555,3.408715261858569,3.1846076575707007,3.212125301361084,863740000
2018-12-24,3.1357703320667087,3.2222897217099375,3.086436834380712,3.1503968238830566,463840000
2018-12-26,3.1965076078473897,3.30062839531516,3.085445466071388,3.2996368408203125,695100000
2018-12-27,3.2473280539922786,3.28178705102201,3.1032942599623907,3.2517902851104736,637044000
2018-12-28,3.272367180055687,3.4059889685610223,3.230471044610633,3.3132717609405518,628728000
2018-12-31,3.356655053696355,3.389130707577157,3.278812356119745,3.3095529079437256,465140000
2019-01-02,3.2386513988649237,3.433010007847513,3.224024907740163,3.376983165740967,508752000
2019-01-03,3.3167425225473055,3.350705749528964,3.1655195728587797,3.172956705093384,705552000
2019-01-04,3.2460886819625787,3.4144172229901493,3.2153483666881577,3.376239776611328,585620000
2019-01-07,3.4335063448265637,3.5919186397254865,3.3821894994418393,3.554980516433716,709160000
2019-01-08,3.6365417630672487,3.638773115344162,3.393841183709454,3.466477870941162,786016000
2019-01-09,3.5177943883948593,3.5820023877661367,3.4672215634745385,3.5346522331237793,617260000
2019-01-10,3.5153149904373824,3.6090234951759435,3.4548256838131812,3.600346803665161,523156000
2019-01-11,3.578035639733323,3.7124011996404653,3.550270223301125,3.68959379196167,874764000
2019-01-14,3.637284844500532,3.754792542231654,3.6137336563118376,3.729506015777588,730168000
2019-01-15,3.762231003686877,3.801648257001639,3.697031674058997,3.715376853942871,617012000
2019-01-16,3.7426459262234966,3.7756173598890985,3.6843879610240897,3.6898417472839355,470104000
2019-01-17,3.6568709503815646,3.8011525601496507,3.6296010686452704,3.761239528656006,493436000
2019-01-18,3.811067526306895,3.91642786002907,3.759502917198431,3.890397548675537,651336000
2019-01-22,3.8601532826546614,3.871804874593101,3.657861522351456,3.688106060028076,661552000
2019-01-23,3.743389738594542,3.8321402518400047,3.669761495731134,3.7009975910186768,591020000
2019-01-24,3.785533005729498,3.930558105677471,3.780822768196953,3.912956953048706,708972000
2019-01-25,3.853460200679696,3.9883213129565482,3.750826975539661,3.970224142074585,1154572000
2019-01-28,3.3851647195512267,3.5113491415161504,3.2475767107034397,3.421359062194824,2511528000
2019-01-29,3.3752484215285294,3.4235903710038373,3.2478244397568155,3.262450933456421,1153932000
2019-01-30,3.3385577900313033,3.420366939461349,3.258979756236235,3.4059884548187256,974228000
2019-01-31,3.4027658628909117,3.5993558465088427,3.3809500088856073,3.563657283782959,842852000
2019-02-01,3.5822498677131627,3.639020494598922,3.5346519465207686,3.58795166015625,625048000
2019-02-04,3.6038177877095725,3.7354562123743165,3.581754165068187,3.698270320892334,528592000
2019-02-05,3.710169943306687,3.7540494212708473,3.6764547263616927,3.7173593044281006,542424000
2019-02-06,3.750578985234241,3.8574269087437347,3.7451251987562206,3.792971134185791,702464000
2019-02-07,3.7466124261619984,3.7488435420610164,3.611751317049208,3.6546390056610107,637120000
2019-02-08,3.5874559982311216,3.6838916413500185,3.5730775132556327,3.673231840133667,461604000
2019-02-11,3.629104539625841,3.683396048547904,3.5822501621722687,3.630592107772827,495180000
2019-02-12,3.6690178762694337,3.7632224164653842,3.6546391529236506,3.7476041316986084,591060000
2019-02-13,3.7771045173246294,3.8631281274147784,3.7634695803135063,3.7899956703186035,605372000
2019-02-14,3.7890045354396915,3.859162100657443,3.745868604000875,3.8309006690979004,827264000
2019-02-15,4.039637355529462,4.062444524187962,3.8777544044591794,3.900561809539795,1516748000
2019-02-19,3.889902335586985,3.9637785833052037,3.870813611202492,3.883208751678467,551892000
2019-02-20,3.9124610379970117,3.9977408564554087,3.9013054608465048,3.930558204650879,540988000
2019-02-21,3.9432013430220425,3.967743847662192,3.847013487289964,3.861639976501465,448548000
2019-02-22,3.9134530552089353,3.965265435947853,3.8998181186262215,3.9464244842529297,401740000
2019-02-25,4.029969689522631,4.097400123693652,3.9253528882636495,3.9340298175811768,656020000
2019-02-26,3.9293193180145027,3.985346162492454,3.861144867868001,3.8946123123168945,488464000
2019-02-27,3.8802338527077245,3.9067597070524536,3.7956975718020582,3.8527162075042725,500256000
2019-02-28,3.8465119697999417,3.868846593297564,3.805813501351757,3.8281478881835938,324944000
2019-03-01,3.87802833679696,3.9246827342467894,3.819710339984673,3.882495403289795,357188000
2019-03-04,3.9209605496575777,3.943791460804945,3.8341037350030662,3.8906848430633545,409992000
2019-03-05,3.8750501245061786,3.9224490694630063,3.820702672853995,3.88423228263855,362924000
2019-03-06,3.875298406688872,3.8837357777195898,3.7705740442945035,3.773303747177124,403524000
2019-03-07,3.7497288167682017,3.7594072644137047,3.657908878673847,3.7040669918060303,450104000
2019-03-08,3.6147289208119844,3.7489846994719547,3.59338687172159,3.738313674926758,422416000
2019-03-11,3.7618885148316314,4.021713920598748,3.71473759404681,3.9988832473754883,859728000
2019-03-12,4.0266777127384925,4.079536070908694,3.950491917364302,4.033130168914795,579576000
2019-03-13,4.070602962463781,4.213792413195135,4.063157928942841,4.18450927734375,768900000
2019-03-14,4.193689282212502,4.205601140389938,4.10087656668901,4.108569622039795,519384000
2019-03-15,4.151751733403672,4.256724382835705,4.148277479222248,4.214040756225586,661484000
2019-03-18,4.245558287755196,4.299409716349772,4.165649945323777,4.192699909210205,486992000
2019-03-19,4.28724721470183,4.404876253817737,4.27037247223958,4.36045503616333,854972000
2019-03-20,4.389490655990729,4.4428455392717945,4.2932036509999785,4.327946662902832,719148000
2019-03-21,4.3510258861708415,4.590998377395191,4.346062531082183,4.564692974090576,824312000
2019-03-22,4.537395351809043,4.586034905106406,4.390979693756557,4.404876708984375,747644000
2019-03-25,4.364177832270975,4.428451521700274,4.2463007662543,4.312560081481934,525212000
2019-03-26,4.454260896302469,4.510345483093209,4.332909563202776,4.389242649078369,703508000
2019-03-27,4.414803686265147,4.461209590640525,4.310575592412955,4.38006067276001,474372000
2019-03-28,4.406117617184522,4.464435858708699,4.345566197104481,4.398673057556152,480264000
2019-03-29,4.4654281289817,4.4803181938808985,4.4150514487343315,4.455997943878174,456896000
2019-04-01,4.5478183128725345,4.553774244421854,4.476099581852805,4.52349853515625,483824000
2019-04-02,4.5475710087734535,4.5857878083922925,4.504638878986136,4.5413665771484375,440920000
2019-04-03,4.59099784662336,4.739895168747722,4.586034492108522,4.680832386016846,783504000
2019-04-04,4.665447338520244,4.714335397681236,4.609114719215145,4.671899795532227,457376000
2019-04-05,4.715080810354002,4.75602779195894,4.678601133650199,4.738656044006348,481744000
2019-04-08,4.708131717201252,4.784565789395119,4.684059961542745,4.7595014572143555,424192000
2019-04-09,4.725998485944832,4.737165797719995,4.654527785250104,4.696715354919434,439972000
2019-04-10,4.695970641427767,4.793001716968582,4.691503811538995,4.767192840576172,444772000
2019-04-11,4.769675068980152,4.801191854240975,4.703912268394467,4.753296375274658,374600000
2019-04-12,4.7920098293763855,4.795980608365704,4.706642104424839,4.715327739715576,471708000
2019-04-15,4.707634350608777,4.712597705664351,4.543847420427578,4.583553314208984,440092000
2019-04-16,4.622763580392764,4.6895189606848335,4.590006191352661,4.670658588409424,394964000
2019-04-17,4.705647892457855,4.7264934099103,4.625491576540861,4.647826194763184,351004000
2019-04-18,4.654527824770293,4.688525811871769,4.595465037399118,4.6232590675354,380988000
2019-04-22,4.599683567259181,4.692744336178638,4.568167259490763,4.677110195159912,279936000
2019-04-23,4.690263121353449,4.762974900877764,4.680584910244433,4.731706142425537,346856000
2019-04-24,4.7421292496106355,4.784813349232688,4.681329801891096,4.744114875793457,318204000
2019-04-25,4.703911504137331,4.7262461258643835,4.558736936243019,4.638396739959717,499296000
2019-04-26,4.484535268096744,4.489002570313442,4.300647420111964,4.4195170402526855,868988000
2019-04-29,4.427460004612761,4.478085191279062,4.355244741377716,4.450291156768799,391920000
2019-04-30,4.418029665796931,4.517294409433283,4.398921267730033,4.491734027862549,362920000
2019-05-01,4.544096688524751,4.586284266973485,4.478333406238044,4.47858190536499,354280000
2019-05-02,4.488257940156219,4.587770668916559,4.445077806147348,4.546079635620117,394684000
2019-05-03,4.554518494249588,4.564444730621852,4.480069591465539,4.541614055633545,336824000
2019-05-06,4.3552440090825275,4.475354735160598,4.318019794360678,4.463194847106934,422176000
2019-05-07,4.414803865661272,4.414803865661272,4.247790693614883,4.295934200286865,555220000
2019-05-08,4.268386873117729,4.396190160148709,4.256475013019429,4.316033840179443,419168000
2019-05-09,4.2470449525351395,4.256723161645196,4.104600098630432,4.223469257354736,660248000
2019-05-10,4.192698426677271,4.258213200204973,4.069857989647031,4.189472198486328,569500000
2019-05-13,4.0574505607810405,4.080529739066469,3.916246260731636,3.932128667831421,656912000
2019-05-14,3.971832309337777,4.056455919986508,3.9331192427735977,4.021216869354248,524880000
2019-05-15,3.965629914136931,3.996650174053518,3.906319334322508,3.9601705074310303,502320000
2019-05-16,3.954710918214644,4.017992277710945,3.912275319453882,3.9753081798553467,781088000
2019-05-17,3.9333692486664815,4.062661675740512,3.8450235572620977,3.884481191635132,1022068000
2019-05-20,3.78571231163381,3.84080432009012,3.7410430644171724,3.765859365463257,572064000
2019-05-21,3.8266596659925742,3.8638838869591168,3.787946343654508,3.848001480102539,361848000
2019-05-22,3.8092882306886033,3.8353451369119655,3.766107842757893,3.777027130126953,325868000
2019-05-23,3.71473789281593,3.71473789281593,3.59611650414154,3.65592360496521,591844000
2019-05-24,3.6747842674657405,3.7100233347697302,3.5953724714748616,3.6020729541778564,357584000
2019-05-28,3.6196915203898934,3.6524489011476025,3.554921072680236,3.5569064617156982,428356000
2019-05-29,3.509260218852775,3.544251023971281,3.447964244283567,3.4827070236206055,559800000
2019-05-30,3.4859372467902072,3.5217133956601248,3.41786316929217,3.4561238288879395,394300000
2019-05-31,3.4071797223828777,3.4745083945267075,3.3637017354912766,3.365440845489502,389720000
2019-06-03,3.376620553494657,3.415378061068025,3.2943853005049557,3.323701858520508,478644000
2019-06-04,3.3878008606857044,3.5579860371069967,3.3656892861228087,3.5527687072753906,641836000
2019-06-05,3.6265565811110236,3.6320224561896626,3.4737627571280982,3.510035753250122,511616000
2019-06-06,3.514259416547438,3.5967432137193844,3.511774906305069,3.5721471309661865,408140000
2019-06-07,3.5781097579801444,3.649164948157457,3.558979313986619,3.614879608154297,348856000
2019-06-10,3.671028349531437,3.7562452035078784,3.671028349531437,3.6876742839813232,402780000
2019-06-11,3.7475493704262557,3.7853131677784257,3.7058107357981984,3.7453134059906006,383872000
2019-06-12,3.70183568426828,3.7080469602873056,3.617115917017962,3.6322710514068604,358892000
2019-06-13,3.6543822132026853,3.7018352667303276,3.6367425703957896,3.68345046043396,308080000
2019-06-14,3.590283814836257,3.614631353049393,3.548793486774963,3.5935134887695312,394428000
2019-06-17,3.5917742148022604,3.640221217075607,3.5689172416942827,3.6032028198242188,276040000
2019-06-18,3.6645689299172894,3.8536357625554243,3.6536374159713,3.7982325553894043,581920000
2019-06-19,3.8335117237315703,3.844940092005507,3.778108281375568,3.8041951656341553,331644000
2019-06-20,3.8948771803167332,3.908790057178576,3.814132501040221,3.8285422325134277,350168000
2019-06-21,3.8136361587022307,3.862828325873782,3.7639468999166295,3.770406484603882,434428000
2019-06-24,3.7917731000533736,3.8223319153064,3.7445683490329396,3.792766809463501,282948000
2019-06-25,3.797735725721477,3.872766233645329,3.7607173264509215,3.7634501457214355,311868000
2019-06-26,3.8909018127913964,4.0178575153804035,3.8779826461274642,3.956739664077759,584072000
2019-06-27,4.042454498358668,4.074503878313571,4.006429806818568,4.055373668670654,445440000
2019-06-28,4.099347566693324,4.108540206066905,4.03350971195814,4.080217361450195,397668000
2019-07-01,4.287420420704294,4.321705992505331,4.090900102637731,4.128415584564209,709756000
2019-07-02,4.111770086156782,4.13288818594991,4.017361067786199,4.030528545379639,400228000
2019-07-03,4.053881674403648,4.059596094274445,3.9835718958573536,4.043447017669678,246636000
2019-07-05,3.9850631105605014,3.989535039072313,3.9174856697123612,3.980839490890503,396552000
2019-07-08,3.9212126041796265,3.9400945021535914,3.8757472058921416,3.905808925628662,329788000
2019-07-09,3.8635732502768936,3.936367787172201,3.8509026274936953,3.9082934856414795,342860000
2019-07-10,3.9517719898684347,4.034007249838489,3.937859110154245,3.976616621017456,452076000
2019-07-11,4.049658964227611,4.1718942189385295,4.0123922569733725,4.1311492919921875,682560000
2019-07-12,4.158974394153869,4.235247380361121,4.158974394153869,4.164191722869873,506392000
2019-07-15,4.185310850156466,4.20145945794279,4.127423128501158,4.155745506286621,289840000
2019-07-16,4.1408384684179715,4.178105174932756,4.095372830579117,4.15102481842041,341444000
2019-07-17,4.152764620848793,4.223323208289703,4.123448058029821,4.216366767883301,348204000
2019-07-18,4.226799630979774,4.290898368571763,4.170153948441138,4.228041648864746,442192000
2019-07-19,4.266303829378748,4.272763177319047,4.178850769267074,4.184813499450684,344896000
2019-07-22,4.206179426989189,4.26928446749446,4.198725896647237,4.2563652992248535,315940000
2019-07-23,4.295619899958281,4.366177997005154,4.279967438837135,4.364190578460693,428176000
2019-07-24,4.407420539576318,4.444438939161471,4.3313963216236395,4.438724517822266,366236000
2019-07-25,4.397233968892098,4.409904829207143,4.284191357013776,4.307545185089111,392700000
2019-07-26,4.3346264915523784,4.396240742334675,4.3346264915523784,4.3495330810546875,274160000
2019-07-29,4.342327614108528,4.359470402443908,4.255123345438182,4.343321323394775,248160000
2019-07-30,4.296862638242982,4.371147749850861,4.282452666700874,4.358973979949951,197772000
2019-07-31,4.327421126674234,4.32841530996409,4.149534346321979,4.191770076751709,359416000
2019-08-01,4.202203799351424,4.292637970423486,4.045186373406644,4.097360134124756,421212000
2019-08-02,4.004689693450928,4.074006239767578,3.9572368815028436,4.004689693450928,428348000
2019-08-05,3.821089087595534,3.8223313426400565,3.699350936463408,3.746307134628296,589156000
2019-08-06,3.821089385558157,3.8665547864405707,3.7373633319030835,3.785064697265625,361272000
2019-08-07,3.724195893554964,3.8352510946970146,3.7068047941557003,3.8233256340026855,372560000
2019-08-08,3.8809644606453158,3.93313798792632,3.823573604329803,3.9318957328796387,309300000
2019-08-09,3.8909028739666085,3.8943810938681445,3.7800962179549016,3.8305306434631348,341816000
2019-08-12,3.7783565982699034,3.830530126690227,3.7408413480102225,3.762704610824585,279200000
2019-08-13,3.761214167611439,3.9229520974003353,3.7222083497157232,3.8769896030426025,351956000
2019-08-14,3.7887912883404784,3.799971347162587,3.684692776415969,3.728419065475464,419880000
2019-08-15,3.747301036378363,3.767176644239833,3.6618358751868536,3.6961212158203125,477200000
2019-08-16,3.9589764916981913,4.0133857486541995,3.8976103218634126,3.964193820953369,1007960000
2019-08-19,4.077483890126318,4.258848821534412,4.061334815066991,4.242948055267334,815112000
2019-08-20,4.237482513754813,4.237979605222216,4.149532864405939,4.170650959014893,463188000
2019-08-21,4.236737836701404,4.309283823277182,4.2151231208071644,4.254128932952881,427244000
2019-08-22,4.26381986451658,4.306303907872529,4.22108703837855,4.260341644287109,303488000
2019-08-23,4.183820185871356,4.238229689306233,4.015870963200146,4.0357465744018555,568056000
2019-08-26,4.114503780573438,4.1386030106390885,4.072268050737797,4.110528469085693,318208000
2019-08-27,4.14878789520998,4.151520713885262,3.9905284560210776,4.019845008850098,290968000
2019-08-28,3.99348385731186,4.062122404377937,3.9541904082343726,4.009399890899658,255612000
2019-08-29,4.100918475882633,4.185473535124823,4.097436813714103,4.153143882751465,357976000
2019-08-30,4.199399210227295,4.249137636253038,4.147671398949572,4.165825843811035,290616000
2019-09-03,4.092961536949312,4.126037336263914,4.059885737634711,4.082765102386475,296140000
2019-09-04,4.1434459999176525,4.20437558337992,4.1434459999176525,4.1969146728515625,227728000
2019-09-05,4.2991259394861,4.4761940885888105,4.297385108269852,4.469976902008057,695676000
2019-09-06,4.446600835126917,4.503551173277764,4.4048208732378376,4.442870616912842,376976000
2019-09-09,4.473955477602737,4.575421741674363,4.472463201099678,4.488876819610596,417524000
2019-09-10,4.456050782002219,4.582137270607853,4.446351930803564,4.555527687072754,352812000
2019-09-11,4.57019887082949,4.6323716774588215,4.541101853127337,4.584125518798828,361512000
2019-09-12,4.630632065686321,4.68534397916281,4.574676430118892,4.582634449005127,327840000
2019-09-13,4.51598551662954,4.553040562902472,4.48091985660155,4.524689674377441,324592000
2019-09-16,4.449584034270801,4.516233204088188,4.439139046979034,4.481665134429932,231832000
2019-09-17,4.488379448135824,4.507280034934073,4.441874119348141,4.503052234649658,223048000
2019-09-18,4.496088827261823,4.511756306315904,4.389400077978017,4.475944519042969,258152000
2019-09-19,4.481912963716712,4.5003164401635996,4.38964844989743,4.4003424644470215,245476000
2019-09-20,4.399348989262219,4.422974490707629,4.284453641507711,4.294649600982666,350244000
2019-09-23,4.2948986692139135,4.393628951438278,4.2911679773319555,4.348118305206299,249712000
2019-09-24,4.379453262443288,4.409047393511585,4.255107631817105,4.290670394897461,317268000
2019-09-25,4.290174396571986,4.452072710334968,4.245409877110496,4.4324259757995605,308432000
2019-09-26,4.4227265223260215,4.431430680556662,4.359309970255871,4.41029167175293,234564000
2019-09-27,4.368511015596242,4.419244154293702,4.210840550728801,4.27152156829834,362056000
2019-09-30,4.297385955837763,4.339165913267927,4.266050513424115,4.328969478607178,186184000
2019-10-01,4.352098250709145,4.501313142744529,4.322504111625093,4.327229022979736,366008000
2019-10-02,4.305342695296318,4.317279957967904,4.230984069733126,4.303353309631348,293372000
2019-10-03,4.307830508275811,4.51523894620959,4.2774902364086245,4.509021759033203,450588000
2019-10-04,4.511259767403537,4.554781026972775,4.446102866898809,4.525435447692871,265524000
2019-10-07,4.590342704593588,4.683850469153932,4.581638549612751,4.584125518798828,480984000
2019-10-08,4.492359696487562,4.492359696487562,4.389401602417057,4.407556056976318,444436000
2019-10-09,4.48440171937648,4.543590469038714,4.4555537201762165,4.494100570678711,292412000
2019-10-10,4.491862030522236,4.6027781304495905,4.486639536337521,4.5517964363098145,309124000
2019-10-11,4.635853158175998,4.708719502549397,4.61695257257357,4.625408172607422,446404000
2019-10-14,4.616704593283885,4.659728267054926,4.585618184116955,4.638838291168213,200040000
2019-10-15,4.72911421687751,4.956169413310423,4.715187089656604,4.883551120758057,664124000
2019-10-16,4.84948023741831,4.954428183676151,4.818393825639987,4.829833507537842,428944000
2019-10-17,4.874347518371989,4.919360563965253,4.777357629740315,4.831821441650391,263436000
2019-10-18,4.8323200037831615,4.864898689154544,4.662961309729431,4.7373199462890625,307440000
2019-10-21,4.798746636070834,4.888027090545017,4.779846046393975,4.874597549438477,261868000
2019-10-22,4.931547495369261,5.036743978175857,4.856940309699533,4.864649772644043,328720000
2019-10-23,4.782581809503783,4.865893153302689,4.750749263949336,4.851717948913574,279916000
2019-10-24,4.892999742490089,4.9293086391679815,4.858929260405029,4.895735740661621,232020000
2019-10-25,4.97631151457108,5.10762045221123,4.968602052373202,5.086730480194092,423092000
2019-10-28,5.130500075054106,5.195159854407328,5.101154501129985,5.142686367034912,330792000
2019-10-29,5.12875963673601,5.13522585233698,5.027045287413625,5.046442985534668,211236000
2019-10-30,5.073301091653049,5.079021168401791,4.980290433289985,5.048431873321533,205960000
2019-10-31,5.027542645655289,5.048432621386472,4.919362075375267,4.999191761016846,209732000
2019-11-01,4.963877507310036,5.070566274339447,4.938759730853926,5.038236618041992,283640000
2019-11-04,5.119309075026829,5.2473853893637274,5.096181161014931,5.234950542449951,376716000
2019-11-05,5.23470281570408,5.260815286841443,5.16482053032148,5.212818145751953,300868000
2019-11-06,5.1886948568814235,5.214309743320998,5.0760374547211295,5.163577079772949,269012000
2019-11-07,5.250120988498,5.264793776027549,5.136468905218654,5.1812334060668945,280340000
2019-11-08,5.1643232978060345,5.198891370489453,5.126770671726105,5.167307376861572,189100000
2019-11-11,5.166561136650646,5.200383070318119,5.0802652339781655,5.177255153656006,243436000
2019-11-12,5.215553670203346,5.268773779861292,5.180488013003898,5.212818145751953,283504000
2019-11-13,5.181482974763488,5.2090877240663085,5.120553872283122,5.186954498291016,300188000
2019-11-14,5.195907131607126,5.219533108176041,5.135972723130333,5.217294692993164,518080000
2019-11-15,5.215056302877689,5.266784137947912,4.989741954699469,5.078027725219727,1053628000
2019-11-18,5.070566972330775,5.305828732957794,5.067582892988016,5.279219150543213,574588000
2019-11-19,5.248133991606952,5.27175950032392,5.11433801177944,5.172531604766846,414564000
2019-11-20,5.14965058310742,5.335671461810984,5.13696717967048,5.251862525939941,472588000
2019-11-21,5.247383556980942,5.303090133811054,5.205354595468409,5.226990699768066,288388000
2019-11-22,5.2496238288195185,5.296129164582115,5.22102438971042,5.244650363922119,224100000
2019-11-25,5.372725486057657,5.506272842981448,5.359793530399682,5.501298904418945,506476000
2019-11-26,5.483642287883037,5.488367672442759,5.390134507414551,5.396600723266602,385244000
2019-11-27,5.4421446449121875,5.476489009402694,5.405062263056597,5.431442737579346,215784000
2019-11-29,5.40058262026836,5.428953948692531,5.370219488637328,5.394111633300781,141556000
2019-12-02,5.387142932977289,5.400582382431357,5.192522976774216,5.207704067230225,372036000
2019-12-03,5.024035123991091,5.172115443423006,4.986704002882057,5.168133735656738,465232000
2019-12-04,5.251754486173234,5.274153250327025,5.183314028899267,5.211934566497803,273424000
2019-12-05,5.233836590939642,5.249515633114968,5.164400222417688,5.195012092590332,184884000
2019-12-06,5.264199438610396,5.31322789545581,5.254244219585735,5.280375957489014,232236000
2019-12-09,5.257479713237847,5.335128712742705,5.2487691339367535,5.280375957489014,211880000
2019-12-10,5.310488984126515,5.377187801107265,5.257727566372665,5.3254218101501465,256388000
2019-12-11,5.335874929258308,5.414519348765117,5.333386124722475,5.409043788909912,233796000
2019-12-12,5.38017457953969,5.5947045015481045,5.37121526284886,5.576536655426025,404348000
2019-12-13,5.57952346947821,5.698734503784872,5.520539797455136,5.574545860290527,454704000
2019-12-16,5.62208033062008,5.675837174921617,5.593957268960997,5.603414535522461,320976000
2019-12-17,5.622080328336072,5.704208972288633,5.61262306177845,5.681561470031738,321196000
2019-12-18,5.716405165584833,5.772402089725288,5.707943323769652,5.711925506591797,343548000
2019-12-19,5.746519103766496,5.873445307267032,5.741541493898004,5.860005855560303,445360000
2019-12-20,5.92645483671851,5.982700493032748,5.9072915629512766,5.957315444946289,603044000
2019-12-23,5.985936568370332,6.018041344705996,5.932926400438514,5.943627834320068,355060000
2019-12-24,5.928196483595949,5.955821596103844,5.8938516464908,5.9386491775512695,138864000
2019-12-26,5.942133176740019,5.980957670496352,5.923218643267122,5.9528350830078125,182852000
2019-12-27,5.968017387348438,5.98145683875349,5.868716303748757,5.895097255706787,254644000
2019-12-30,5.873196108744252,5.878422456289142,5.750500835781686,5.781858921051025,258056000
2019-12-31,5.74651875151284,5.865481056746165,5.727355476853931,5.856023788452148,231004000
2020-01-02,5.941884868219942,5.970754146575928,5.891363512424235,5.970754146575928,237536000
2020-01-03,5.851045086775378,5.918988068029837,5.826157518294826,5.875185966491699,205384000
2020-01-06,5.781858231804876,5.905050966215078,5.75572649719555,5.899824619293213,262636000
2020-01-07,5.928196548695039,6.0170449229818495,5.883150279100278,5.971251964569092,314856000
2020-01-08,5.967022086819687,6.023765699991168,5.926953419217713,5.982452392578125,277108000
2020-01-09,6.068811482955992,6.1205774820472,5.994397977935121,6.048154830932617,255112000
2020-01-10,6.155420652016834,6.1857833144054,6.06632351903336,6.080509185791016,316296000
2020-01-13,6.163632128120506,6.296282128119939,6.140984150343223,6.271145820617676,319840000
2020-01-14,6.228339569543208,6.2537250915044345,6.140984569750498,6.154175281524658,359088000
2020-01-15,6.166867313650455,6.189266079309119,6.085734091320788,6.111617088317871,263104000
2020-01-16,6.1651246756422955,6.20121162555612,6.141730485110568,6.1952385902404785,284192000
2020-01-17,6.214400712132339,6.221867123569306,6.156412959908515,6.203948020935059,253792000
2020-01-21,6.16736492115884,6.204198560894106,6.13650431691283,6.170600414276123,217916000
2020-01-22,6.215895459222514,6.311214340256056,6.196980925833093,6.224606037139893,239240000
2020-01-23,6.2646751491590695,6.301508314316864,6.175826780010042,6.293046474456787,244516000
2020-01-24,6.4085242141438945,6.458299349372817,6.17955944653442,6.233814239501953,373512000
2020-01-27,5.929191841222907,6.0289908580944,5.779618159624937,5.97797155380249,470536000
2020-01-28,6.0439220823106865,6.2036996898923915,5.990662721553178,6.171346187591553,310976000
2020-01-29,6.1569130145371735,6.19299997011159,6.071050915088323,6.110871315002441,258848000
2020-01-30,6.013063007373622,6.131029877336464,5.9580619920465185,6.117590427398682,290504000
2020-01-31,6.0717982136305295,6.083744287335184,5.842335907093359,5.884146690368652,370420000
2020-02-03,5.86597757728614,6.0006189034883555,5.859755803690975,5.981206893920898,255564000
2020-02-04,6.123067645221185,6.169607307115315,6.073043750872566,6.1504435539245605,271544000
2020-02-05,6.27139460720877,6.281598562985633,6.157409927409583,6.240783214569092,208220000
2020-02-06,6.275127851182207,6.327640056610107,6.193994633007796,6.327640056610107,218284000
2020-02-07,6.287571055701337,6.3097210809777176,6.236053805193534,6.261439323425293,189752000
2020-02-10,6.284087069479362,6.545405351799179,6.27910946084505,6.54465913772583,529608000
2020-02-11,6.652919535414561,6.781836561422516,6.5909495893900365,6.667105197906494,638556000
2020-02-12,6.719866771412749,6.789303132024063,6.6810422774865765,6.782832145690918,374644000
2020-02-13,6.724844697684495,6.806226658607772,6.69746832287338,6.739030361175537,528016000
2020-02-14,7.149177081897548,7.341059519682939,7.11781899548029,7.212142467498779,1041924000
2020-02-18,7.108858240876231,7.399295506798921,7.089446230395402,7.380878448486328,620164000
2020-02-19,7.5033260411474485,7.849759796148318,7.5033260411474485,7.832089424133301,694332000
2020-02-20,7.784056461298665,7.872406892694111,7.375404030472952,7.682764530181885,810052000
2020-02-21,7.570521784732128,7.595658094730664,7.2337940614080205,7.318660259246826,768180000
2020-02-24,6.724347667696697,7.01503371226464,6.669844123344768,6.801249980926514,856916000
2020-02-25,6.876408173585741,6.938378114394786,6.419972036951763,6.521761894226074,1055496000
2020-02-26,6.522011817590938,6.855255296567621,6.520518914603024,6.6611328125,747732000
2020-02-27,6.3476138513951454,6.6489327656694925,6.197950654317164,6.290338516235352,906416000
2020-02-28,6.037827190608867,6.784898103552778,6.021142747479022,6.725381374359131,1133252000
2020-03-02,6.895463350895679,6.912646039429373,6.499515804177386,6.883759021759033,890744000
2020-03-03,6.939541911176485,6.99930752770116,6.5358745190694,6.6212897300720215,652792000
2020-03-04,6.728617764574341,7.09443339761163,6.653910399827267,7.084970474243164,597408000
2020-03-05,6.885503158817926,7.052349007113652,6.7609913459099165,6.805566787719727,540328000
2020-03-06,6.626020340965271,6.683545020586872,6.424809118163866,6.625024318695068,515412000
2020-03-09,5.9740769221666445,6.459673198416253,5.931245111708743,6.112036228179932,614160000
2020-03-10,6.388452338454061,6.501509189605713,6.1257327953788865,6.501509189605713,580648000
2020-03-11,6.361556597447995,6.389945366883533,6.040565295838088,6.137684345245361,499964000
2020-03-12,5.614486423807878,5.879945599168345,5.373929705464922,5.386630058288574,816540000
2020-03-13,5.739994165932216,6.001967021688667,5.468807747955837,5.9974846839904785,634836000
2020-03-16,5.289510622766234,5.630424311039589,4.8310582281153325,4.890823841094971,726972000
2020-03-17,5.003133705903673,5.499936062141312,4.756351479681672,5.410536289215088,833632000
2020-03-18,4.982962115786236,5.228001143281701,4.499358442377343,5.05069637298584,874268000
2020-03-19,5.029280865027534,5.397089051683916,4.815868008217613,5.3034563064575195,765512000
2020-03-20,5.453617044388222,5.735511767463592,5.108221508815818,5.123661041259766,804636000
2020-03-23,5.12266549047354,5.390864363327464,4.943617513362338,5.296483993530273,643876000
2020-03-24,5.702641033345908,6.2918312232495754,5.678983959481302,6.205170631408691,1101644000
2020-03-25,6.320218564952922,6.519935497420141,6.067708657505267,6.116517543792725,793432000
2020-03-26,6.323706009766051,6.529897835657393,6.2255909210386315,6.405884265899658,696108000
2020-03-27,6.225589760738807,6.552308779778752,6.192718654401704,6.293573379516602,638828000
2020-03-30,6.359066374433606,6.623031728248877,6.314989186529954,6.6138176918029785,602252000
2020-03-31,6.653912498492417,6.858112313226497,6.418585199014542,6.564264297485352,949960000
2020-04-01,6.366290699169608,6.512716463918711,6.008443592103317,6.053018569946289,656912000
2020-04-02,6.082153060595825,6.375004996448508,6.034091777591289,6.361806869506836,675764000
2020-04-03,6.324203549888502,6.365790446984206,5.93647398835557,6.073935031890869,663212000
2020-04-06,6.356078940367916,6.720649696082763,6.2985542597634785,6.683794021606445,727884000
2020-04-07,6.9054250880511185,6.929082636686835,6.407377832223849,6.450459003448486,784520000
2020-04-08,6.559532083650061,6.672588942297645,6.489556401478478,6.64768648147583,542444000
2020-04-09,6.7734427014723,6.796352639085369,6.485073111903276,6.548076152801514,525564000
2020-04-13,6.488311394390533,6.7286192589957325,6.399908111031606,6.719903469085693,398408000
2020-04-14,6.848150516707085,7.10514282623038,6.820508875785905,7.071026802062988,530948000
2020-04-15,6.902935179098929,7.0765047828116625,6.857613073884868,6.993579864501953,366148000
2020-04-16,7.148970258403204,7.4458062782420305,7.135772131696852,7.338726043701172,745620000
2020-04-17,7.420903174994001,7.442319315033417,7.145483321026608,7.279458045959473,539120000
2020-04-20,7.152955099952114,7.308843758155547,7.1038973186254335,7.148223400115967,449388000
2020-04-21,7.030185208005617,7.091444608493572,6.6516692364294805,6.711434841156006,735160000
2020-04-22,6.903681973130234,7.168643384661599,6.858110983321336,7.1258111000061035,483356000
2020-04-23,7.167896641934298,7.299878868796105,7.047368909886649,7.0725202560424805,424160000
2020-04-24,7.062309990799621,7.213466940038057,6.987602620072734,7.211474895477295,352328000
2020-04-27,7.345948193997558,7.557867261209609,7.321294622853795,7.397994041442871,479388000
2020-04-28,7.545415682520919,7.57529872664852,7.250073931686254,7.255552291870117,442904000
2020-04-29,7.390273596385241,7.485151719845998,7.315068455671368,7.432358741760254,379160000
2020-04-30,7.3783211316071595,7.432359499221081,7.264517624193777,7.278462886810303,375916000
2020-05-01,7.080986751472618,7.194292483570223,6.993579499567315,7.0418901443481445,342096000
2020-05-04,6.994574835078078,7.267504872616787,6.994574835078078,7.253808498382568,317556000
2020-05-05,7.357900981818073,7.477432203170718,7.253808818035892,7.314819812774658,368896000
2020-05-06,7.39425806760454,7.520513027172209,7.356406373420387,7.415673732757568,323464000
2020-05-07,7.554879704517515,7.655236210039987,7.503580985868356,7.591984272003174,373732000
2020-05-08,7.663702298727556,7.788214116659685,7.629835164045799,7.781988620758057,339216000
2020-05-11,7.777008568160704,8.080817728764211,7.7483709050665075,8.034001350402832,469060000
2020-05-12,8.091774438081288,8.140582861200253,7.7623161571035055,7.772027969360352,493060000
2020-05-13,7.886577506904461,8.046948482659857,7.565087945015073,7.749614715576172,625852000
2020-05-14,7.811123830529549,8.004615284650143,7.65747611657853,7.999136924743652,602312000
2020-05-15,7.858937857612312,8.467302394602049,7.843249435093587,8.45759105682373,987660000
2020-05-18,8.726284047612651,8.881674894814699,8.646596579808966,8.716073989868164,774460000
2020-05-19,8.755918935665225,9.05200780138796,8.728526186700774,8.771109580993652,717320000
2020-05-20,8.955886844050895,9.007683809546332,8.854036071033905,8.934968948364258,587536000
2020-05-21,9.016153153112684,9.017148700824473,8.703379230641689,8.740982055664062,761068000
2020-05-22,8.790783051898014,9.057488103343827,8.679220949290434,8.990998268127441,1038764000
2020-05-26,9.120988085794831,9.14589101839165,8.638131479647026,8.68370246887207,770780000
2020-05-27,8.591314793554313,8.599034084910985,7.965518321925909,8.491954803466797,1175892000
2020-05-28,8.379395599557078,8.726285899870943,8.346524488362034,8.45385456085205,734896000
2020-05-29,8.521090089361191,8.840836524963379,8.451861551510003,8.840836524963379,745256000
2020-06-01,8.798751283519696,8.806221687857695,8.655562517360025,8.771856307983398,389876000
2020-06-02,8.761894954765905,8.802734236486176,8.624184566222704,8.790781021118164,391320000
2020-06-03,8.787795042920095,8.831622874015267,8.666021935863746,8.735250473022461,365440000
2020-06-04,8.69787819453533,8.912385353241994,8.647552560413976,8.736246109008789,424280000
2020-06-05,8.764151688071133,8.965952278985723,8.677950020915608,8.8892183303833,481748000
2020-06-08,8.846612491618359,8.859069161454645,8.65577368666941,8.774612426757812,387736000
2020-06-09,8.769631554767159,9.078312217954664,8.721049866135466,9.014781951904297,468488000
2020-06-10,9.136114184321398,9.467217295005197,9.121912605675263,9.334426879882812,632180000
2020-06-11,9.118424384663026,9.229290402084363,8.755681123434155,8.76589584350586,583652000
2020-06-12,9.130883002675036,9.155547353636894,8.67321730504706,8.901676177978516,570908000
2020-06-15,8.784829388857338,9.150562516844673,8.713575356427903,9.142091751098633,400004000
2020-06-16,9.1931625738871,9.234768438468002,8.80824512604789,9.037201881408691,535716000
2020-06-17,9.08229864167295,9.266908669502051,9.038947864267794,9.204126358032227,408304000
2020-06-18,9.195158418164446,9.250466921441895,9.083046458766479,9.186189651489258,254408000
2020-06-19,9.210604521255469,9.412405087364501,9.195406943583055,9.229289054870605,524160000
2020-06-22,9.26790480732503,9.498356546575156,9.241246562062615,9.493871688842773,398468000
2020-06-23,9.518040209035501,9.60922473407461,9.375036034949984,9.417388916015625,375108000
2020-06-24,9.443546092407447,9.523519878138092,9.112941082565484,9.203627586364746,449372000
2020-06-25,9.323465132248014,9.472200128697818,9.15056378762105,9.45725154876709,376072000
2020-06-26,9.4672151136185,9.4672151136185,9.093509253870403,9.123405456542969,592084000
2020-06-29,9.13810678244257,9.17273685020403,8.869287056151329,9.168251991271973,342248000
2020-06-30,9.281856485536037,9.493373744022515,9.234520755425343,9.464972496032715,367892000
2020-07-01,9.487893554343412,9.542704051253338,9.380515464752774,9.497111320495605,326648000
2020-07-02,9.605735972928237,9.703896302605694,9.545195612171268,9.579078674316406,364056000
2020-07-06,9.708132553081654,9.874556080488281,9.678983345665323,9.805295944213867,315892000
2020-07-07,9.911927631799411,10.035250331547491,9.816757188984752,9.837684631347656,357800000
2020-07-08,9.95926117147938,10.189713887639842,9.931108920781993,10.180744171142578,365480000
2020-07-09,10.344427963094862,10.533522858711208,10.19818394553141,10.472733497619629,494548000
2020-07-10,10.552209640724762,10.618479869923425,10.34293428234566,10.443087577819824,497676000
2020-07-13,10.558439364814555,10.75500811512354,9.99040565708493,10.017561912536621,457076000
2020-07-14,10.040232450582947,10.366851638295143,9.751731237272898,10.341190338134766,542676000
2020-07-15,10.378312439988601,10.396996976392158,10.021049087895884,10.191957473754883,403984000
2020-07-16,9.980438549107026,10.171526393548673,9.86135078427712,10.099775314331055,344964000
2020-07-17,10.190211440074396,10.213131830331509,10.052937148532017,10.16629409790039,266284000
2020-07-20,10.23879599441658,10.494909117056759,10.121701155338005,10.474479675292969,284852000
2020-07-21,10.476722161899874,10.523560860217113,10.251253190453125,10.292859077453613,277036000
2020-07-22,10.331722094937254,10.565910768554447,10.255984157807204,10.402726173400879,367292000
2020-07-23,10.413937722405896,10.510603105060774,9.996632984171347,10.094793319702148,411660000
2020-07-24,9.840922467199292,10.32898230288005,9.743261080131965,10.159319877624512,473292000
2020-07-27,10.196939292576193,10.405715681180023,10.182488715413822,10.385536193847656,292132000
2020-07-28,10.338449041682763,10.346171855580362,10.174018492028203,10.180246353149414,271636000
2020-07-29,10.354891294507025,10.479957918378492,10.31129246650235,10.429383277893066,284508000
2020-07-30,10.339197927038796,10.586342272548213,10.259723067690757,10.577373504638672,308880000
2020-07-31,10.52679762994463,10.729347131097473,10.39699712310846,10.578120231628418,386080000
2020-08-03,10.69546415667313,11.060450332078197,10.678273622483482,10.97225570678711,412720000
2020-08-04,11.011867707424818,11.189003944396973,10.86836458429402,11.189003944396973,310336000
2020-08-05,11.205199894465501,11.332508502653472,11.127717987110488,11.247801780700684,249924000
2020-08-06,11.310584486947855,11.318806254006425,11.14017503553135,11.29638385772705,244316000
2020-08-07,11.273462404012015,11.465049231458748,10.999411764399314,11.160852432250977,342516000
2020-08-10,11.295136986086273,11.368881025799643,10.819034882228621,11.126470565795898,427796000
2020-08-11,11.035533253455245,11.098316512695563,10.758492772663406,10.812556266784668,354512000
2020-08-12,10.952822240724048,11.427428441497376,10.920434129138265,11.400771141052246,464412000
2020-08-13,11.50615721615584,11.681301477453934,11.316564275592059,11.403512954711914,374460000
2020-08-14,11.490208662293185,11.66435591118837,11.401018059489926,11.524091720581055,366436000
2020-08-17,11.810351132151725,12.366924042281948,11.776469020888552,12.294425010681152,621300000
2020-08-18,12.40703504191184,12.45287677557738,12.044540832043971,12.218438148498535,503448000
2020-08-19,12.254062869151925,12.272498399019215,12.05624729573367,12.09660816192627,622624000
2020-08-20,11.933675460535376,12.332294707284191,11.837757080597434,12.099102020263672,921388000
2020-08-21,12.159642451084375,12.764548088001417,12.153164638813207,12.639730453491211,999868000
2020-08-24,12.839290026426893,12.867941232553465,12.464338144000836,12.67635440826416,490564000
2020-08-25,12.587160613133165,12.717210094124312,12.530357162147993,12.705999374389648,289076000
2020-08-26,12.755079279788657,12.824090403622819,12.633998562589216,12.728919982910156,321244000
2020-08-27,12.73738997776775,12.805654096298026,12.523131806331266,12.58466911315918,317604000
2020-08-28,12.631258689838903,13.10262593825955,12.59887058142453,13.102376937866211,537160000
2020-08-31,13.137257437320157,13.52815388381572,12.992758311577335,13.328346252441406,500840000
2020-09-01,13.437497512438236,13.949627750320245,13.394134719856545,13.777422904968262,511316000
2020-09-02,14.65739052033488,14.680318719031057,13.856174608412418,14.301267623901367,874012000
2020-09-03,13.785149967250463,13.840724090532843,12.838145345378821,12.974464416503906,945128000
2020-09-04,12.743447254586053,13.133464399789727,11.66784941249155,12.582706451416016,1463684000
2020-09-08,11.69750413983094,12.510433341431117,11.667349913206706,11.875441551208496,795728000
2020-09-09,12.360905048543636,12.76886502863657,12.193185421465744,12.674912452697754,736200000
2020-09-10,12.948295699401134,13.024056287990675,12.128637849212998,12.272932052612305,698684000
2020-09-11,12.446137258689868,12.612610574725382,11.858246276405783,12.12614917755127,636928000
2020-09-14,13.039759537676474,13.273021054817024,12.591427528763537,12.831666946411133,1201744000
2020-09-15,13.238130162189842,13.256821236776068,12.787306500721442,12.950041770935059,727556000
2020-09-16,12.916398336111536,13.051471089335553,12.47429702575866,12.475044250488281,556384000
2020-09-17,12.094000865150567,12.550058975439136,11.996808402477319,12.424206733703613,792512000
2020-09-18,12.554044480221386,12.592672005177674,11.950952377889003,12.150819778442383,698460000
2020-09-21,11.88740432937985,12.483020443369432,11.866968777052533,12.477787017822266,721044000
2020-09-22,12.53535123728596,12.608121024990037,12.117174508183115,12.59790325164795,646452000
2020-09-23,12.53585102033723,12.68687406505385,12.04116641481339,12.085525512695312,647012000
2020-09-24,12.034188858042343,12.52987072793665,11.976122083308846,12.30906867980957,731240000
2020-09-25,12.408256652197235,12.842881933702188,12.207142912715822,12.833162307739258,588016000
2020-09-28,12.999137539161858,13.010601640307375,12.709802791708746,12.993904113769531,573808000
2020-09-29,12.896707546809955,13.400364450604624,12.89247137312833,13.184048652648926,621460000
2020-09-30,13.116014669590138,13.579548676728841,13.1087876961571,13.487838745117188,689184000
2020-10-01,13.714624981038467,13.71935930583392,13.418311387565605,13.571577072143555,525004000
2020-10-02,13.183304746291645,13.476875649121473,13.00985259385237,13.02106761932373,552496000
2020-10-05,13.194269071030487,13.601231779612217,13.181060496314407,13.5994873046875,479820000
2020-10-06,13.786395919465548,14.09741250205041,13.621916178803843,13.693190574645996,784420000
2020-10-07,13.955612959185514,14.074736369831703,13.819792021827784,13.919975280761719,418084000
2020-10-08,14.03062436412646,14.040094914623563,13.714624359696066,13.795119285583496,378900000
2020-10-09,13.723594615604076,13.780664136525914,13.617679798335953,13.71935749053955,346892000
2020-10-12,13.945392496427578,14.301765409334289,13.868635604663355,14.181146621704102,434744000
2020-10-13,14.251425250890234,14.303261347469597,13.9745509443215,14.203327178955078,344604000
2020-10-14,14.245444791209522,14.297529966845348,13.915987137027978,14.050810813903809,276100000
2020-10-15,13.767209481431077,13.961594409547011,13.72434482502913,13.925957679748535,267224000
2020-10-16,13.99249587281889,14.076978854570742,13.74901562850576,13.767955780029297,242392000
2020-10-19,13.859165412616278,13.939411256075054,13.364479876319214,13.455193519592285,298068000
2020-10-20,13.540675128663521,13.7562437743147,13.464416371504672,13.602479934692383,229212000
2020-10-21,13.58204420681316,13.748019370402716,13.43500919480444,13.482110023498535,219596000
2020-10-22,13.479868040929487,13.568836277147218,13.190034178145442,13.318877220153809,290480000
2020-10-23,13.407597191275125,13.550396043668407,13.249348086572756,13.547405242919922,233484000
2020-10-26,13.384669660400956,13.649581780090575,12.997394244849335,13.099820137023926,336896000
2020-10-27,13.264051434538397,13.39962331395523,13.149912360113271,13.35451602935791,250520000
2020-10-28,13.156389534597933,13.218194335892415,12.569246774303116,12.587189674377441,376520000
2020-10-29,12.798022516795879,13.151155583949004,12.709801518732187,12.982937812805176,320080000
2020-10-30,12.809487666588163,12.895714171196541,12.261221483654902,12.494483947753906,416820000
2020-11-02,12.617844058143817,12.796279626218718,12.355922756739838,12.54108715057373,299652000
2020-11-03,12.668431452103215,13.06368096759497,12.563014786179766,12.978450775146484,272900000
2020-11-04,13.347038123353176,13.78390701250947,13.294952940813513,13.750761032104492,410228000
2020-11-05,14.11785195725786,14.293794895535292,13.94689241948969,14.11535930633545,319028000
2020-11-06,14.06526480662683,14.542754714559118,13.851192528563923,14.51608943939209,383348000
2020-11-09,14.506619243028116,14.6451809486513,13.567838779939635,13.587775230407715,582976000
2020-11-10,13.563602104010792,13.563602104010792,12.588436707125263,12.729740142822266,644068000
2020-11-11,13.01259532860774,13.392643737566482,12.907427719129638,13.375697135925293,404744000
2020-11-12,13.436503832434182,13.722598689302842,13.274017628340097,13.414323806762695,365812000
2020-11-13,13.584286919539194,13.625656173241703,13.018077819853307,13.255078315734863,346312000
2020-11-16,13.130971023574494,13.606467432541349,13.114523521877004,13.472640991210938,413776000
2020-11-17,13.50977173125303,13.553383607027966,13.261806251274743,13.379932403564453,312028000
2020-11-18,13.422795610021868,13.562852697914124,13.143429609551601,13.3864107131958,510924000
2020-11-19,13.171094026592812,13.444977567044422,13.058699445144363,13.397876739501953,565936000
2020-11-20,13.411583145369244,13.451955146489949,13.023808681876831,13.046487808227539,341088000
2020-11-23,13.129725162390375,13.340308505174802,12.974465923751294,13.098573684692383,361356000
2020-11-24,13.101064907711441,13.120503208532503,12.844377045037543,12.916897773742676,346500000
2020-11-25,12.991411800755374,13.227664107698024,12.978951400504695,13.193023681640625,259916000
2020-11-27,13.332831332124405,13.365229132389386,13.128975881494377,13.219439506530762,167276000
2020-11-30,13.22318004895571,13.370215066759313,12.931352638422043,13.359249114990234,286952000
2020-12-01,13.449712726033608,13.48609762777796,13.186544162676142,13.347784996032715,296948000
2020-12-02,13.308409069816136,13.630390679939252,13.192525541134518,13.501797676086426,283360000
2020-12-03,13.548663195020822,13.620956200375707,13.290902903796256,13.357710838317871,199520000
2020-12-04,13.410060816255628,13.521242861894294,13.350481990906417,13.519497871398926,202244000
2020-12-07,13.56237266927651,13.692001198908406,13.46141238072456,13.567856788635254,223244000
2020-12-08,13.54616991993234,13.559880694269241,13.243537241523532,13.31184196472168,271920000
2020-12-09,13.262484401385127,13.37565963790805,12.831469836351852,12.893791198730469,401300000
2020-12-10,12.832216697833104,13.031395694916,12.812771704768545,12.935171127319336,207764000
2020-12-11,12.930186145778586,12.982785958539413,12.786348532943185,12.976055145263672,209264000
2020-12-14,13.050591101752886,13.350481252818426,13.040121159359513,13.270709991455078,270156000
2020-12-15,13.401334261222443,13.425514976759326,13.149058115081804,13.322311401367188,193016000
2020-12-16,13.384132860265757,13.398841178227903,13.174733085029276,13.2046480178833,223116000
2020-12-17,13.328542301379823,13.34125648065479,13.140830805209069,13.303115844726562,231384000
2020-12-18,13.340759578929227,13.36668528801916,13.033142001811628,13.234066009521484,342064000
2020-12-21,13.03737902706712,13.331785067544075,12.930435361494242,13.294142723083496,302332000
2020-12-22,13.281180494833558,13.29912869656647,13.01668843755986,13.240297317504883,185580000
2020-12-23,13.218112472817584,13.23705822199878,12.967830405935214,12.972067832946777,179144000
2020-12-24,12.999985337124272,13.094963214418865,12.901767578496214,12.956609725952148,97884000
2020-12-28,13.025163617065004,13.025163617065004,12.726769309604906,12.863127708435059,212564000
2020-12-29,12.88806027515449,13.035138755167859,12.80554645683257,12.906257629394531,170372000
2020-12-30,12.953120278145812,13.175981710757751,12.859888338350087,13.108176231384277,225396000
2020-12-31,13.098954915579233,13.113413138382816,12.878087589325604,13.017687797546387,192424000
2021-01-04,13.066792224905207,13.613475282257896,12.925447074226154,13.07601547241211,560640000
2021-01-05,13.062304664728773,13.405072074607714,13.049591437015838,13.366433143615723,322760000
2021-01-06,13.184706458898969,13.207142186008463,12.55002633699992,12.578444480895996,580424000
2021-01-07,12.930435562151088,13.33951363281077,12.849667703065894,13.305859565734863,461480000
2021-01-08,13.324306483553258,13.382638612575214,13.004722188085635,13.238801002502441,292528000
2021-01-11,13.380392749147797,13.921093376579737,13.324303918323547,13.582563400268555,518344000
2021-01-12,13.713191537825285,13.71518662773532,13.30685695821669,13.446207046508789,291476000
2021-01-13,13.451443789096095,13.586058171685414,13.346744347714584,13.493074417114258,210028000
2021-01-14,13.536198445576108,13.56087745931454,13.142826263852895,13.162519454956055,283120000
2021-01-15,13.190189882912284,13.287161896457812,12.811775176828125,12.82274341583252,277780000
2021-01-19,12.979046798283063,13.05657477975122,12.807289326171569,12.988021850585938,226188000
2021-01-20,13.07427241809494,13.392111717368742,13.019430270891426,13.327547073364258,258572000
2021-01-21,13.380145761603893,13.959236264193995,13.21511912323299,13.827862739562988,337780000
2021-01-22,13.700726105452485,13.802185641575923,13.588298330647525,13.673304557800293,246820000
2021-01-25,13.742358087685238,13.788974533130535,13.198666607439788,13.614225387573242,251112000
2021-01-26,13.541683847092358,13.605750200050279,13.349235639705508,13.396849632263184,163980000
2021-01-27,13.192183617318866,13.194926152460098,12.757180837312008,12.880826950073242,371272000
2021-01-28,12.95910366922323,13.30162199857024,12.923455463539968,13.013696670532227,228316000
2021-01-29,13.037629611862155,13.296637574814783,12.87459708533729,12.95262336730957,271552000
2021-02-01,13.015937580665542,13.232815590381426,12.865867488405556,13.199162483215332,217204000
2021-02-02,13.360453169364302,13.53320722236084,13.247526137181742,13.518001556396484,220440000
2021-02-03,13.597023775479286,13.891929046731677,13.477866134624353,13.491826057434082,245408000
2021-02-04,13.492326119723447,13.634418753169928,13.299628759470641,13.625195503234863,201340000
2021-02-05,13.685769436183508,13.697984368062173,13.507031081489062,13.552151679992676,169152000
2021-02-08,13.68801261621437,14.432378862406338,13.68801261621437,14.397479057312012,434624000
2021-02-09,14.299760559735732,14.541567742930555,14.181848652102182,14.222482681274414,287560000
2021-02-10,14.421909473206185,14.862396381578142,14.300507596143618,14.72204875946045,485352000
2021-02-11,14.937432968957507,15.22859817563987,14.882340720231461,15.207159042358398,450828000
2021-02-12,15.006981847771694,15.247542306068212,14.732767326648847,14.918485641479492,374756000
2021-02-16,15.021191826127696,15.328561180758324,14.907268204475995,15.286431312561035,321960000
2021-02-17,15.127635715976565,15.179986376068083,14.737753530677445,14.863393783569336,274756000
2021-02-18,14.686900817071333,14.830738429748369,14.533340707240383,14.786615371704102,233868000
2021-02-19,14.981556212316738,15.133620482317376,14.804314630283326,14.88383674621582,271724000
2021-02-22,14.732520326745572,15.089996135515662,14.284055862734963,14.314718246459961,325884000
2021-02-23,14.035018976264617,14.198052434655088,13.35122901911437,14.101578712463379,391780000
2021-02-24,14.082385641260826,14.465287944780597,13.716683144929284,14.457559585571289,448320000
2021-02-25,14.005352043561363,14.333661247717219,13.178472993965004,13.269461631774902,824436000
2021-02-26,13.713190182892967,13.814898867470841,13.32280970449686,13.675299644470215,500932000
2021-03-01,13.835339872663372,13.885197143475251,13.514509870770505,13.80218505859375,353184000
2021-03-02,13.86026872775047,13.880710314412896,13.357709618961268,13.36793041229248,264116000
2021-03-03,13.38787589697503,13.41305321076399,12.76216886866683,12.768152236938477,377592000
2021-03-04,12.764160832619908,12.937913367179982,12.049210257649234,12.334891319274902,573344000
2021-03-05,12.514130369429822,12.514130369429822,11.645868680171928,12.425883293151855,542840000
2021-03-08,12.414413615899687,12.435602648184473,11.533438850520735,11.560112953186035,543112000
2021-03-09,12.099753496667573,12.58503018119177,12.028931897775243,12.488773345947266,521824000
2021-03-10,12.808216705140989,12.947365643867661,12.426180209828113,12.43690299987793,384376000
2021-03-11,12.91744296360553,13.013451519761361,12.702484861457213,12.960833549499512,299916000
2021-03-12,12.61644907371849,12.856344851474955,12.558346052461756,12.823677062988281,243964000
2021-03-15,12.832409525401733,13.173549787499576,12.735154780493335,13.158088684082031,221988000
2021-03-16,13.322920791007736,13.478528736507776,13.083773625331858,13.257835388183594,272128000
2021-03-17,13.006967363859617,13.419427631953024,12.956843642184772,13.307709693908691,243864000
2021-03-18,13.103474248516884,13.150854487628825,12.685028551725626,12.69051456451416,293896000
2021-03-19,12.717946442193226,12.889015495891451,12.580792308071988,12.813455581665039,299208000
2021-03-22,12.880286224197679,13.360824589518188,12.87430079133781,13.153098106384277,297804000
2021-03-23,13.22092748700998,13.3109506075864,12.988513462737627,13.03788948059082,222048000
2021-03-24,13.11818512863964,13.126165388010351,12.604979014868762,12.611212730407715,245840000
2021-03-25,12.468075982521809,12.68278484979762,12.241147965554994,12.503735542297363,295144000
2021-03-26,12.522936498340556,12.823928054668183,12.342391791953444,12.806970596313477,363968000
2021-03-29,12.788018639128039,13.029660048696257,12.668071206371831,12.91569709777832,273520000
2021-03-30,12.809713771579235,12.942629001970921,12.673058121314657,12.839388847351074,200204000
2021-03-31,12.982778720855652,13.436634761447108,12.949861691430945,13.314692497253418,314776000
2021-04-01,13.53812732257779,13.835128246846539,13.477279865489436,13.77702522277832,308276000
2021-04-05,13.832635263043771,13.97876657407877,13.698472914587166,13.952333450317383,255672000
2021-04-06,13.964554358734274,14.01891697125034,13.738873462216315,13.826651573181152,191744000
2021-04-07,13.845851593018876,14.207689643014694,13.677027574965955,14.107941627502441,251284000
2021-04-08,14.21691644922942,14.435116472853124,14.213175078323518,14.281004905700684,244416000
2021-04-09,14.178263990565366,14.371776494039445,14.139362482793082,14.36379623413086,195172000
2021-04-12,14.253825442607319,15.31390353540286,14.103703505176835,15.170763969421387,869324000
2021-04-13,15.193205869262812,15.660528141496703,15.087721653634365,15.640079498291016,676212000
2021-04-14,15.585716806366602,15.6809766998769,15.189216132761569,15.238592147827148,385500000
2021-04-15,15.623122755169474,16.17348576432492,15.592200556342737,16.0966796875,598480000
2021-04-16,16.0126405831472,16.125108122447834,15.82536274319291,15.8724946975708,335208000
2021-04-19,15.497440653339318,15.76775925819942,15.194703488299082,15.323129653930664,404420000
2021-04-20,15.284724505863194,15.458037592088138,14.92538071636659,15.13310718536377,334132000
2021-04-21,15.08073838157039,15.323876121299216,15.064280344960931,15.321881294250488,216776000
2021-04-22,15.336344329965497,15.399685082246794,14.746331191725861,14.81291389465332,277788000
2021-04-23,14.896705203918978,15.2964478790434,14.862791235395903,15.226873397827148,227500000
2021-04-26,15.146825202745054,15.44008575706988,15.086975624680411,15.439087867736816,197796000
2021-04-27,15.539334614946952,15.63110332965213,15.31589778572029,15.343079566955566,164572000
2021-04-28,15.325871147226541,15.49319975361543,15.177245590486669,15.238341331481934,209416000
2021-04-29,15.361282946905519,15.397691160532714,15.033609024260754,15.286222457885742,173196000
2021-04-30,15.136349691451016,15.32637005581225,14.959295227808386,14.971763610839844,201912000
2021-05-03,15.086977164010063,15.20842097412882,14.75032598796852,14.79945182800293,203912000
2021-05-04,14.600450555269253,14.600699789762439,13.975027035475872,14.315169334411621,405324000
2021-05-05,14.672018629638556,14.776256666947063,14.351327112045158,14.422148704528809,292024000
2021-05-06,14.458809043562871,14.534618194500736,14.182256705395886,14.486489295959473,193380000
2021-05-07,14.771019501267666,14.933110372752017,14.634862332097414,14.775009155273438,229328000
2021-05-10,14.750074646707608,14.768777699750785,14.214175718742837,14.229886054992676,268904000
2021-05-11,13.790243752058554,14.318661830890395,13.715432492355607,14.270283699035645,285584000
2021-05-12,13.974277782332045,14.224397903406471,13.674783549250568,13.723909378051758,303408000
2021-05-13,13.998467988858465,14.045350711147945,13.425162994144586,13.630894660949707,285404000
2021-05-14,13.855081122550907,14.291979724154102,13.713936379271763,14.207193374633789,258616000
2021-05-17,14.121407897860808,14.13362704722991,13.818671694394718,14.129886627197266,216980000
2021-05-18,14.231132182866967,14.368037075620663,13.96879289213659,13.980513572692871,186256000
2021-05-19,13.53239445525838,14.044105295306712,13.509203277072892,14.030389785766602,344000000
2021-05-20,14.266542637893258,14.646834538609415,14.234623498296415,14.575763702392578,321592000
2021-05-21,15.125626149353618,15.183730127808582,14.832116394533218,14.954058647155762,672992000
2021-05-24,15.174252706728867,15.705414174003659,15.137844497008365,15.572749137878418,554816000
2021-05-25,15.726362482639168,15.778730264045185,15.44357551176999,15.608409881591797,435408000
2021-05-26,15.69469424475512,15.754044403313245,15.547066551912085,15.660530090332031,370440000
2021-05-27,15.660278094852826,15.71040181104527,15.421130958607247,15.449060440063477,581476000
2021-05-28,15.462031299114846,16.236578947504775,15.462031299114846,16.20366096496582,644536000
2021-06-01,16.229093072524805,16.347045652019425,15.86326447044786,16.22360610961914,472804000
2021-06-02,16.211388338449286,16.87621267756659,16.194680117402555,16.736064910888672,594168000
2021-06-03,16.65876306621484,17.215609998459154,16.541308933559474,16.927085876464844,580008000
2021-06-04,17.06947505300827,17.616596077162153,17.052519499034798,17.534055709838867,617120000
2021-06-07,17.527078500823215,17.767721108576737,17.14953002820666,17.57470703125,575756000
2021-06-08,17.483185585690848,17.57719836078649,17.207629259933416,17.41311264038086,323848000
2021-06-09,17.475716134562592,17.53483058843353,17.216310173340066,17.318574905395508,381656000
2021-06-10,17.310348253638647,17.45202392117329,17.136746130755657,17.385175704956055,287772000
2021-06-11,17.43954908988243,17.89824942284033,17.4038813625128,17.784509658813477,416308000
2021-06-14,17.865076259269316,17.998270294606797,17.622382309836595,17.977567672729492,321376000
2021-06-15,17.874058585520746,17.97507688775737,17.687485674890738,17.747846603393555,243032000
2021-06-16,17.75009415079846,17.913718927934667,17.544314342282547,17.769548416137695,307124000
2021-06-17,17.733876709616816,18.791952156008932,17.715668906709517,18.614608764648438,809656000
2021-06-18,18.74107162605108,19.330720564613056,18.541527942897947,18.596153259277344,968856000
2021-06-21,18.39311488047978,18.494135068349298,17.78201553321056,18.385133743286133,672384000
2021-06-22,18.429284231032042,18.920409647101682,18.343978923682204,18.843584060668945,580144000
2021-06-23,18.96430647751163,19.108975530104733,18.864534651482277,19.01369285583496,332356000
2021-06-24,19.18380801912582,19.375617954100715,19.044625261877087,19.16160774230957,320924000
2021-06-25,19.236436935503985,19.30128891794506,18.851319416019447,18.987506866455078,278364000
2021-06-28,19.31699836660214,20.03285915279017,19.274845251778927,19.93932342529297,495436000
2021-06-29,19.837058731492426,20.052813964606784,19.612073999620787,19.980979919433594,367632000
2021-06-30,19.953542508047825,20.116419372850345,19.81835223637548,19.956785202026367,326568000
2021-07-01,20.079004759784198,20.40924764246024,19.973246122217304,20.16580581665039,480136000
2021-07-02,20.39353564429944,20.458387624215238,20.24138402006787,20.44017791748047,342764000
2021-07-06,20.690102132517197,20.794363107269312,20.303738226115755,20.65119171142578,446708000
2021-07-07,20.805837070095645,20.827287563769445,20.285529389265694,20.32518768310547,418428000
2021-07-08,19.81111987540912,20.086986749821186,19.655725557948074,19.857263565063477,503300000
2021-07-09,19.91687611559388,20.03435717009147,19.709102017056413,20.004425048828125,296624000
2021-07-12,20.193743724149126,20.48582408605355,20.141613226484793,20.465621948242188,321984000
2021-07-13,20.353873559779505,20.41448567344241,20.068029336079224,20.203718185424805,290708000
2021-07-14,20.311224805292404,20.37108714983475,19.707607915100564,19.796154022216797,380100000
2021-07-15,19.766471657258307,19.801640805909646,18.815399378990502,18.922903060913086,550564000
2021-07-16,18.9870054099986,19.113215466883993,18.03169335944509,18.119491577148438,688224000
2021-07-19,17.874305524272554,18.998479381294242,17.824667948945038,18.73682975769043,749060000
2021-07-20,18.687192164183777,18.794945132479892,18.122485771322793,18.569461822509766,434687000
2021-07-21,18.838847442192375,19.48237382941793,18.699168004217075,19.36564064025879,371017000
2021-07-22,19.597107853695302,19.841546833620864,19.23194323043398,19.549217224121094,323826000
2021-07-23,19.61107361577112,19.65497367183318,19.206001448211797,19.51329803466797,195672000
2021-07-26,19.266865977371694,19.397565194519427,18.87077204812226,19.24990463256836,203943000
2021-07-27,19.220967669853962,19.577152067527226,18.698165146922616,19.164098739624023,248863000
2021-07-28,19.27484415522082,19.601096419244247,18.951585293113546,19.458423614501953,202191000
2021-07-29,19.4743887933179,19.80762698019667,19.283825335460097,19.617063522338867,190781000
2021-07-30,19.3736191961783,19.585134561055348,19.21897466845994,19.454435348510742,183497000
2021-08-02,19.654973822672737,19.91537695317592,19.316747951416353,19.704858779907227,217444000
2021-08-03,19.6948831028393,20.175781820042896,19.176071129798512,19.769712448120117,301811000
2021-08-04,19.944307977690297,20.27155927741143,19.78267761173744,20.227659225463867,231309000
2021-08-05,20.45314818824978,20.685615479502886,20.295508346135612,20.589834213256836,211435000
2021-08-06,20.477090195052455,20.52298458479839,20.163806797419902,20.31945037841797,178497000
2021-08-09,20.399267299813797,20.46112586521887,20.096960345968807,20.248613357543945,146443000
2021-08-10,20.275557520496264,20.383310504258183,19.78966907249903,19.890439987182617,179238000
2021-08-11,19.99719201633086,20.003178821250415,19.385594031751758,19.65397834777832,185925000
2021-08-12,19.824584849910885,19.983219923418048,19.57515626394466,19.85950469970703,151652000
2021-08-13,19.8595049435428,20.16779869480621,19.805627515773473,20.141857147216797,183063000
2021-08-16,20.08898032367069,20.240633343657066,19.408537969464135,19.904403686523438,210876000
2021-08-17,19.640005053543888,19.72481175683157,19.22296121557907,19.413524627685547,204585000
2021-08-18,19.45543055388039,19.58912505820869,18.95657336019115,18.996482849121094,285913000
2021-08-19,19.449446238959755,20.44815982346293,18.719118863786036,19.75275230407715,766555000
2021-08-20,19.945309765245902,20.817312785089932,19.887443664031185,20.76842498779297,675741000
2021-08-23,20.923066709908692,21.94672062637421,20.90211480149816,21.90781021118164,575807000
2021-08-24,21.703283176040937,21.908811733166473,21.485781010020887,21.74319076538086,297299000
2021-08-25,21.68732324562584,22.41864789917261,21.672358134566363,22.162235260009766,347701000
2021-08-26,22.14926114072246,22.288940552177326,21.74019837604241,22.017562866210938,237940000
2021-08-27,22.133300012367442,22.670070557019205,22.11633866678472,22.584266662597656,304722000
2021-08-30,22.777824123131097,22.990336677194776,22.499462421034632,22.63614845275879,262580000
2021-08-31,22.64712359993544,22.64712359993544,22.073337729589888,22.337778091430664,259850000
2021-09-01,22.437569306889998,22.64912199389681,22.30983905945331,22.393661499023438,201767000
2021-09-02,22.47049726134416,22.545339807951134,22.24796811279879,22.3487548828125,187834000
2021-09-03,22.27790249793311,22.93750730917341,22.153166206014838,22.794809341430664,280532000
2021-09-07,22.784829827757243,22.85069057355953,22.474485116430305,22.61419105529785,198107000
2021-09-08,22.465506645086627,22.562302133901152,21.930636197722126,22.291873931884766,254434000
2021-09-09,22.26492820000375,22.490451235776646,22.08431030296095,22.130212783813477,196856000
2021-09-10,22.30085332657019,22.578266724683587,22.223018761676062,22.430580139160156,248376000
2021-09-13,22.63614575794394,22.91555575401909,21.811888077680894,22.105268478393555,297500000
2021-09-14,22.22800922879762,22.36272466695094,22.039408757377963,22.195079803466797,199755000
2021-09-15,22.261935032273296,22.31981323387467,21.919658243422088,22.293867111206055,166538000
2021-09-16,22.136204252125346,22.23000581669266,21.88074378110906,22.195079803466797,156033000
2021-09-17,22.252955607329,22.273911214791905,21.78394779506993,21.85379981994629,294503000
2021-09-20,21.10139179807724,21.38778701785786,20.61841355645307,21.068462371826172,349440000
2021-09-21,21.371820211672656,21.379802756895952,20.905806301905702,21.201181411743164,204688000
2021-09-22,21.320930299925596,21.91367719365611,21.151288817679976,21.894718170166016,268726000
2021-09-23,22.09329462367587,22.487461820172715,21.843822003613315,22.434574127197266,248555000
2021-09-24,22.02343781823822,22.10227162110545,21.814879118535682,22.034414291381836,217655000
2021-09-27,21.664203077429683,21.753016037420434,21.280016887936462,21.614309310913086,245215000
2021-09-28,21.169249364639114,21.373816837113832,20.607435394582403,20.65533447265625,343069000
2021-09-29,20.89582469355393,20.97266191637048,20.423821075791892,20.473716735839844,218394000
2021-09-30,20.724183044732662,21.02155465531934,20.644351905939043,20.672292709350586,221009000
2021-10-01,20.706226639761606,20.814995951669495,20.16037968568149,20.698244094848633,240978000
2021-10-04,20.460751095073693,20.498671049133897,19.513753392784846,19.690380096435547,345635000
2021-10-05,19.907919046676803,20.604446668323913,19.812120875182806,20.407861709594727,279282000
2021-10-06,20.077555660834182,20.676288377439814,20.0376391312872,20.65633201599121,297202000
2021-10-07,21.047506715120413,21.277022990094792,20.927760913966573,21.03054428100586,256919000
2021-10-08,21.056486855696548,21.16126489932197,20.73117434597139,20.78705596923828,151258000
2021-10-11,20.53159660479376,21.0185661050647,20.46773053541931,20.651342391967773,163388000
2021-10-12,20.78406211740241,21.01257912959574,20.484695733535407,20.62739372253418,162134000
2021-10-13,20.873871281370185,20.94571989479939,20.669303819377614,20.894826889038086,180652000
2021-10-14,21.243090758622078,21.709104627354822,21.07744058821198,21.700124740600586,243589000
2021-10-15,21.763989474383635,21.88473450421562,21.616302880257262,21.815879821777344,226994000
2021-10-18,21.703117692511093,22.243974077553172,21.59833775960984,22.175119400024414,189494000
2021-10-19,22.229004834810024,22.3317881818893,21.99051062121753,22.242977142333984,161473000
2021-10-20,22.257943285656594,22.385673501988418,21.935624766758792,22.05636978149414,146276000
2021-10-21,22.050380971315885,22.663085904442518,22.03641056872528,22.64412498474121,187590000
2021-10-22,22.774852206054973,23.08120376239796,22.51340579315989,22.678056716918945,249384000
2021-10-25,22.924538524453713,23.305732673219815,22.72196763172872,23.11713218688965,230235000
2021-10-26,23.93839486421811,25.20571622107296,23.873531450575534,24.664857864379883,485898000
2021-10-27,24.422371980713933,25.0370717258524,24.230775672972076,24.3994197845459,245990000
2021-10-28,24.825517045714975,24.897365655301588,24.471266418851215,24.888383865356445,234204000
2021-10-29,24.948259341695557,25.65476598423701,24.947261999373193,25.513065338134766,292503000
2021-11-01,25.59489414765004,25.83937625950011,25.173783464529546,25.772518157958984,265740000
2021-11-02,25.767527357616604,26.62172056643218,25.74557250420256,26.345304489135742,294112000
2021-11-03,26.613735891491203,26.727495711922842,26.179654119222267,26.541887283325195,239910000
2021-11-04,27.171556116532418,31.298830236529806,27.06079022806004,29.738130569458008,1153631000
2021-11-05,30.123317473930538,31.333757862133087,29.347956214634998,29.68923568725586,851260000
2021-11-08,30.085400440170883,31.03439450585306,29.843910363865678,30.7390193939209,503101000
2021-11-09,32.21389698577576,32.24183779308199,29.90078641906877,30.592323303222656,646746000
2021-11-10,29.294076749454003,30.784924757486024,28.717294974334806,29.39685821533203,636206000
2021-11-11,30.40372606119835,30.52546843492164,29.714183788640867,30.325889587402344,332172000
2021-11-12,29.946692061105622,30.615278725972825,29.567492631483955,30.325889587402344,413054000
2021-11-15,30.48754907870644,30.57935405607118,29.18530173672682,29.961660385131836,384909000
2021-11-16,29.696226196021204,30.32589375894315,29.643336595058535,30.1392879486084,264484000
2021-11-17,30.353832978774516,30.444642523145944,28.739246093754417,29.19927406311035,428508000
2021-11-18,32.2987206204707,32.690889311922675,31.25492578342417,31.608179092407227,781711000
2021-11-19,32.17498516255957,33.018203898804174,31.83769881005684,32.91542053222656,533867000
2021-11-22,33.446293929247794,34.573911251550705,31.832706327709936,31.888587951660156,754335000
2021-11-23,31.468472250509617,32.29173255622799,30.814853381586094,31.679027557373047,532163000
2021-11-24,31.39463157257882,32.78568994748824,30.862755024040684,32.605072021484375,435162000
2021-11-26,32.53122653243234,32.640995088921485,31.283865396835044,31.436542510986328,283069000
2021-11-29,32.297720190128416,33.34151112072589,31.96841454748494,33.30558776855469,454964000
2021-11-30,33.09901938706232,33.28263310586556,31.796774250371328,32.607059478759766,622066000
2021-12-01,33.152982981954075,33.222843560767245,31.317635170167748,31.372526168823242,484368000
2021-12-02,31.151970308797033,32.413458348891545,30.963344820067583,32.062156677246094,472890000
2021-12-03,31.936405556758363,32.06515080587632,30.070121019469727,30.632003784179688,544325000
2021-12-06,29.820618786249153,30.180901433648863,27.98228032790173,29.97730827331543,658938000
2021-12-07,30.89547671326527,32.38451208748878,30.590083198512986,32.362552642822266,593053000
2021-12-08,31.93541098350612,32.22583306331372,31.358558585606065,31.762754440307617,475551000
2021-12-09,31.670934405890446,32.1410009631348,30.367530057984055,30.429407119750977,488507000
2021-12-10,31.088098816702445,31.24279148835904,29.801660739372394,30.137990951538086,488825000
2021-12-13,30.188883512765113,30.233794155650276,28.060121324277922,28.105031967163086,598344000
2021-12-14,27.643949113929793,28.62100349476861,27.195842071505684,28.280681610107422,667035000
2021-12-15,28.343558104801343,30.439384993244534,27.782674736715105,30.398466110229492,698297000
2021-12-16,31.090089780244078,31.09807330257781,28.037169139263874,28.330583572387695,707366000
2021-12-17,27.92938285109951,28.864520919055607,27.704829638355005,27.74574851989746,713758000
2021-12-20,27.250736913132904,28.08806836031616,27.09105503438404,27.66391372680664,461847000
2021-12-21,28.31761057753916,29.062128280070525,27.34654282285214,29.0172176361084,524385000
2021-12-22,28.833582616767877,29.49626253795648,28.39245970985011,29.341569900512695,395184000
2021-12-23,29.695864054966595,29.999260737951445,29.37250856669955,29.581092834472656,343022000
2021-12-27,29.601053125766303,31.02521713058112,29.58109241720771,30.883499145507812,403686000
2021-12-28,31.249772014643753,31.267735891884268,29.952354442300354,30.26173973083496,420591000
2021-12-29,30.212834501373155,30.487287570635146,29.307635630343704,29.941373825073242,343139000
2021-12-30,29.767724800283915,30.396473874297598,29.481296400919582,29.527204513549805,308864000
2021-12-31,29.61502640680273,29.97031979961117,29.272707665423898,29.352548599243164,266530000
2022-01-03,29.755744649714465,30.649963801294536,29.725803587995546,30.06113624572754,391547000
2022-01-04,30.2168304824857,30.407450890043936,28.292662528832594,29.231792449951172,527154000
2022-01-05,28.891465241719928,29.357538070443287,27.478280983281813,27.54913902282715,498064000
2022-01-06,27.585066961351565,28.381481331155296,27.01121087291353,28.121997833251953,454186000
2022-01-07,28.085072447229507,28.36551411614278,27.003225284481758,27.192848205566406,409939000
2022-01-10,26.528170402992973,27.4144060158557,25.593032389418763,27.345542907714844,594681000
2022-01-11,27.268699119824706,28.009225072030798,26.785661751752833,27.761716842651367,404089000
2022-01-12,28.011221217951395,28.53817178912904,27.553133765083295,27.943357467651367,383413000
2022-01-13,28.322600004609768,28.423399112253964,26.445337738615446,26.522186279296875,540171000
2022-01-14,26.247735746944905,27.142954488018148,26.15791444311069,26.888460159301758,395832000
2022-01-18,26.20781139067626,26.585060416480562,25.71878543976193,25.851520538330078,424270000
2022-01-19,26.027177140947902,26.49025389235865,25.00221753517566,25.017187118530273,488315000
2022-01-20,25.25370883415951,25.52816188748509,24.03014378855294,24.102001190185547,435181000
2022-01-21,23.46028025235357,24.77366471205507,23.216765715499022,23.327545166015625,718958000
2022-01-24,22.285621139528853,23.33353360141309,20.846487542973147,23.325550079345703,913982000
2022-01-25,22.501193412508638,22.897405710454315,21.9562789612793,22.279634475708008,664616000
2022-01-26,23.19381403507695,24.009189816429384,22.25568159985635,22.726743698120117,755959000
2022-01-27,23.521161726766028,23.947313152254385,21.631922323422884,21.900388717651367,573353000
2022-01-28,21.96825357562381,22.81257294726287,21.253676914429107,22.79460906982422,543774000
2022-01-31,23.135932134973686,24.460296700397127,23.00619130743321,24.437341690063477,564680000
2022-02-01,25.05411045530758,25.09502934074459,23.842522359091557,24.58903694152832,518925000
2022-02-02,25.742740370347118,25.76569347477143,24.50420547493788,25.191837310791016,543419000
2022-02-03,24.409388646213237,25.027157834017917,23.73273670872328,23.900402069091797,410178000
2022-02-04,23.924353784526822,24.586036123662737,23.585029410428525,24.27066421508789,354829000
2022-02-07,24.32356251647183,25.131952179111504,24.153900300504695,24.678855895996094,376868000
2022-02-08,24.31058777349292,25.179857022998263,23.93234129371506,25.0580997467041,410359000
2022-02-09,25.571078226959134,26.671886749229056,25.302613739727306,26.651926040649414,524282000
2022-02-10,25.943341891805627,26.871492136649884,25.54912640450638,25.772680282592773,513200000
2022-02-11,25.864493128365556,26.100024146681793,23.72575262390276,23.90140151977539,605472000
2022-02-14,23.886432615759617,24.825562419077983,23.707787514804277,24.21877098083496,440424000
2022-02-15,24.899415754979135,26.4922445340871,24.734744665885565,26.442344665527344,699869000
2022-02-16,26.20681300824524,26.52917102458829,25.50121738608982,26.458311080932617,732676000
2022-02-17,25.57906520835988,25.73375786543632,24.116978322985712,24.458297729492188,810595000
2022-02-18,24.61897459185381,24.936343397057144,23.054091914566957,23.595014572143555,761255000
2022-02-22,22.98922136037415,24.01617571252817,22.9542910697266,23.343515396118164,633422000
2022-02-23,23.754695100866613,24.106994175655707,22.256678790095112,22.342506408691406,566511000
2022-02-24,20.973231989095634,23.752696637481108,20.8484804271266,23.7007999420166,735801000
2022-02-25,23.673861053583,24.168873762127337,23.334536567147147,24.108993530273438,528866000
2022-02-28,23.944319699810443,24.615982537692595,23.659886251331425,24.336538314819336,477319000
2022-03-01,24.24272310643019,24.328552626962264,23.086026170341224,23.430339813232422,412056000
2022-03-02,23.712826005452477,24.364639111563292,23.372446139998853,24.175981521606445,389642000
2022-03-03,24.217910588033938,24.281795369595773,23.426352346873195,23.670907974243164,365095000
2022-03-04,23.341505344158694,23.636966955127175,22.441144110309114,22.894319534301758,431415000
2022-03-07,22.775540097003244,22.991149124827643,21.291242518821527,21.313201904296875,450821000
2022-03-08,21.270277613184593,22.332343305523693,20.612474742304823,21.474905014038086,557467000
2022-03-09,22.34631612059236,23.17780252535281,22.206571146307404,22.972177505493164,492742000
2022-03-10,22.490055090570973,22.74658802016599,21.842234335180756,22.616825103759766,428066000
2022-03-11,22.980160740629042,23.10293830541665,22.005934624302842,22.059837341308594,367209000
2022-03-14,21.829258865642,22.22154435088089,21.120550000261794,21.29123878479004,385354000
2022-03-15,21.478895723800314,22.996133936687787,21.283252760840114,22.931251525878906,491996000
2022-03-16,23.457290722488487,24.552297138914387,23.12988771835892,24.451480865478516,671422000
2022-03-17,24.07617083617655,24.79685706155921,23.862559008695648,24.720996856689453,471941000
2022-03-18,24.753930982548006,26.520714705600792,24.57924978276127,26.404924392700195,730719000
2022-03-21,26.45882851334558,27.102656804840144,25.919808947289926,26.685415267944336,591727000
2022-03-22,26.678427854459326,27.188500789536455,26.02461941553547,26.475797653198242,547007000
2022-03-23,26.078522194510693,26.563639075959117,25.528524804569468,25.587417602539062,502120000
2022-03-24,26.118448890609304,28.268533755984528,25.859918794556325,28.09884262084961,877379000
2022-03-25,27.835323644890032,28.306466021323548,27.221441486555513,27.64167594909668,579016000
2022-03-28,27.705557176871118,28.19865887077309,27.15655559634973,28.167715072631836,425494000
2022-03-29,28.642848661602688,28.89339193940493,27.929147968750208,28.603919982910156,488984000
2022-03-30,28.252561491091658,28.44421198896582,27.45301662520504,27.639677047729492,463487000
2022-03-31,27.731510949600096,28.19666368490603,27.220442282936776,27.236412048339844,523440000
2022-04-01,27.325251194574196,27.446031589701068,26.219264969798488,26.663455963134766,517235000
2022-04-04,26.679424670623536,27.507916136883054,26.564633902248794,27.31027603149414,397120000
2022-04-05,27.204474545611784,27.269356962615973,25.773080352887778,25.883878707885742,436615000
2022-04-06,24.888690790070065,25.25402493041079,23.959382815616124,24.362648010253906,703833000
2022-04-07,24.396583559935085,24.67707303806538,23.435334266714467,24.16400718688965,557992000
2022-04-08,23.873534503516744,23.879524117334512,23.02008878589578,23.076984405517578,524781000
2022-04-11,22.173625915365193,22.27943225110598,21.620631978381596,21.877164840698242,575207000
2022-04-12,22.496039697929614,22.6836977341084,21.24331959200071,21.464916229248047,662258000
2022-04-13,21.68851577144071,22.45911222680707,21.416011160562284,22.16265106201172,516943000
2022-04-14,22.464099572114247,22.735606515539892,21.124539407798157,21.2193660736084,569097000
2022-04-18,21.161471392693215,22.047856104528115,21.040691011493315,21.743412017822266,525701000
2022-04-19,21.680527560297847,22.332340741600348,21.27526524698662,22.15765953063965,512781000
2022-04-20,22.476079663374364,22.628801491972297,21.161473633865274,21.442960739135742,468974000
2022-04-21,21.66954403745964,22.35130326457004,19.963650470316455,20.146318435668945,656209000
2022-04-22,20.26610219786414,20.448770189585975,19.46456201839812,19.479534149169922,624713000
2022-04-25,19.167099083377675,19.908748674714513,19.061292748852477,19.865827560424805,641566000
2022-04-26,19.682164872038474,19.752037349254017,18.63606917460008,18.753854751586914,653143000
2022-04-27,18.56419681004498,19.132162868752985,18.25675795525761,18.38153076171875,499460000
2022-04-28,18.932530442416695,20.000587537213033,18.45639800746317,19.746049880981445,570327000
2022-04-29,19.366743906756064,20.091424481750614,18.483351864041435,18.51329803466797,500435000
2022-05-02,18.507301859903563,19.538423409579117,18.357574867606576,19.497499465942383,572049000
2022-05-03,19.364743170731728,19.788971942411177,19.098228203230406,19.566375732421875,475751000
2022-05-04,19.886796140998648,20.362928617902014,18.716925022967168,20.297048568725586,648855000
2022-05-05,19.830894968407897,19.888788220846624,18.466378728953146,18.80975341796875,626331000
2022-05-06,18.701949838466604,19.47653863115754,17.957305306226015,18.64105987548828,633297000
2022-05-09,18.001226735376935,18.221823872571708,16.796419517005482,16.91919708251953,644455000
2022-05-10,17.65685547833721,18.16493132194901,16.994062512624296,17.563026428222656,761474000
2022-05-11,17.315471187551733,17.720733401801667,16.537887724428106,16.599773406982422,670167000
2022-05-12,16.18952766493069,16.75749395581578,15.538712965856375,16.145606994628906,708728000
2022-05-13,16.757487791205303,17.895415223446868,16.56284250978314,17.673818588256836,670437000
2022-05-16,17.477181558942796,17.75567386028926,17.074914055272394,17.23262596130371,521446000
2022-05-17,18.04115321874996,18.337614359005986,17.601954209019933,18.143966674804688,585830000
2022-05-18,17.672823297029897,18.08507282771539,16.8333521055283,16.907217025756836,545161000
2022-05-19,16.906219819291394,17.654856806883604,16.703587720835515,17.092880249023438,621310000
2022-05-20,17.30050299605302,17.378360361940025,15.726368287812404,16.66366195678711,739105000
2022-05-23,16.244423998494888,16.884259799237338,16.149597335733432,16.867290496826172,639889000
2022-05-24,16.47999533080433,16.56683711237005,15.751321521154898,16.12464141845703,588550000
2022-05-25,15.990886566703573,17.079903445712347,15.97092245670094,16.944150924682617,781132000
2022-05-26,16.006859182062453,18.05912283951372,15.99288468334853,17.818561553955078,996575000
2022-05-27,18.15294938885793,18.846685983699807,18.06710524448989,18.776813507080078,738379000
2022-05-31,18.945508098862536,19.165109521892898,18.316653805372184,18.63806915283203,664100000
2022-06-01,18.68997397259425,19.018374652138892,18.089066793747712,18.286706924438477,544514000
2022-06-02,18.258759605191464,19.58334784646,18.16493055901775,19.556396484375,648656000
2022-06-03,19.047317571767213,19.29686317548638,18.488334048641335,18.68597412109375,598779000
2022-06-06,19.104216857601944,19.301856968127392,18.53026109692932,18.75185775756836,422406000
2022-06-07,18.438426259961403,18.965466469475217,18.154942049357597,18.8916015625,388914000
2022-06-08,18.768802321218942,19.14919082607967,18.50522645422863,18.618045806884766,363252000
2022-06-09,18.451317549760248,18.90259123258257,18.012023724724873,18.019012451171875,395574000
2022-06-10,17.57172730437252,17.66857160304111,16.841900702079162,16.946733474731445,465248000
2022-06-13,15.974298882999761,16.28579798543527,15.580931719685918,15.621866226196289,604153000
2022-06-14,15.705730306415653,16.040192214090787,15.387242491326816,15.810562133789062,469680000
2022-06-15,16.06915045143413,16.840909715372316,15.900422196048005,16.500457763671875,563936000
2022-06-16,15.834523928335084,15.916392943958204,15.376261580184906,15.575940132141113,545749000
2022-06-17,15.622863557257194,15.969306274754233,15.303377894797796,15.854491233825684,630334000
2022-06-21,16.44853713036233,16.980680030237714,16.380645564342693,16.539390563964844,483089000
2022-06-22,16.199937522982893,16.63523803952557,16.15401188075244,16.333723068237305,437135000
2022-06-23,16.492466783521426,16.558360761085417,15.827537079076826,16.19894027709961,463680000
2022-06-24,16.473494023135874,17.112465303147033,16.28379871027583,17.098487854003906,472153000
2022-06-27,17.28419095345656,17.302161688571072,16.599292094417013,16.841901779174805,427968000
2022-06-28,16.87285105635566,17.17436596206075,15.919385267288108,15.956326484680176,461149000
2022-06-29,15.788597926333088,15.794587854289764,15.145632337338009,15.517034530639648,482352000
2022-06-30,15.336326385518298,15.541995824627715,14.838128310223647,15.134651184082031,686070000
2022-07-01,14.875068383035895,15.03880451331611,14.368882791299097,14.499671936035156,577610000
2022-07-05,14.152230235873315,14.946951112194402,14.032423111650445,14.939962387084961,651397000
2022-07-06,14.985889549347426,15.294393215490263,14.765243873049544,15.105696678161621,529066000
2022-07-07,15.431174346701193,15.919388265162539,15.364281576027004,15.832528114318848,492903000
2022-07-08,15.40521452102006,16.011239824701722,15.36428001522436,15.812559127807617,467972000
2022-07-11,15.501059566316355,15.502058363657559,15.013843557279245,15.127660751342773,437321000
2022-07-12,15.243474689136713,15.406212969174792,14.85310295738434,15.05777359008789,458483000
2022-07-13,14.56656344936429,15.350302309232742,14.44176424359817,15.139640808105469,521918000
2022-07-14,15.083732275086524,15.448145758029392,14.70434254342208,15.347308158874512,456235000
2022-07-15,15.633846749612045,15.75664836262336,15.420189805163654,15.73668098449707,385935000
2022-07-18,16.275815455198785,16.86985906904583,15.976298082766748,16.075138092041016,670517000
2022-07-19,16.45951683745517,17.082514988008967,16.146022071859953,16.964704513549805,702366000
2022-07-20,16.919777466324557,17.904193653189743,16.774012086751018,17.77839469909668,760538000
2022-07-21,17.856273549154427,18.114856419024587,17.516819500864308,18.021007537841797,557049000
2022-07-22,17.864258981512034,17.93813952472273,17.109472790103464,17.291181564331055,536671000
2022-07-25,16.991663382388573,17.09649617987304,16.62225873846163,16.99665641784668,480748000
2022-07-26,16.86186820626566,16.891820697599794,16.451529167696027,16.506441116333008,397865000
2022-07-27,17.004637608445794,17.907186562588475,16.88582930041582,17.76142120361328,569776000
2022-07-28,17.946126134465974,18.11086009552277,17.411985687188125,17.955110549926758,474646000
2022-07-29,17.784385247533635,18.21469265324764,17.663579330275038,18.13382339477539,435460000
2022-08-01,18.15279410603998,18.815729008879483,17.96110307249906,18.411378860473633,476469000
2022-08-02,18.09289023442921,18.907579472181585,18.062937738115096,18.496240615844727,489527000
2022-08-03,18.154792892998703,18.937534029090394,18.107867500762456,18.862653732299805,418146000
2022-08-04,18.818724113299595,19.243040681587424,18.72986637165179,19.18413543701172,409652000
2022-08-05,18.7797827890261,19.19811032548753,18.636015011697438,18.95849609375,386068000
2022-08-08,17.473886632127186,18.2097022715193,17.214304052200333,17.76441764831543,981859000
2022-08-09,17.224291252645365,17.418977745827792,16.69713942952305,17.058557510375977,668263000
2022-08-10,17.6695709828763,18.08889639705217,17.289182479721063,18.067930221557617,597422000
2022-08-11,18.101880745461205,18.676955858693585,17.847289228561674,17.913183212280273,509327000
2022-08-12,18.13083507246923,18.687939493816422,17.924166781117005,18.678953170776367,478094000
2022-08-15,18.67096091199568,19.13321654286925,18.583102920928454,19.001428604125977,457666000
2022-08-16,18.889607370873275,19.11125087643797,18.47127981939262,18.84867286682129,451240000
2022-08-17,18.49324928823037,18.657983276915708,18.115856168463772,18.30554962158203,446799000
2022-08-18,18.271605449183827,18.83469872730568,18.153794950823045,18.742847442626953,415447000
2022-08-19,18.37643415192169,18.49025135099446,17.74145609340944,17.820329666137695,441588000
2022-08-22,17.46190444615827,17.529796005514974,16.93874601388548,17.006637573242188,409593000
2022-08-23,16.961707525081724,17.436942664447834,16.94273704308187,17.153398513793945,369986000
2022-08-24,16.984677928467914,17.378046171524556,16.867867155377258,17.1943416595459,522661000
2022-08-25,16.816946359702275,17.91817544800935,16.805964346953886,17.88422966003418,770691000
2022-08-26,17.82831787419481,17.895209693014834,16.210919131366463,16.233882904052734,769127000
2022-08-29,15.994268556184212,16.311756661031318,15.741674674911415,15.775619506835938,496132000
2022-08-30,15.934363667656111,16.013236290955273,15.157613482274343,15.443154335021973,530181000
2022-08-31,15.359289711852172,15.51503927839252,14.934972165599781,15.069755554199219,573710000
2022-09-01,14.186174234575896,14.356900019307059,13.248683470937443,13.91461181640625,1178865000
2022-09-02,14.077349599584043,14.148234689338986,13.569166499775495,13.625077247619629,743157000
2022-09-06,13.708945272705602,13.756868510463313,13.329555512837128,13.44337272644043,535751000
2022-09-07,13.545235991042178,13.81987638945072,13.328520192699564,13.696038246154785,512657000
2022-09-08,13.44137306668779,13.989654808399921,13.351491735146373,13.971677780151367,624873000
2022-09-09,14.138460000064642,14.455045254829914,14.107501412023929,14.368159294128418,486612000
2022-09-12,14.350182305946856,14.527948688246315,14.179405773307693,14.486003875732422,484159000
2022-09-13,13.783924633033108,13.903767364016517,13.081845229225642,13.113802909851074,714956000
2022-09-14,13.236640893849893,13.27259399594672,12.896087899117584,13.110806465148926,588507000
2022-09-15,12.99795522520399,13.215669180142505,12.773249515880076,12.912067413330078,523625000
2022-09-16,12.725311500263086,13.194696210561576,12.600475212066435,13.18071460723877,670751000
2022-09-19,12.994959906915472,13.44536950238442,12.992962670832137,13.36447525024414,569685000
2022-09-20,13.19769329297533,13.46534195963584,13.039900223317943,13.158743858337402,524818000
2022-09-21,13.195696747526322,14.012625346801554,13.092830994775037,13.243633270263672,807679000
2022-09-22,13.052882186314475,13.131779194049958,12.411723754768438,12.544548988342285,759162000
2022-09-23,12.403735942235254,12.594485810282588,12.240949285952915,12.49960994720459,663309000
2022-09-26,12.474641644232314,12.64242184812588,12.198003983784714,12.21198558807373,547343000
2022-09-27,12.490620532839431,12.719320720938102,12.241947032432883,12.396743774414062,553854000
2022-09-28,12.393747031367376,12.806206250600736,12.337820615857858,12.719320297241211,542414000
2022-09-29,12.431697751600325,12.483629696855662,11.930355327743255,12.203996658325195,532763000
2022-09-30,12.071171193395665,12.61645665148019,12.059186824350094,12.123103141784668,565638000
2022-10-03,12.330830178093539,12.661397019747188,12.089146528346182,12.495614051818848,547478000
2022-10-04,12.862133487134708,13.202687472797923,12.862133487134708,13.14975643157959,584182000
2022-10-05,12.894090885519283,13.30355376155447,12.604470732780348,13.191699981689453,507131000
2022-10-06,13.202685736539443,13.638114568042825,13.085838394985783,13.11280345916748,644157000
2022-10-07,12.488623513159082,12.653407390361005,12.00625625011576,12.060185432434082,672478000
2022-10-10,12.021236461439129,12.10812242255828,11.393060467753326,11.654717445373535,698699000
2022-10-11,11.545858700912863,11.830485290733634,11.26822291287926,11.570826530456543,667482000
2022-10-12,11.563835628802222,11.719630502652882,11.330141889388276,11.484938621520996,492590000
2022-10-13,10.956631792924158,12.062182385586972,10.798838721715281,11.944336891174316,850103000
2022-10-14,12.041209377307327,12.095138555665246,11.18932684468692,11.212296485900879,713432000
2022-10-17,11.50291639818063,11.932353601891439,11.501918256315049,11.872431755065918,580774000
2022-10-18,12.327833437876679,12.475639372211802,11.602784417601008,11.951327323913574,659362000
2022-10-19,11.86344167010799,12.33382546739314,11.81850053084603,12.035216331481934,523131000
2022-10-20,12.09713671776913,12.752277756580911,12.089146821227374,12.178030967712402,652398000
2022-10-21,12.0821555690685,12.481632285200682,11.871432413251382,12.449673652648926,609494000
2022-10-24,12.491620026626292,12.69335515427323,12.048201240588062,12.582500457763672,517457000
2022-10-25,12.677376368924335,13.282582706939756,12.647414970734918,13.243633270263672,505482000
2022-10-26,12.852145271597061,13.370464612662587,12.691355889781176,12.879109382629395,532953000
2022-10-27,13.61214975532052,13.819877533588544,13.104814677814026,13.158743858337402,583113000
2022-10-28,13.086838241715473,13.83186152118797,13.043894336346346,13.815881729125977,521040000
2022-10-31,13.759956486013305,13.819878330285551,13.2795864472885,13.479324340820312,486341000
2022-11-01,13.792912452696658,13.90676347391886,13.50129505001384,13.525263786315918,432817000
2022-11-02,13.83186195195651,14.191390140892414,13.1936988689507,13.201687812805176,672628000
2022-11-03,13.025917180022661,13.76295050231108,12.939031234755454,13.403421401977539,500065000
2022-11-04,13.967685157645112,14.210366975516953,13.679063097528063,14.137462615966797,612576000
2022-11-07,14.20936513239746,14.393124160979102,13.935724777761447,14.282269477844238,410061000
2022-11-08,14.781615950345596,14.871498236897642,14.197382040182664,14.582877159118652,595292000
2022-11-09,14.143452570833958,14.192389137520287,13.740980477958338,13.75795841217041,454414000
2022-11-10,14.78061823441489,15.75234357507586,14.527949302036653,15.729373931884766,700819000
2022-11-11,15.786297912123384,16.367535452388744,15.461723751407225,16.30561637878418,655487000
2022-11-14,16.196759933471668,16.518338717650273,15.901147120330615,16.273658752441406,527852000
2022-11-15,16.70009908063956,16.975736669946382,16.360544231088024,16.64417266845703,545876000
2022-11-16,16.140833788396282,16.34057071172928,15.852211772174623,15.88916301727295,649547000
2022-11-17,15.69441777474664,16.244696708857624,15.514653221034854,15.65646743774414,710894000
2022-11-18,15.945090404179322,15.981044462160867,15.10019861437429,15.38882064819336,492072000
2022-11-21,15.127163364237928,15.456731110524126,15.060250720781186,15.296940803527832,404739000
2022-11-22,15.307924354517073,16.036968738657247,15.102193833582675,16.01699447631836,472866000
2022-11-23,16.076917762150764,16.505356800578657,16.026984003688426,16.497365951538086,427241000
2022-11-25,16.2966271152818,16.46540447528635,16.150818440742185,16.248689651489258,167934000
2022-11-28,16.005012266171555,16.335580086090914,15.704407750431818,15.806273460388184,303741000
2022-11-29,15.806272346937764,15.9111353323506,15.499675191959904,15.618518829345703,298384000
2022-11-30,15.6804489721848,16.912149678099013,15.580554981628687,16.9051570892334,565298000
2022-12-01,16.981079427481237,17.24679783970152,16.61746285278934,17.11693572998047,470977000
2022-12-02,16.641439305658572,16.915150636132893,16.42766419266872,16.85820960998535,371389000
2022-12-05,16.66142248786207,16.97708943325426,16.45463991807469,16.59249496459961,352255000
2022-12-06,16.512575914907618,16.55552985566231,15.802324959390125,15.970148086547852,352694000
2022-12-07,15.75537271529558,16.168936767313863,15.650482915932596,16.10300636291504,372388000
2022-12-08,16.25584460322099,17.160889573039334,15.942174561334516,17.15089988708496,515456000
2022-12-09,17.141910790847255,17.564465224613613,16.957106340396344,16.983078002929688,465338000
2022-12-12,17.019043348066607,17.519514736231685,16.779296541065285,17.516517639160156,457328000
2022-12-13,18.511465684750743,18.770193437295646,17.692330392550996,18.052949905395508,656589000
2022-12-14,17.968040523898743,18.23276249935812,17.401638727640112,17.655370712280273,496888000
2022-12-15,17.127923524585228,17.30173986952119,16.68239457922902,16.934127807617188,478542000
2022-12-16,16.846220086817997,17.023033516008486,16.392698280441586,16.55352783203125,478232000
2022-12-19,16.554531578863497,16.591491326415667,16.127981643599433,16.236865997314453,354039000
2022-12-20,16.047064984160826,16.292805947862565,15.83528952764598,16.068042755126953,403260000
2022-12-21,16.097015130166447,16.60947488301715,16.085026742432447,16.483606338500977,325025000
2022-12-22,16.077032432917335,16.120986669964836,14.866310315497746,15.32282829284668,565045000
2022-12-23,15.17998128298212,15.322830189395079,14.867311505326436,15.189970970153809,349326000
2022-12-27,15.058107798213722,15.084080409205695,14.041180476349215,14.106112480163574,464902000
2022-12-28,13.912318692934731,14.24696558584254,13.869363801000764,14.021203994750977,351066000
2022-12-29,14.386817165566422,14.667520106754143,14.212001468208248,14.587604522705078,354923000
2022-12-30,14.318890082879692,14.613579197907772,14.217996715226494,14.59859561920166,310490000
2023-01-03,14.83534383569061,14.98019143326443,14.081139646053048,14.299908638000488,401277000
2023-01-04,14.551645434254098,14.837343262850888,14.225988854764774,14.733452796936035,431324000
2023-01-05,14.475724399761354,14.548647400640538,14.13308556373845,14.24996280670166,389168000
2023-01-06,14.458742666001996,14.994177909991919,14.019206897315305,14.843337059020996,405044000
2023-01-09,15.267890176019389,16.03907580315993,15.125040304206118,15.611527442932129,504231000
2023-01-10,15.490652443025239,15.945172704430046,15.455689492558554,15.892229080200195,384101000
2023-01-11,15.823305066451544,16.011106643335136,15.546596592863791,15.984134674072266,353285000
2023-01-12,16.08302534756965,16.619457911768272,15.475665637799224,16.49359130859375,551409000
2023-01-13,16.260839889557317,16.904162001817628,16.147960048723682,16.88118553161621,447287000
2023-01-17,16.881188834859515,17.709315551841687,16.881188834859515,17.68334197998047,511102000
2023-01-18,17.648375934651437,17.854158152300805,17.263781558432793,17.35868263244629,439624000
2023-01-19,17.018042058487556,17.17887355641003,16.713365152180454,16.74732780456543,452932000
2023-01-20,16.993067946601407,17.837178429750637,16.80726509622476,17.8201961517334,564967000
2023-01-23,18.044958004082773,19.2247147792948,17.799218927189443,19.17276954650879,655163000
2023-01-24,18.80715382585874,19.474450850170054,18.800161235154988,19.244691848754883,496204000
2023-01-25,18.893061849004603,19.349580807071824,18.560412717739826,19.302629470825195,449537000
2023-01-26,19.680230760238217,20.14474069411191,19.257676365647274,19.781124114990234,489535000
2023-01-27,19.441482734234384,20.606253883767415,19.384543617188243,20.343530654907227,542142000
2023-01-30,19.928969317759073,20.11876764644554,19.129811540746857,19.141799926757812,488611000
2023-01-31,19.14979141108904,19.66624659725309,18.93002401700691,19.51640510559082,498017000
2023-02-01,19.670242250628736,21.169659387182808,19.590326660737446,20.920923233032227,660477000
2023-02-02,20.977866707527337,21.92586589903527,20.678183659555145,21.686119079589844,564276000
2023-02-03,20.977863818383533,21.72207934933685,20.767085792265146,21.0777587890625,429366000
2023-02-06,20.784069803716758,21.547264471015012,20.764090426847382,21.0667724609375,452197000
2023-02-07,21.359455598132758,22.23553173039484,21.127699859568253,22.149621963500977,664150000
2023-02-08,22.36340029679166,22.85388384635013,21.984800102114296,22.18159294128418,559651000
2023-02-09,22.582171117953777,22.995734263923605,22.0966833667124,22.313453674316406,523876000
2023-02-10,21.667133493771495,22.05472302081003,20.789060483609514,21.24258041381836,550737000
2023-02-13,21.515295357490146,22.024757958584203,20.93990234696834,21.765031814575195,474919000
2023-02-14,21.55525189893666,23.024701862590533,21.343475492983863,22.94678497314453,675474000
2023-02-15,22.525233851309185,22.83091109307049,22.082701872064156,22.740007400512695,420575000
2023-02-16,22.109667968901128,22.526228206382104,21.903885748285937,21.97880744934082,412026000
2023-02-17,21.60819565620736,21.717079994148627,20.952887118556177,21.36545181274414,465888000
2023-02-21,20.977862013234812,21.47134072519899,20.596264744241374,20.63322639465332,410015000
2023-02-22,20.6851767924116,21.08175773796776,20.39947701512826,20.732126235961914,513184000
2023-02-23,23.415290457504543,23.86281813728652,23.00072702935598,23.639053344726562,1117995000
2023-02-24,23.200517108251855,23.44925516678763,22.922810291543012,23.261451721191406,589716000
2023-02-27,23.645051208026654,23.854828947358715,23.429279274617038,23.476228713989258,452994000
2023-02-28,23.347362102450354,23.79988559289662,23.1815367258424,23.191526412963867,455963000
2023-03-01,23.1675548821103,23.231488507829404,22.48427580835061,22.674076080322266,460026000
2023-03-02,22.464293559566894,23.35535148775119,22.408350934456944,23.28942108154297,389415000
2023-03-03,23.295417814080157,23.874806353174602,23.105617561777713,23.864816665649414,412393000
2023-03-06,23.865813694172704,24.22243577267556,23.462238375938345,23.5291690826416,437429000
2023-03-07,23.579128902669357,24.103664219579663,23.22044523812733,23.267404556274414,515154000
2023-03-08,23.46622807879238,24.178598765957478,23.40328406914848,24.15961456298828,513573000
2023-03-09,24.153618497967933,24.432372980969312,23.36231913782545,23.415273666381836,501257000
2023-03-10,23.388296345871805,23.60610394776299,22.705899859992172,22.94468879699707,474866000
2023-03-13,22.731876826184696,23.2773934204727,22.27727934666776,22.94568634033203,421890000
2023-03-14,23.475219568886814,24.197579694405405,23.439250204223796,24.041717529296875,474910000
2023-03-15,23.739983668370748,24.264518937841256,23.33933927282555,24.206571578979492,524486000
2023-03-16,24.00574890060099,25.565367136764166,23.872865210794142,25.518409729003906,583253000
2023-03-17,25.95902028263856,26.375651279421106,25.645296921004547,25.702247619628906,848547000
2023-03-20,25.59234458217973,26.000983238469185,25.107772930663263,25.877092361450195,432747000
2023-03-21,26.15684854280883,26.36866095810992,25.358555335995277,26.175830841064453,547408000
2023-03-22,26.401624569988297,27.56459639821907,26.213791142891207,26.44458770751953,797295000
2023-03-23,27.091019134511235,27.474680300568725,26.666395768826245,27.16695213317871,564889000
2023-03-24,27.007093717949058,27.14297311837725,26.331690982855743,26.75531578063965,454920000
2023-03-27,26.81326506197413,26.97612101034624,26.341682380127203,26.507535934448242,361026000
2023-03-28,26.42361038825946,26.4895520016458,25.8271382618564,26.386642456054688,356104000
2023-03-29,26.801274739572264,27.054049321086534,26.57347575940691,26.960132598876953,393694000
2023-03-30,27.204916786801245,27.474678436555607,27.078028306822056,27.358779907226562,364516000
2023-03-31,27.115992391152133,27.809378749397688,27.081023503257455,27.752429962158203,433933000
2023-04-03,27.484667727431294,27.975232636511667,27.311820418959282,27.940263748168945,398716000
2023-04-04,27.941265336695817,27.975235662091706,27.28284778669967,27.42871856689453,368592000
2023-04-05,26.80526946048249,26.97411869458037,26.371653330557585,26.857223510742188,515015000
2023-04-06,26.560485977879456,27.056047553520614,26.403625256641565,27.013086318969727,397654000
2023-04-10,26.7992755400983,27.59657006024275,26.645412420852104,27.554607391357422,395279000
2023-04-11,27.699479353630412,27.765420962103274,27.102006799330113,27.144969940185547,314378000
2023-04-12,27.345793254176353,27.443706150535657,26.42460783917617,26.471567153930664,446259000
2023-04-13,26.71035256577281,26.863217112653786,26.305712014928602,26.439592361450195,353615000
2023-04-14,26.480552313116984,26.859216732045844,26.19680316412894,26.73432731628418,395660000
2023-04-17,26.541501373639374,26.98211125376257,26.40961817014211,26.97811508178711,321471000
2023-04-18,27.508650082334086,28.08513943393583,27.332805146499545,27.64253044128418,604812000
2023-04-19,27.336802094498506,27.975236904297546,27.20791647127858,27.90629768371582,358660000
2023-04-20,27.646526498743864,28.005210147455717,26.976120423056454,27.080028533935547,427713000
2023-04-21,26.928160559616323,27.15895713906588,26.698364452495547,27.095012664794922,345103000
2023-04-24,26.989107985798988,27.341794498427166,26.647409518060194,27.018081665039062,339282000
2023-04-25,27.05405218790828,27.222903354703707,26.201807819523317,26.217792510986328,378527000
2023-04-26,26.978123995582532,27.30583307378505,26.681385736838205,26.93216323852539,406337000
2023-04-27,27.338801338428016,27.470684568616697,26.601453148375764,27.201921463012695,377161000
2023-04-28,27.200920093090993,27.733447698531908,27.047055069952613,27.724456787109375,292216000
2023-05-01,27.81537661530885,29.03229974718171,27.755430216862095,28.884429931640625,570329000
2023-05-02,28.65463265110566,28.81049480525915,28.05816057967745,28.185047149658203,402730000
2023-05-03,27.815378914693316,28.341913271435864,27.447704337345524,27.77741241455078,383387000
2023-05-04,27.62654444288627,27.834360670007325,27.215908633799796,27.53762435913086,321850000
2023-05-05,27.80138414701471,28.729561262066465,27.70646887410467,28.65462875366211,361494000
2023-05-08,28.49677589172535,29.194158568777326,28.32492902158488,29.125219345092773,344979000
2023-05-09,28.873439595641816,28.94737354959499,28.42483732148799,28.54572868347168,314869000
2023-05-10,28.97934600141485,29.087252189450044,28.435828416964906,28.859453201293945,369350000
2023-05-11,28.870442464415532,28.92439555714759,28.221017746526314,28.552722930908203,322149000
2023-05-12,28.503769625610616,28.754549009866494,28.021196966245277,28.314937591552734,274222000
2023-05-15,28.48278306832434,28.943375739340738,28.12709896933045,28.92738914489746,293926000
2023-05-16,28.815489784527685,29.84358087051638,28.806498873165175,29.18716049194336,449405000
2023-05-17,29.557829830530487,30.17228557706734,29.40396672866753,30.151304244995117,432535000
2023-05-18,30.383102432113493,31.799847490043984,30.293181883981152,31.649980545043945,748725000
2023-05-19,31.508105976511025,31.552067683944458,30.888655428377344,31.236347198486328,473908000
2023-05-22,30.87366587276824,31.492119729294387,30.652862591168056,31.14842414855957,372000000
2023-05-23,30.972580557946717,31.260325929202107,30.603907456096916,30.660856246948242,356253000
2023-05-24,30.183279227752074,30.579929358273947,29.77963722467679,30.510990142822266,721419000
2023-05-25,38.4889301875961,39.445084576342175,36.60259939215732,37.9464111328125,1543911000
2023-05-26,37.85648296620509,39.13534949472907,37.51678356815055,38.91154861450195,714397000
2023-05-30,40.55909259441889,41.900903139211444,39.913664110250345,40.07551956176758,923401000
2023-05-31,39.453069566174214,40.25935493570893,37.78854287268503,37.800533294677734,1002580000
2023-06-01,38.45495240408073,40.01457242184314,38.30608594218301,39.73482131958008,635873000
2023-06-02,40.061536692451796,40.46418014077918,39.0234541630698,39.29221725463867,482731000
2023-06-05,38.87458704490847,39.53000507242546,38.6727660406919,39.136356353759766,396094000
2023-06-06,38.79565501764921,39.125361136510946,38.11425525753202,38.619808197021484,388729000
2023-06-07,38.88459809447063,39.468141471393565,37.32681416120832,37.44572067260742,511998000
2023-06-08,37.694534053593046,38.833643027365426,37.47570715034152,38.47991943359375,417772000
2023-06-09,39.00651298550393,39.67998641487103,38.53688262179433,38.739723205566406,427717000
2023-06-12,39.16938300880245,39.499123275212575,38.58783685686491,39.4511604309082,388701000
2023-06-13,40.154614126267326,41.06890039349555,39.70896332197463,40.989959716796875,613208000
2023-06-14,40.7921176516414,42.96641687824926,40.52032691306219,42.96342086791992,740465000
2023-06-15,42.56872727104233,43.2551909701653,42.11408081517457,42.619686126708984,568622000
2023-06-16,43.41605669949975,43.68684489706271,42.627671619358104,42.65864944458008,655709000
2023-06-20,42.96441968644821,43.95564551444472,42.64067141901623,43.77378463745117,451153000
2023-06-21,43.467020523272616,43.58093370313804,42.04713285457767,43.011375427246094,551603000
2023-06-22,42.21999389255843,43.392077979853475,42.201011539171446,42.99139404296875,417737000
2023-06-23,42.43083108618956,42.77555900672088,41.98218049927132,42.176029205322266,358140000
2023-06-26,42.42783558135576,42.730600334546075,40.06867951218722,40.60026550292969,594322000
2023-06-27,40.76712632853293,41.90723378479605,40.41640261431228,41.843284606933594,462175000
2023-06-28,40.62824464055819,41.81232053515092,40.48635724932419,41.08488845825195,582639000
2023-06-29,41.52553669526217,41.56750370507978,40.56828482936424,40.79011154174805,380514000
2023-06-30,41.647439493374065,42.516758773836536,41.468578476048215,42.268951416015625,501148000
2023-07-03,42.483786406248804,42.86448930889797,42.169033838728204,42.37986755371094,198209000
2023-07-05,42.102089932908285,43.143275924330226,42.05212974638505,42.28395080566406,323618000
2023-07-06,41.81131756799603,42.14605498586675,41.31370545626282,42.07011413574219,303582000
2023-07-07,42.28894446417988,43.18024990252509,42.14705707601412,42.46980285644531,355881000
2023-07-10,42.62368907673001,42.77756814161345,41.61647302860195,42.14706039428711,353908000
2023-07-11,42.44782043348418,42.72460451753315,42.03414612426581,42.37187957763672,298244000
2023-07-12,42.999389377359606,43.90068528368808,42.743588811592915,43.86771011352539,481277000
2023-07-13,44.48322589317595,46.118944360019775,44.45724522752528,45.94108581542969,478204000
2023-07-14,46.546611323884825,48.05043674269067,45.024802222527654,45.4334831237793,772075000
2023-07-17,46.25284659122238,46.459681830207685,45.2266483214971,46.42470932006836,510488000
2023-07-18,46.66452170058574,47.85858797189123,45.69827797708258,47.45690155029297,569164000
2023-07-19,47.4269247186503,47.780648286916495,46.705488579051746,47.040225982666016,427502000
2023-07-20,46.470680001468594,47.05022887602284,45.0268087892971,45.48445129394531,537865000
2023-07-21,45.75223611318822,45.83017811976025,44.06555477681696,44.274391174316406,963769000
2023-07-24,44.69606260557121,45.0737695401444,44.00560422049565,44.57715606689453,382516000
2023-07-25,44.90589571026622,46.14692227530892,44.887908215993086,45.64331817626953,348081000
2023-07-26,45.985052064508444,46.017028562917005,44.59513975878737,45.41649627685547,364237000
2023-07-27,46.4826670082,47.357982253239214,45.71426663486367,45.86415100097656,455976000
2023-07-28,46.63154522435899,46.99026595538216,46.34477066056632,46.71348190307617,331194000
2023-07-31,46.717486882574775,47.09319267881654,46.469679472055226,46.6925048828125,251055000
2023-08-01,46.42371224639774,46.86337103094522,45.9910517758365,46.47067642211914,237858000
2023-08-02,45.79520486142881,45.80419670368741,43.353113509905164,44.23442459106445,530142000
2023-08-03,43.765786762914985,45.082758057083076,43.765786762914985,44.480228424072266,324176000
2023-08-04,44.94986170170467,45.60634618505477,44.35832507301121,44.64509963989258,362666000
2023-08-07,45.0757624027515,45.504428150828545,44.528190127809225,45.38152313232422,322154000
2023-08-08,44.81796761407976,45.2066637195198,44.0215892371064,44.62911605834961,353843000
2023-08-09,44.23941340389369,44.277385732589195,42.101085685540646,42.52075958251953,586449000
2023-08-10,42.12707017302428,43.53996721168232,41.80232325660613,42.35489273071289,492705000
2023-08-11,41.718385785784754,41.9851793236234,40.607254909066846,40.82308578491211,533085000
2023-08-14,40.45437607089752,43.765786651430616,40.27951352736408,43.71882247924805,690286000
2023-08-15,44.525192399223506,45.23263951322543,43.675854107414054,43.90567398071289,676512000
2023-08-16,44.48523066121869,44.6401083875963,43.372098461072774,43.4520378112793,527451000
2023-08-17,43.93565295261865,44.02758013920778,42.96740814260929,43.310142517089844,452395000
2023-08-18,42.60168835866918,43.543952402445264,41.62745163344557,43.26517105102539,583768000
2023-08-21,44.45924519865085,47.028236135596124,44.187458298338946,46.93031311035156,692573000
2023-08-22,48.09740413737571,48.14936547616456,45.29759440317979,45.63233184814453,755293000
2023-08-23,45.830177068585726,47.1631347697341,45.172690060210584,47.079200744628906,779046000
2023-08-24,50.17677640386691,50.22673658703904,47.12216498787686,47.12615966796875,1156044000
2023-08-25,46.975286499863365,47.76766646596761,44.98883627533257,45.98206329345703,925341000
2023-08-28,46.44569122659898,46.94330333520207,44.852938347469795,46.79841613769531,685192000
2023-08-29,46.629553366671765,49.04266812232758,46.35476662201277,48.74589920043945,701397000
2023-08-30,49.00569929959779,49.88800916823137,48.38718320720876,49.225528717041016,735206000
2023-08-31,49.34143020878583,49.705144301675666,48.91975894986802,49.31644821166992,528570000
2023-09-01,49.72313481683707,49.761103338104185,48.10439736069892,48.47111129760742,463830000
2023-09-05,48.185339110764936,48.81285082996846,47.82262363775037,48.51008605957031,382653000
2023-09-06,48.40715888718816,48.515081329417654,46.54745900227917,47.02812194824219,468670000
2023-09-07,45.49318758272593,46.31161549020898,45.120447146044796,46.20868682861328,433330000
2023-09-08,45.909897697113266,46.57343135473317,45.239365149462806,45.54015350341797,473069000
2023-09-11,46.11575054004364,46.13073944810292,44.2810350025815,45.14643096923828,473966000
2023-09-12,44.70674200428019,45.641090123079564,44.49988589641405,44.83864974975586,349256000
2023-09-13,44.568836579722586,45.897909142211645,44.471904231366715,45.45322036743164,398355000
2023-09-14,45.91789786927569,45.95487076893904,45.0994698183301,45.549156188964844,370097000
2023-09-15,45.309314822834715,45.567133950218214,43.77738515441512,43.86932373046875,506831000
2023-09-18,42.71812866784668,44.211084137750255,41.97065027461465,43.93527603149414,500271000
2023-09-19,43.802366857424914,43.93527332902396,42.97194633294254,43.489585876464844,373064000
2023-09-20,43.5695331686225,43.872322851544475,42.19349643912847,42.2094841003418,367108000
2023-09-21,41.55394487986268,42.07058192849427,40.95136557382746,40.988338470458984,450736000
2023-09-22,41.54294952811981,42.08557317870962,41.202188203522006,41.58092498779297,479236000
2023-09-25,41.561937649909076,42.50627702068914,41.14822547100166,42.19249725341797,419091000
2023-09-26,41.97165495479975,42.79008299471649,41.62589602088143,41.881717681884766,402282000
2023-09-27,42.30042372625329,42.84204482057062,41.59991333679484,42.438323974609375,444935000
2023-09-28,42.430325448929366,43.41563643301945,42.085569148140415,43.05888748168945,424663000
2023-09-29,43.796371119268684,44.11315092531868,43.27673406437453,43.46860122680664,397830000
2023-10-02,43.99923228856128,45.143432663496135,43.830351660184725,44.750709533691406,433298000
2023-10-03,44.77668570728605,45.098463094837925,43.2157769974795,43.48658752441406,470850000
2023-10-04,43.71144012859111,44.112160944881325,43.26175375973955,44.010231018066406,361821000
2023-10-05,44.01921794767318,44.868626271295504,43.85733240049327,44.65677261352539,393483000
2023-10-06,44.16212229169967,45.757007806644154,43.99523916079719,45.73002624511719,434436000
2023-10-09,44.810668716384285,45.573136109277975,44.33700086795517,45.24136734008789,409675000
2023-10-10,45.27834086872442,46.22667525132618,45.05649586993077,45.76599884033203,368582000
2023-10-11,46.16371442393257,46.82625308984122,46.01781654956794,46.77328872680664,378137000
2023-10-12,46.744307632008294,47.57572687289941,46.297621446476896,46.91218948364258,481325000
2023-10-13,46.92717882204684,47.08307183716441,45.24835266618891,45.42922592163086,474115000
2023-10-16,45.03151704547535,46.19270397891088,44.88062156378521,46.06279754638672,375099000
2023-10-17,43.96925217503642,44.72272688542817,42.45031391518229,43.90729522705078,812333000
2023-10-18,42.561239807706784,43.18880316775222,41.79577619709707,42.1665153503418,627294000
2023-10-19,42.781089631153165,43.26675013363428,41.85273785103801,42.07158660888672,501233000
2023-10-20,41.860724837875836,42.44032133844881,41.0492920242925,41.35807800292969,477266000
2023-10-23,41.200194491752654,43.21778487682209,40.91639251850647,42.94497299194336,478530000
2023-10-24,43.04689542430625,43.66646107168209,42.6611674055464,43.632484436035156,401463000
2023-10-25,43.36767758718175,43.61950423451798,41.52596674486631,41.74980926513672,398379000
2023-10-26,41.8237544285133,42.22647269652664,39.852133556535904,40.297821044921875,541001000
2023-10-27,41.1012634608965,41.177210573030834,39.987040836148445,40.471702575683594,416784000
2023-10-30,41.05829069172662,41.73681325645553,40.45271135167305,41.13223648071289,388028000
2023-10-31,40.421739350493176,40.850440472726774,39.20259051438913,40.75150680541992,517969000
2023-11-01,40.855437818322336,42.35139367956083,40.84044890706074,42.295433044433594,437593000
2023-11-02,43.29771657075522,43.85332773061327,42.864021790189256,43.47559356689453,409172000
2023-11-03,43.989240387189966,45.27733731815709,43.69244703893823,44.97355270385742,424610000
2023-11-06,45.25335451197863,45.90290181424292,44.867622664486824,45.71902847290039,400733000
2023-11-07,45.687054558944546,46.18570260804149,45.12644574728523,45.922889709472656,343165000
2023-11-08,46.06779027302312,46.83425650544142,45.93588252657113,46.54146194458008,346719000
2023-11-09,47.43382754729244,48.19629482563236,46.71732955595706,46.91719055175781,540496000
2023-11-10,47.466808147596865,48.43812905946533,47.24996072733801,48.30122375488281,421245000
2023-11-13,48.28623562834099,49.08168084897678,48.065389383307924,48.58602523803711,384136000
2023-11-14,49.645285046741414,49.799176764113575,49.00573287416369,49.621299743652344,416954000
2023-11-15,49.9001052683663,49.92508551038347,48.166317129461184,48.85383605957031,475497000
2023-11-16,48.64498792594149,49.490397480832705,48.296232754650504,49.44542694091797,339756000
2023-11-17,49.489397461523026,49.68226341163358,48.9727603803161,49.26355743408203,325205000
2023-11-20,49.27754192431734,50.51267829045294,49.14663294635536,50.373775482177734,414120000
2023-11-21,50.090971605091276,50.48169721701578,49.187603987551,49.90909957885742,565747000
2023-11-22,49.817161099137216,50.29982144046333,47.65666949538865,48.68195343017578,899420000
2023-11-24,48.43613001762004,48.886815068886136,47.711634365879085,47.74261474609375,294645000
2023-11-27,47.766593838676684,48.496083215098835,47.618698458972716,48.20828628540039,395662000
2023-11-28,48.20228946745971,48.28923046522846,47.439822215751256,47.78757858276367,401491000
2023-11-29,48.345196613263326,48.727928411184934,47.826558260033494,48.106361389160156,382005000
2023-11-30,47.990445435742124,48.076387698516726,46.389567324354005,46.73732376098633,526247000
2023-12-01,46.4924925258304,47.16702011217605,46.15472745047927,46.732322692871094,369317000
2023-12-04,46.044804165615915,46.044804165615915,44.97854837139348,45.47819900512695,437543000
2023-12-05,45.43822537417424,46.571531508809755,45.243344800588865,46.53755569458008,371718000
2023-12-06,47.18615659482553,47.358052404807324,45.3842566412969,45.47520065307617,380590000
2023-12-07,45.67208285394523,46.60051618631754,45.57614082890342,46.567535400390625,350823000
2023-12-08,46.566531807194686,47.71183151295026,46.5215573196364,47.47697448730469,359224000
2023-12-11,47.461988967358906,47.50196163403656,45.802004370558734,46.598514556884766,509728000
2023-12-12,46.017871828359986,47.63688109924922,46.017871828359986,47.62788772583008,372387000
2023-12-13,47.59990881517736,48.56431952524785,47.578921733918634,48.05862808227539,447792000
2023-12-14,48.36043775200682,48.6402654789673,47.39303060139569,48.32046127319336,391232000
2023-12-15,48.164556381448534,49.373816223552424,48.09060027989247,48.860130310058594,479948000
2023-12-18,49.369828783003264,50.40219497597293,49.119981479065736,50.04641342163086,412587000
2023-12-19,49.39380199579273,49.66963433728467,48.86512588284418,49.573692321777344,464444000
2023-12-20,49.62465933137436,49.96845091462431,48.068611458987135,48.08160400390625,397894000
2023-12-21,48.78117626784754,49.065003134313834,48.389413683730325,48.96006774902344,300425000
2023-12-22,49.16494962310715,49.35283451146827,48.43739367116176,48.800174713134766,252507000
2023-12-26,48.93807912022649,49.569692938536456,48.93008458769596,49.2488899230957,244200000
2023-12-27,49.480758467753716,49.64965395545636,49.05501618312312,49.38681411743164,233648000
2023-12-28,49.6126770927999,49.85352719386826,49.38181539341571,49.49174880981445,246587000
2023-12-29,49.7825714182401,49.96646094313931,48.72121986722186,49.49174880981445,389293000
2024-01-02,49.213911661432995,49.26487918925224,47.565920930034586,48.13856887817383,411254000
2024-01-03,47.4559877548122,48.15455817196312,47.291087653176916,47.53993606567383,320896000
2024-01-04,47.737819636783634,48.47037358886087,47.4789789763883,47.96868133544922,306535000
2024-01-05,48.43239854255895,49.51673484987403,48.27649179251623,49.06700897216797,415039000
2024-01-08,49.48175412771333,52.24306669740862,49.44877334196531,52.22107696533203,642510000
2024-01-09,52.368989354850214,54.291813775257275,51.658421354299875,53.10753631591797,773100000
2024-01-10,53.58325017590931,54.56664645309511,53.45632503855136,54.31679916381836,533796000
2024-01-11,54.965399369459846,55.312187494704844,53.527279337957886,54.78850555419922,596759000
2024-01-12,54.58663334731275,54.93642183109273,54.29681339629927,54.676578521728516,352994000
2024-01-16,54.98439562296978,56.80028329797536,54.866467668882784,56.34756088256836,449580000
2024-01-17,56.3125759716749,56.43650076516492,54.70655929384397,56.01875686645508,474394000
2024-01-18,57.22501562586881,57.564808057146664,56.07272016716743,57.07210922241211,491650000
2024-01-19,57.953569636409725,59.463648066531206,57.19003646845247,59.454654693603516,543501000
2024-01-22,60.01232052303933,60.29414976562131,59.03391842649556,59.61756134033203,452955000
2024-01-23,59.53360947543731,59.8734019281728,58.549210583878605,59.83642578125,294654000
2024-01-24,60.26716017281773,62.810603561548206,59.901382639629475,61.32451248168945,560271000
2024-01-25,62.311911094050835,62.68068897905718,60.8128273903059,61.57936096191406,482777000
2024-01-26,60.92276141821586,61.74526054571479,60.53600059416135,60.993717193603516,390309000
2024-01-29,61.19458949954275,62.45082152019551,60.86979110422985,62.42683792114258,348733000
2024-01-30,62.861575397836866,63.45421163481392,62.221963176710254,62.73564910888672,410735000
2024-01-31,61.40246556305648,62.230961514394274,60.66291975637589,61.48941421508789,453795000
2024-02-01,62.06206301871128,63.1523999678792,61.61234096321601,62.98849868774414,369146000
2024-02-02,63.93491403332179,66.55930912654547,63.65108714697043,66.11958312988281,476578000
2024-02-05,68.18331639891433,69.45454244217241,67.16394292298222,69.28964233398438,680078000
2024-02-06,69.58745829595591,69.71138308978904,66.25949848302591,68.18132019042969,683111000
2024-02-07,68.27725642617484,70.17709586585252,67.55869397580136,70.05616760253906,495575000
2024-02-08,70.03118381151026,70.75074512715133,69.412566337875,69.59844970703125,414422000
2024-02-09,70.48991468195457,72.14090604638328,70.16911160679686,72.08894348144531,436637000
2024-02-12,72.55564739281085,74.56542046599529,71.2064736279646,72.20386505126953,613710000
2024-02-13,70.35700477469595,73.40513741451034,69.57748237910234,72.08394622802734,602580000
2024-02-14,73.15728673605686,74.19065168292555,71.89405893388704,73.8548583984375,504917000
2024-02-15,73.82387565740021,73.92980608164119,72.35577132172895,72.61360931396484,420122000
2024-02-16,74.05472502125532,74.35654245789623,72.45670295069786,72.56863403320312,495327000
2024-02-20,71.90304738257117,71.91204456852859,67.69262359545532,69.40957641601562,704833000
2024-02-21,67.96446422295412,68.8459293516135,66.20754225691248,67.43079376220703,673755000
2024-02-22,74.97915917474572,78.52698545171262,74.17465074702281,78.4900131225586,865100000
2024-02-23,80.74064650613892,82.34366290568272,77.5226123761237,78.76885223388672,829388000
2024-02-26,79.65130857177527,80.596737435313,78.4570388969918,79.04368591308594,503973000
2024-02-27,79.3325008302499,79.4314469973946,77.1148623296948,78.65291595458984,391705000
2024-02-28,77.57258181183745,78.88477556464643,77.07788148076835,77.61555480957031,393110000
2024-02-29,79.0456805510973,79.94112925032395,78.3021317921465,79.06366729736328,507289000
2024-03-01,79.95112232187887,82.24972013852617,79.38646508056598,82.22872924804688,479135000
2024-03-04,84.07859536447201,87.6414196546175,83.6678509917937,85.18492126464844,615616000
2024-03-05,85.22191083370436,86.04844794548417,83.36995895717057,85.91551971435547,520639000
2024-03-06,87.97235961581464,89.67339555623481,86.98091470216241,88.64997100830078,582520000
2024-03-07,90.10713703099752,92.71466639598263,89.55145092677502,92.6167221069336,608119000
2024-03-08,95.08434657912662,97.34507194141518,86.45721088913098,87.4786376953125,1142269000
2024-03-11,86.38026112101332,88.7469219574668,84.11853680206842,85.72563171386719,678364000
2024-03-12,87.9993412781643,91.90813084085208,86.10141029804566,91.86116027832031,668075000
2024-03-13,91.0036442134583,91.45238847114443,88.38511917925783,90.83673858642578,635713000
2024-03-14,89.52647603225017,90.5948732884495,86.55115025815236,87.89439392089844,602318000
2024-03-15,86.88095906708162,89.4954805763271,86.20834221458325,87.78744506835938,642086000
2024-03-18,90.33702946254044,92.35289034072188,87.03589066625348,88.40512084960938,668976000
2024-03-19,86.65110342037197,90.49293740706634,84.96206166270107,89.34758758544922,672171000
2024-03-20,89.74634940187569,90.35901024319512,88.17323967680368,90.32102966308594,479063000
2024-03-21,92.24794813241263,92.59575144201277,90.35401259550207,91.38343048095703,480372000
2024-03-22,91.0895826139038,94.72453187599703,90.78275659770236,94.23580932617188,586719000
2024-03-25,93.88801151365493,96.71141493346599,93.45725487677139,94.94841003417969,552136000
2024-03-26,95.79693429152606,96.3206408094852,92.44982423178193,92.5087890625,513648000
2024-03-27,93.05947407876293,93.18740022563185,89.07272590055334,90.19908905029297,586067000
2024-03-28,89.9492288448454,91.24849853375163,89.14268488587938,90.3050308227539,435212000
2024-04-01,90.24806771473163,92.17297617207028,89.15368416261286,90.31202697753906,452441000
2024-04-02,88.39811114522563,90.04318648075638,87.57058285516493,89.40155029296875,433064000
2024-04-03,88.43409336471458,90.32302673450899,88.35014110939444,88.913818359375,370067000
2024-04-04,90.35499714995936,90.58287298050408,85.83154944356146,85.85653686523438,434965000
2024-04-05,86.81700456921507,88.4310991932804,85.87753991776991,87.95836639404297,399678000
2024-04-08,88.64995673788222,88.77988827828314,86.68307229452097,87.08384704589844,283220000
2024-04-09,87.39266655170175,87.5855584540804,82.97516214642668,85.30583953857422,501700000
2024-04-10,83.87866326448999,87.35070274664696,83.66178279831279,86.98990631103516,431929000
2024-04-11,87.37069146521046,90.687819723934,86.87697442257391,90.56488800048828,431637000
2024-04-12,89.64842367800412,90.12416085218041,87.48064787808988,88.13627624511719,426805000
2024-04-15,89.0477450616577,90.56188993656951,85.8805337738884,85.9524917602539,443077000
2024-04-16,86.38424380509475,88.06829089560239,86.01545628049773,87.36569213867188,370453000
2024-04-17,88.2901585822677,88.7249183584023,83.90263584788114,83.98759460449219,495400000
2024-04-18,84.92207255324703,86.14138561304675,82.35552028108327,84.62323760986328,447260000
2024-04-19,83.10311370735981,84.27644766930946,75.56336900757456,76.15702819824219,875198000
2024-04-22,78.05994814693265,80.02783946358336,76.35691439393003,79.47315216064453,596341000
2024-04-23,80.7234441336971,82.72231614993429,80.21873169463018,82.37651062011719,438559000
2024-04-24,83.90264988256477,84.03457921776213,79.13834013698539,79.63206481933594,512208000
2024-04-25,78.82351130528671,83.27600032547527,78.17887846781115,82.58539581298828,424641000
2024-04-26,83.77072580488384,88.28118087279601,83.33996914129987,87.68551635742188,551011000
2024-04-29,87.54559308685103,87.94236470516184,85.21790438488335,87.70750427246094,388971000
2024-04-30,87.19080401105087,88.76891600613489,86.25133925368692,86.35327911376953,363709000
2024-05-01,85.02901046138126,85.95148630832341,81.20916027802339,82.99415588378906,559863000
2024-05-02,84.40136817425811,86.18836175340402,83.15307206256357,85.76860046386719,377898000
2024-05-03,87.73947860212795,89.23063371341577,86.9909005732954,88.7389144897461,398341000
2024-05-06,89.3395790876885,92.16798466023728,89.00476895897276,92.08802795410156,376203000
2024-05-07,91.04661392300342,91.72922732116892,88.96079315014337,90.50292205810547,437342000
2024-05-08,89.43253836914545,91.14257199813075,89.36957035953105,90.36101531982422,325721000
2024-05-09,90.47793776117966,91.0206307579062,88.18123739175036,88.69694519042969,378013000
2024-05-10,90.25406978590553,91.34945233112951,89.17667483195356,89.82730865478516,335325000
2024-05-13,90.42696502755186,90.94667600491073,88.47906681215352,90.34801483154297,289680000
2024-05-14,89.54846112262796,91.59930565354625,88.88383529778994,91.30447387695312,296507000
2024-05-15,92.41984207783547,94.80849340867992,91.54733338803841,94.57662200927734,417735000
2024-05-16,94.85647021604154,95.76495408373688,94.04991856770557,94.30577850341797,323952000
2024-05-17,94.31576729412592,94.68655257434129,91.75420961084316,92.42682647705078,359691000
2024-05-20,93.6971368800976,95.1463162138061,93.38731412084368,94.72655487060547,318764000
2024-05-21,93.54620449229954,95.3461911389766,93.12744211033531,95.33219909667969,328946000
2024-05-22,95.40516951213256,95.96585017054332,93.19641666447399,94.89645385742188,548648000
2024-05-23,101.97046583987779,106.26004537919088,101.46274907027386,103.74047088623047,835065000
2024-05-24,104.39008586204577,106.41494412748668,102.94190563238328,106.40895080566406,429494000
2024-05-28,110.18182631936331,114.87417806167193,109.82102986026253,113.83676147460938,652728000
2024-05-29,112.98624580119811,115.42686229387073,110.83845570707368,114.76023864746094,557442000
2024-05-30,114.58533630630252,115.75367568258609,109.60114957621623,110.43767547607422,484553000
2024-05-31,112.45653205108225,112.65342715935483,106.87968513049076,109.5711669921875,613263000
2024-06-03,113.55692243893306,114.93514251708984,111.93983111247248,114.93514251708984,438392000
2024-06-04,115.65074383289046,116.53424034822847,113.98068096958718,116.37133026123047,403324000
2024-06-05,118.30424338003813,122.37993877462908,117.40175277551737,122.3709487915039,528402000
2024-06-06,123.97803133753258,125.51616477932996,118.25326519915947,120.92975616455078,664696000
2024-06-07,119.70245088550641,121.62337164710611,117.95544321860926,120.81982421875,412386000
2024-06-10,120.30210862140808,123.0305645078952,116.94400320335374,121.72130584716797,313434100
2024-06-11,121.71131653242202,122.81079255068147,118.68277788836801,120.85173797607422,222551200
2024-06-12,123.00070306062463,126.81886214949532,122.51094129451408,125.1396713256836,299595000
2024-06-13,129.32763594350715,129.7374419918796,127.09871503024357,129.5475311279297,260704500
2024-06-14,129.89737910282292,132.7759808624214,128.2581700274141,131.8164520263672,309320400
2024-06-17,132.92592665460285,133.66556033801308,129.5175660413327,130.91688537597656,288504400
2024-06-18,131.07680096187468,136.26430225949593,130.6270208742377,135.51466369628906,294335100
2024-06-20,139.73263779444994,140.69216665961412,129.45759262565218,130.71697998046875,517768400
2024-06-21,127.05874067811743,130.5670512631637,124.24010000634735,126.50900268554688,649445800
2024-06-24,123.1806025577778,124.40001580098117,117.98311173916277,118.0530776977539,476060900
2024-06-25,121.14159285282038,126.43904192857353,119.2625015362155,126.02923583984375,414192600
2024-06-26,126.06921428451571,128.0582531537486,122.54091663746888,126.3390884399414,362975900
2024-06-27,124.04019204451785,126.34908399185862,122.8607604065947,123.93024444580078,252571700
2024-06-28,124.5199685039101,127.648457456266,122.69084852465333,123.48046875,315516700
2024-07-01,123.41051038858464,124.7798454089979,118.77274666283829,124.2401123046875,284885500
2024-07-02,121.07161927076024,123.35052684202405,120.9716689903923,122.61087799072266,218374000
2024-07-03,121.60136576540062,128.21817016601562,121.30150730962696,128.21817016601562,215749000
2024-07-05,127.3186041478144,128.78790450042015,125.61942654400949,125.76935577392578,214176700
2024-07-08,127.42852684489468,130.70695175433724,126.97874686873942,128.13818359375,237677300
2024-07-09,130.28719371816868,133.7555228326683,128.58800070420872,131.3166961669922,285366600
2024-07-10,133.965420342518,135.03491211498738,132.35619546389498,134.84500122070312,248978600
2024-07-11,135.68459054854569,136.08439171293904,126.98878558577707,127.33861541748047,374782700
2024-07-12,128.19821072594715,131.856451337425,127.15871841221467,129.17774963378906,252680500
2024-07-15,130.49710188740187,131.32670387529456,127.11873290604161,128.3781280517578,208326200
2024-07-16,128.3781021800115,128.97780386568002,124.51996185494663,126.29910278320312,214769500
2024-07-17,121.29150949460832,121.79126850169425,116.66374383425097,117.9331283569336,390086200
2024-07-18,121.79127496540796,122.34101295266511,116.50382347473696,121.0316390991211,320979500
2024-07-19,120.29200089882109,121.54139851435873,117.31344125378135,117.8731689453125,217223800
2024-07-22,120.29200352530061,124.01021213043963,119.8022417845173,123.48046875,258068900
2024-07-23,122.72082517670732,124.62990831594026,122.04115259647224,122.53091430664062,173911000
2024-07-24,119.1125656978158,119.89218856658098,113.38533146913761,114.19493865966797,327776900
2024-07-25,112.985511642852,116.57377747571985,106.24876269608933,112.22587585449219,460067000
2024-07-26,116.13400480341201,116.14399449340688,111.52622597755057,113.00550842285156,293399100
2024-07-29,113.63521853690591,116.2239668309142,111.24637081842914,111.53622436523438,248152100
2024-07-30,111.46624662712419,111.93602131829121,102.49057904635741,103.68000793457031,486833300
2024-07-31,112.84557590571139,118.28294826345073,110.82654541521487,116.96358489990234,473174200
2024-08-01,117.4733618639685,120.1020993651303,106.75852653969832,109.1573715209961,523462300
2024-08-02,103.70999693537759,108.66760564065457,101.32114936142939,107.21829986572266,482027500
2024-08-05,92.0156323292122,103.36016867781126,90.6462974352404,100.4015884399414,552842400
2024-08-06,103.78995436151921,107.65809209854007,100.50154657010994,104.19976043701172,409012100
2024-08-07,107.7580481751046,108.74757662368853,98.64244762367623,98.86234283447266,411440400
2024-08-08,101.95084088326249,105.44915405082541,97.47299667346623,104.9194107055664,391910000
2024-08-09,105.58908675557784,106.54862317361375,103.38015276837264,104.69951629638672,290844200
2024-08-12,106.26877223508454,111.01648357411331,106.20880358471621,108.96746826171875,325559900
2024-08-13,112.38580888904526,116.1739831093698,111.52622277964618,116.08402252197266,312646700
2024-08-14,118.4728819117515,118.54284787534027,114.0150319977807,118.02310180664062,339246400
2024-08-15,118.70277375276062,123.180610648127,117.41339446628129,122.80079650878906,318086700
2024-08-16,121.88123149659879,124.93975424016854,121.12159565561768,124.51995849609375,302589900
2024-08-19,124.22010290586175,129.93734741210938,123.36051676677039,129.93734741210938,318333600
2024-08-20,128.33812230971984,129.81742012912812,125.82933728380516,127.18868255615234,300087400
2024-08-21,127.2586178970324,129.2876456264653,126.59894005268639,128.43804931640625,257883600
2024-08-22,129.95734653679833,130.68699047324503,123.04067554756361,123.68036651611328,376189100
2024-08-23,125.79932992863567,129.53753255606168,125.15963905002394,129.30763244628906,323230300
2024-08-26,129.50756494551362,131.19673768949764,124.31006635411407,126.39905548095703,331964700
2024-08-27,124.98974063480068,129.1377346219971,123.82029866993177,128.23817443847656,303134600
2024-08-28,128.05825393148814,128.26815944285755,122.580899020736,125.54946899414062,448101100
2024-08-29,121.30150468369611,124.37002462838785,116.65374447412273,117.53331756591797,453023300
2024-08-30,119.47239604079388,121.69132742002542,117.16351169383461,119.3124771118164,333751600
2024-09-03,115.95408600386334,116.15398655476369,107.23828777198462,107.94794464111328,477155100
2024-09-04,105.35919602273194,113.21540048575886,104.06981688786142,106.15880584716797,372470300
2024-09-05,104.93940145906154,109.5971593888533,104.70951657024186,107.15833282470703,306850700
2024-09-06,107.98792932713482,108.09787692095124,100.90134249947533,102.78044128417969,413638100
2024-09-09,104.8294482794324,106.49864918568733,103.64002700878578,106.41868591308594,273912000
2024-09-10,107.75803619556127,109.34727382600163,104.89941402443941,108.04789733886719,268283700
2024-09-11,109.33727332924734,117.13351677378026,107.36822165058582,116.85365295410156,441422400
2024-09-12,116.79368208487448,120.7421209186122,115.33426173002456,119.0927734375,366052700
2024-09-13,119.03279143615939,119.91243980632909,117.55337484057826,119.05278015136719,238358300
2024-09-16,116.74370178435876,118.13315013570288,114.31466480568342,116.73370361328125,248772300
2024-09-17,118.12315326201993,118.75290839853001,114.78448096424103,115.54417419433594,231925900
2024-09-18,115.84404779202798,117.65332766764698,113.17510830529987,113.3250503540039,310318900
2024-09-19,117.30347459042382,119.6125639674696,117.2035157611041,117.82327270507812,293506400
2024-09-20,117.01359501507952,118.57298181753792,115.3442588328446,115.95401763916016,382462400
2024-09-23,116.50380656220895,116.94362697511984,114.81447398076047,116.21392059326172,206228500
2024-09-24,116.47380837806097,121.75172180406905,115.33426088161053,120.82209014892578,354966800
2024-09-25,121.97162190060216,124.89047006468225,121.5617884105282,123.4610366821289,284692900
2024-09-26,126.7497296956914,127.61937987933592,121.75171208350119,123.9908218383789,302582900
2024-09-27,123.92085618310571,123.98082995705606,119.21272426875333,121.35187530517578,271009200
2024-09-30,118.26309688166123,121.45183473616015,118.1031642748816,121.39186096191406,226553700
2024-10-01,121.72172671524483,122.3914669216292,115.74410147280143,116.95362091064453,302094500
2024-10-02,116.39383876517695,119.33266799005563,115.09435111120959,118.8028793334961,221845900
2024-10-03,120.87206480654892,124.31070361178112,120.29229289145833,122.80130004882812,277118000
2024-10-04,124.89047211115172,124.99043094258552,121.78170440742984,124.87047576904297,243678100
2024-10-07,124.94044391837012,130.58820542607234,124.90045886173723,127.66936492919922,346250200
2024-10-08,130.20834865989482,133.42707320550807,129.36868536610157,132.83731079101562,285722500
2024-10-09,134.05682465722603,134.46666574879316,131.3279114002274,132.59739685058594,246191600
2024-10-10,131.85770195813822,134.94647312682827,130.94805910825556,134.7565460205078,242311300
2024-10-11,133.9568713960576,135.72617401836632,133.60701929174726,134.74656677246094,170209500
2024-10-14,136.4159022137037,139.54466630986312,136.24597143489578,138.01527404785156,232347700
2024-10-15,137.8153397242487,138.5150744275185,128.68896947491228,131.54783630371094,377831000
2024-10-16,133.92688301499192,136.56583584893667,131.527840530584,135.66619873046875,264879700
2024-10-17,139.28476556198524,140.83415423256426,136.81574338597488,136.87571716308594,306435900
2024-10-18,138.61502982502418,138.8449343829922,137.22558142668973,137.94529724121094,176090200
2024-10-21,138.07524085271365,143.6530303955078,137.94528751258602,143.6530303955078,264554500
2024-10-22,142.85337309657714,144.36276924192205,141.72381599778205,143.53309631347656,226311600
2024-10-23,141.97369118156848,142.37352650102258,137.40551088320953,139.50466918945312,285930000
2024-10-24,140.76418072009866,141.293969386979,138.40511570705533,140.35433959960938,172354900
2024-10-25,140.8741279131319,144.0728716327459,140.74418981710016,141.48388671875,205122100
2024-10-28,142.9433224828564,143.08326638426843,139.99449475491215,140.4643096923828,173586700
2024-10-29,140.23437413304583,142.20359433012132,138.8449258203989,141.19400024414062,157593600
2024-10-30,139.48467718743143,140.27437255912164,136.75576367804047,139.28475952148438,179418100
2024-10-31,137.54547571977304,137.55546626582213,132.05764589588958,132.70738220214844,270039600
2024-11-01,134.64660922766117,137.25557537634637,134.5166711244238,135.34632873535156,207127800
2024-11-04,137.15562237613318,138.90492874894582,135.51627301400697,135.99607849121094,187528200
2024-11-05,137.39550649112996,140.31434706066804,137.27555894461494,139.8545379638672,160537400
2024-11-06,142.90333324876622,146.4319326348536,141.90372967757455,145.55227661132812,242043900
2024-11-07,146.33198051831096,148.8709671267726,146.1120664908763,148.8209991455078,207323300
2024-11-08,148.7110349444156,149.71063856526422,146.20202009433146,147.5714874267578,175665800
2024-11-11,148.62103456850656,148.79098057849544,143.51307554919703,145.202392578125,182325600
2024-11-12,146.72179022487757,149.59064718789998,145.952091313065,148.23118591308594,198634700
2024-11-13,149.01089841600094,149.2707898303925,145.8421419549503,146.21200561523438,191903300
2024-11-14,147.5814687564354,148.94093020600926,145.49230097997514,146.70181274414062,194463300
2024-11-15,144.81255966940228,145.18242335032573,140.02446543358045,141.9237060546875,250132900
2024-11-18,139.44468522690033,141.49387540802257,137.09561095173166,140.09442138671875,221205300
2024-11-19,141.26398946372595,147.07168399645053,140.9341184421503,146.95172119140625,227834900
2024-11-20,147.3515703217148,147.5015047606034,142.67341754276418,145.83216857910156,309871700
2024-11-21,149.290807835149,152.8293979645091,140.64422730754492,146.6118621826172,400946600
2024-11-22,145.87214043901812,147.1016638018941,141.04406865837018,141.8937225341797,236406200
2024-11-25,141.93371415065735,141.99368792347047,135.7661620516237,135.96607971191406,344941900
2024-11-26,137.6454275873218,139.24479962175627,135.61623327961902,136.86573791503906,190287700
2024-11-27,134.95646019838466,137.1655905980091,131.74774157257602,135.2863311767578,226370900
2024-11-29,136.7257870913165,139.29477581313424,135.99608069190262,138.19520568847656,141863200
2024-12-02,138.7749450999513,140.39429776497158,137.7653511333102,138.5750274658203,171682800
2024-12-03,138.2051993772479,140.48429454860658,137.8953246767264,140.20440673828125,164414000
2024-12-04,141.94371889092554,145.73221002899123,140.23438993110327,145.0824737548828,231224300
2024-12-05,145.06248362625453,146.49200804389403,143.9028598130552,145.0124969482422,172621200
2024-12-06,144.55263713920382,145.6522676421263,141.2637063556289,142.39334106445312,188505600
2024-12-09,138.92447761551347,139.90415231737651,137.08508402113657,138.7645263671875,189308600
2024-12-10,138.96445323342698,141.77354545828368,133.74616214517607,135.0257568359375,210020900
2024-12-11,137.31500040642362,140.12407738797447,135.16571086465208,139.2643585205078,184905200
2024-12-12,137.03510407678786,138.39465924672223,135.75552453494274,137.29501342773438,159211400
2024-12-13,138.89449032268433,139.55427778956917,132.4965775973186,134.20602416992188,231514900
2024-12-16,134.13603509853905,134.35596424649526,130.37727237183418,131.95675659179688,237951100
2024-12-17,129.04771280436398,131.54689392732612,126.81844751374322,130.3472900390625,259410300
2024-12-18,133.8161583001621,136.6552244722092,128.23798405143236,128.86778259277344,277444500
2024-12-19,131.7168244915274,133.98608501684748,129.50755712091288,130.63717651367188,209719200
2024-12-20,129.76747112979962,135.2356803497186,128.1779956829599,134.65586853027344,306528600
2024-12-23,136.23536324975828,139.74420813475027,135.07573952144836,139.62425231933594,176053500
2024-12-24,139.95415834100334,141.8535301026856,138.60459428405517,140.17408752441406,105157000
2024-12-26,139.65425012018665,140.8038826879709,137.68489400548984,139.88417053222656,116205600
2024-12-27,138.50462254046806,138.97446981750295,134.66588395063462,136.96511840820312,170582600
2024-12-30,134.78581438230358,140.22403398735426,133.97608228188028,137.4449462890625,167734700
2024-12-31,137.98479821279548,138.02479365615312,133.7861766339878,134.2460174560547,155659200
2025-01-02,135.95545329338754,138.8345148325783,134.58590691715995,138.2646942138672,198247200
2025-01-03,139.96413776465596,144.85253555834646,139.68423069189672,144.4226837158203,229322500
2025-01-06,148.5413213081193,152.11015917129038,147.77158452702758,149.38104248046875,265377400
2025-01-07,152.97986196669754,153.07983530547875,139.9641234037018,140.09408569335938,351782200
2025-01-08,142.5332942493383,143.90284057175748,137.51493447299714,140.06410217285156,227349900
2025-01-10,137.40498271998055,139.87417502688794,134.17604480086774,135.86549377441406,207602500
2025-01-13,129.94744151880715,133.44629547754278,129.46758770744978,133.18637084960938,204808900
2025-01-14,136.00543044799826,136.33532416409136,130.00739616366573,131.71682739257812,195590500
2025-01-15,133.60622538989423,136.4053114797544,131.24699764678536,136.1953887939453,185217300
2025-01-16,138.59457607585483,138.70454064615834,133.44626949753135,133.5262451171875,209235600
2025-01-17,136.6452315490251,138.45463626831489,135.41563868932835,137.66490173339844,201188800
2025-01-21,139.1144233323199,141.78354697270905,137.0450940162502,140.78387451171875,197749000
2025-01-22,144.61265106638749,147.74161612847584,143.6229696388165,147.02186584472656,237651400
2025-01-23,145.0024960002277,147.18177468068177,143.67292977388993,147.17178344726562,155915500
2025-01-24,148.32138900097752,148.92119854206575,141.83352489203162,142.57327270507812,234657600
2025-01-27,124.75911743279188,128.35792888769186,116.6617649651342,118.3812026977539,818830900
2025-01-28,121.77009783396647,128.95774513931468,116.21192149182427,128.94775390625,579666400
2025-01-29,126.458570906435,126.84844257022412,120.0106863497111,123.65948486328125,467120600
2025-01-30,123.05968123503551,124.9590604797062,118.06131881584726,124.60917663574219,392925500
2025-01-31,123.73945402173636,127.80812056780856,119.15096116009843,120.03067016601562,388161100
2025-02-03,114.71241754878405,118.53116613291392,112.9729895620065,116.62179565429688,371235700
2025-02-04,116.92168851369838,121.16029755445565,116.66177154188583,118.61113739013672,256550000
2025-02-05,121.72012173666313,124.95905839472358,120.72044926950534,124.78911590576172,262230800
2025-02-06,127.37826606210074,128.72783001681898,125.16899078801299,128.63784790039062,251483600
2025-02-07,129.17766285547097,130.32727996151158,124.95904429961287,129.79745483398438,228186300
2025-02-10,130.04737430419848,134.95576927734325,129.91742726932324,133.5262451171875,216989100
2025-02-11,132.5365863252507,134.43595803743202,130.9770996135579,132.7565155029297,178902400
2025-02-12,129.97741762356085,132.19669170682792,129.03772306980744,131.0970458984375,160278600
2025-02-13,131.51690772043457,136.45529216313562,131.127036067263,135.2456817626953,197430000
2025-02-14,136.4353006772254,139.20439781688884,135.4556258828613,138.80453491210938,195479600
2025-02-18,141.2237529999524,143.3930407195906,137.88483491061234,139.35435485839844,219176600
2025-02-19,139.46429426521587,141.3136943495984,137.17505112782226,139.18438720703125,167536000
2025-02-20,139.98412654948388,140.61392504988532,136.74518244514988,140.06410217285156,143903600
2025-02-21,139.99411868487,141.41366694156105,133.98609294492073,134.38595581054688,228217600
2025-02-24,136.51527743543022,138.544611438826,130.03740375103862,130.23733520507812,251381100
2025-02-25,129.93742515974864,130.1573543264651,124.39924631174091,126.5885238647461,271428700
2025-02-26,129.9474287481865,133.68619399137987,128.44792005609298,131.23699951171875,322553800
2025-02-27,134.9557838016939,134.96577503505506,119.97069557287365,120.11064910888672,443175800
2025-02-28,117.98134023479652,125.04902421361967,116.36187573271177,124.87908172607422,389091100
2025-03-03,123.46954557652553,123.65947815441595,112.2432206852501,114.02263641357422,411381400
2025-03-04,110.61375634258967,119.27091565466138,110.07393231302608,115.9520034790039,398163300
2025-03-05,117.54148083895355,118.24124845757764,114.47248692259635,117.2615737915039,284337900
2025-03-06,113.49281250827367,115.31221606989396,110.18389912538346,110.53378295898438,321181900
2025-03-07,111.21356065439609,113.44283358559466,107.52476685365718,112.65309143066406,341755500
2025-03-10,109.86399541986671,111.81335349826479,105.42544763902806,106.94495391845703,366487400
2025-03-11,106.95495594173273,112.20323643435479,104.73568182740638,108.72438049316406,354865700
2025-03-12,114.09312447156262,116.7325020716217,112.85341103244578,115.71273803710938,323857500
2025-03-13,117.0024278677365,117.73225924433854,113.76319330991835,115.55277252197266,299033100
2025-03-14,118.5820578648422,121.85128414551467,118.12216714928688,121.6413345336914,277593500
2025-03-17,122.711081524258,122.86104771124882,118.00219206936818,119.50183868408203,255501500
2025-03-18,117.97219563901088,118.99195194008684,114.51301183473794,115.40280151367188,299686900
2025-03-19,117.24236846895431,120.4216195833343,115.65274672556286,117.4923095703125,273426200
2025-03-20,116.52253841801043,120.17167220516042,116.44255543913019,118.50206756591797,248829700
2025-03-21,116.91244866461768,117.9621966837067,115.39280254041711,117.6722640991211,266498500
2025-03-24,119.8517551027078,122.19120779583362,119.31188140429414,121.38140106201172,228452500
2025-03-25,120.5216012824151,121.26142480153007,118.89198043130345,120.66156768798828,167447200
2025-03-26,118.70203035263671,118.81199741904777,112.68344440410922,113.73320007324219,293463300
2025-03-27,111.32377219977147,114.42304053099558,110.6339399022949,111.40375518798828,236902100
2025-03-28,111.46373602695421,112.84341584506377,109.04430789656145,109.6441650390625,229872500
2025-03-31,105.10522740758995,110.9338556226425,103.6255803841977,108.35446166992188,299212700
2025-04-01,108.49442552913952,110.17402996737344,106.44491315753294,110.1240463256836,222614000
2025-04-02,107.26472214391917,111.95361956622256,106.76483994973236,110.39398193359375,220601200
2025-04-03,103.48561239808684,105.60510798745378,101.5760587841681,101.77601623535156,338769400
2025-04-04,98.88670323249266,100.10640942744341,92.08830207120735,94.28778076171875,532273800
2025-04-07,87.43938789235719,101.72602116602216,86.59958951154498,97.61698913574219,611041300
2025-04-08,103.78553826456235,105.82505852328022,94.43774279946976,96.27731323242188,476243400
2025-04-09,98.86669810018236,115.07287764897656,97.5070179445592,114.30306243896484,612918300
2025-04-10,109.34423379452805,110.83388059600858,99.12664053501021,107.5446548461914,437812400
2025-04-11,108.47443427245335,111.52371865557488,107.45467796999777,110.90386199951172,313417300
2025-04-14,114.08311462021162,114.2630725146749,109.04430120283689,110.68391418457031,264705000
2025-04-15,110.94385517244878,113.5932323217664,110.47396469045397,112.1735610961914,228966900
2025-04-16,104.52537649088836,106.76484672728219,100.4263361362673,104.46538543701172,397016900
2025-04-17,104.42538906519317,104.44538862475022,100.02643178468185,101.4660873413086,292517500
2025-04-21,98.74673137333838,99.41657935183265,95.01761424618036,96.88717651367188,288501100
2025-04-22,98.75673214732677,99.78648832080442,97.25708545719098,98.86670684814453,241004800
2025-04-23,104.49537749742674,104.77531795205407,101.99596635952085,102.68580627441406,247526000
2025-04-24,103.4556132191724,106.51488953927,103.08569768188364,106.40491485595703,220815000
2025-04-25,106.82483233532861,111.8936379045766,105.70510100806126,110.98385620117188,251064700
2025-04-28,109.66415673478784,110.343996814893,105.9950156815573,108.70438385009766,207708500
2025-04-29,107.64463563001284,110.17403844763395,107.41469407982767,108.99431610107422,170444300
2025-04-30,104.44538450923935,108.89433288574219,104.05547701680861,108.89433288574219,235044600
2025-05-01,113.05335693358144,114.91291927434723,111.27377757314032,111.58370208740234,236121500
2025-05-02,114.15310576985596,115.37281962529518,113.34329900218786,114.47303009033203,190194800
2025-05-05,112.88340831442672,114.64298826396649,112.63346720059009,113.7931900024414,133163200
2025-05-06,111.4537475013017,114.7129742117387,110.7938992837595,113.51325988769531,158525600
2025-05-07,113.02337494499027,117.65228163619798,112.25355204144066,117.03242492675781,206758800
2025-05-08,118.22215145930612,118.65205049698933,115.82271514729747,117.34236145019531,198428100
2025-05-09,117.32235248570746,118.20215005190205,115.18285724943865,116.62252044677734,132972200
2025-05-12,121.94127499373305,122.97103118896484,120.25167057965504,122.97103118896484,225023300
2025-05-13,124.95056035306071,131.18908818741485,124.44067836400953,129.89938354492188,330430100
2025-05-14,133.16861033831793,135.40808800730593,131.6489642323906,135.30810546875,281180800
2025-05-15,134.258351724734,136.2678878895653,132.6287461607251,134.79823303222656,226632600
2025-05-16,136.18791721457987,136.31789147723805,133.42857277146337,135.36810302734375,226542500
2025-05-19,132.35879696756518,135.83797251007488,132.35879696756518,135.53805541992188,193154600
2025-05-20,134.25833725837063,134.54827743990722,132.58873275619902,134.34832763671875,161514200
2025-05-21,133.02864907239967,137.36762292180558,130.55922977564506,131.76895141601562,270608700
2025-05-22,132.19884131725317,134.21836966107523,131.51900885300861,132.7987060546875,187344000
2025-05-23,129.96937433382988,132.64873565144939,129.12957588399638,131.25906372070312,198821300
2025-05-27,134.1183754403962,135.6280293045703,133.27857708527512,135.4680633544922,192953600
2025-05-28,135.9979578766118,137.2176717346689,134.75824445795843,134.7782440185547,304021100
2025-05-29,142.21648797143945,143.45620133736625,137.87751407348716,139.15721130371094,369241900
2025-05-30,138.6873257641086,139.58710766728817,132.88868890141003,135.09817504882812,333170900
2025-06-02,135.45808684638126,138.08745689917103,135.36809645457458,137.34764099121094,197663100
2025-06-03,138.74729436292043,141.9665367692297,137.91748812723765,141.1867218017578,225578800
2025-06-04,142.15650682982962,142.3564566649135,139.5071219355859,141.88656616210938,167120800
2025-06-05,142.13651043477643,143.96608121416313,138.79730082341692,139.95703125,231397900
2025-06-06,142.47640682683559,143.23623746842864,141.47664251332282,141.6865997314453,153986200
2025-06-09,143.15627066728982,144.96584183837217,141.9065651342004,142.59640502929688,185114500
2025-06-10,142.65638139553192,144.25599524562207,141.4966510569608,143.92608642578125,155881900
2025-06-11,144.5859620448177,144.96590375929992,141.84641202362192,142.80625915527344,167694000
2025-06-12,141.94641106631286,144.9759063720703,141.82643588786814,144.9759063720703,162365000
2025-06-13,142.45632089769495,143.55614422146527,140.82660211679442,141.9464111328125,180820600
2025-06-16,143.32618096280035,146.1556971839991,143.1761967394354,144.66595458984375,183133700
2025-06-17,144.46598768948277,145.1958620737219,143.75609899624828,144.09603881835938,139108000
2025-06-18,143.9860537050978,145.62578045463974,143.0962022725339,145.455810546875,161494100
2025-06-20,145.42582047781178,146.17569581398777,142.6262828381709,143.8260955810547,242956200
2025-06-23,142.47632119978937,144.7559411184857,142.00639807778802,144.1460418701172,154308900
2025-06-24,145.53578955415,147.93539956519925,145.47580197371775,147.87539672851562,187566100
2025-06-25,149.24520677628502,154.4243389252029,149.23519867353343,154.28436279296875,269146500
2025-06-26,155.95406403411533,156.69394650127538,153.97439748110884,154.99423217773438,198145700
2025-06-27,156.01406285223712,158.68363258213975,155.23419369167684,157.72378540039062,263234500
2025-06-30,158.37368067249696,158.6336472456001,155.93409881773164,157.96376037597656,194580300
2025-07-01,156.26402965591922,157.17388214393176,151.46483925954294,153.2745361328125,213143600
2025-07-02,152.9545671877056,157.57380961936815,152.94457434216997,157.22386169433594,171224100
2025-07-03,158.34368228178877,160.95324924613055,157.74379112425564,159.3135223388672,143716100
2025-07-07,158.17371270193448,159.28352889047815,157.31385497697042,158.21371459960938,140139000
2025-07-08,159.3035323273478,160.19338386133896,158.36368604860908,159.97341918945312,138133000
2025-07-09,161.1932080055649,164.39267314506114,161.13322041798892,162.85293579101562,183656400
2025-07-10,164.29270331195812,164.4726660794993,161.5831469026993,164.07273864746094,167704100
2025-07-11,163.6927958392512,167.862101078866,163.44283738179527,164.89259338378906,193633300
2025-07-14,165.3425116109199,165.4625020418882,161.99307751467913,164.04273986816406,136975800
2025-07-15,171.1615549258278,172.37134531045626,169.17188012202328,170.671630859375,230627400
2025-07-16,171.03157616389174,171.72146396229547,168.87193138356372,171.34152221679688,158831500
2025-07-17,171.99141956059896,174.13106334471073,170.80161486292053,172.97125244140625,160841100
2025-07-18,173.61115431570738,174.22105359276725,171.23154479926822,172.38136291503906,146456400
2025-07-21,172.72129949000853,173.35119970444802,170.97159023323564,171.35153198242188,123126100
2025-07-22,171.31154005146294,171.36153479867312,164.55266825003173,167.00225830078125,193114300
2025-07-23,169.5018251648929,171.23153339032083,167.94208685699226,170.75161743164062,154082200
2025-07-24,172.41134882841166,173.80111724784433,171.27153886755505,173.7111358642578,128984600
2025-07-25,173.58115848322245,174.69097468726906,172.9312725713388,173.47117614746094,122316800
2025-07-28,173.99108478739527,176.97058528484683,173.94109004538618,176.7206268310547,140023500
2025-07-29,177.93044011853775,179.35020236643535,174.99092613442062,175.4808349609375,154077500
2025-07-30,176.48066791766442,179.86011122312902,176.01074478620916,179.24021911621094,174312200
2025-07-31,182.86960179799485,183.26954448460754,175.9007587673991,177.84043884277344,221685400
2025-08-01,174.06106522140865,176.51065501732398,170.86160006411595,173.69113159179688,204529000
2025-08-04,175.1309006070304,180.17005649193501,174.49100755408614,179.9700927734375,148174600
2025-08-05,179.59015184800575,180.23004490386853,175.87076869322405,178.23037719726562,156407600
2025-08-06,176.30069964693718,179.87009845787975,176.22071111043454,179.3901824951172,137192300
2025-08-07,181.53984513179375,183.84945895635624,178.7703010091291,180.73997497558594,151878400
2025-08-08,181.51982919208731,183.26953833968557,180.3700111699138,182.6696319580078,123396700
2025-08-11,182.01974653412333,183.80944232526838,180.2200426409657,182.0297393798828,138323200
2025-08-12,182.9295986692803,184.44933506001817,179.4301803710301,183.1295623779297,145485700
2025-08-13,182.58965738273272,183.93943921657484,179.3202115957667,181.55982971191406,179871700
2025-08-14,179.72011917648817,182.98957985829236,179.43017409752198,181.98974609375,129554000
2025-08-15,181.84978375259033,181.86976944489334,178.01041021115256,180.42001342773438,156602200
2025-08-18,180.56999746834546,182.90960499065454,180.5599893659508,181.97975158691406,132008000
2025-08-19,182.39967416584764,182.46966985536903,175.46084035755914,175.61080932617188,185229200
2025-08-20,175.1408920976954,175.9707560164781,168.77195541250927,175.370849609375,215142700
2025-08-21,174.8209444570093,176.87059152353538,173.78110877087863,174.95091247558594,140040900
2025-08-22,172.58132291943235,178.56032512128596,171.17155351749952,177.96043395996094,172789400
2025-08-25,178.3203719824875,181.87977802218637,176.54066896263805,179.78012084960938,163012800
2025-08-26,180.03006938032237,182.35968393651802,178.7802771456414,181.7397918701172,168688200
2025-08-27,181.94975068857377,182.45967569067753,179.07023971825097,181.56982421875,235518900
2025-08-28,180.7899615720414,184.43934897141472,176.3806906932069,180.1400604248047,281787800
2025-08-29,178.08040158317536,178.12038822306508,173.12121914292007,174.1510467529297,243257900
2025-09-02,169.9717482776903,172.351357635579,167.19221149694363,170.75161743164062,231164900
2025-09-03,171.03158891427162,172.38137081666613,168.851958278929,170.59165954589844,164424900
2025-09-04,170.54166973363456,171.83144870716828,169.381858788342,171.63148498535156,141670100
2025-09-05,168.00209055003162,169.0019244592772,164.04275681292185,166.9922637939453,224441400
2025-09-08,167.5221599855096,170.93159698121408,167.32219627229085,168.2820281982422,163769100
2025-09-09,169.0618925540675,170.95157781434446,166.71229229208453,170.7316131591797,157548400
2025-09-10,176.61064931709572,179.26020289704138,175.44084555219968,177.300537109375,226852000
2025-09-11,179.66027757334626,180.26021784214308,176.4606317396978,177.1505584716797,151159300
2025-09-12,177.75047851465564,178.5803891806412,176.43061617633268,177.80047607421875,124911000
2025-09-15,175.65071055071581,178.830369337568,174.49083425075145,177.73048400878906,147061600
2025-09-16,176.98057174387853,177.4805168617991,174.36086420825131,174.86080932617188,140737800
2025-09-17,172.62104942275718,173.18098551277336,168.39151800406466,170.27130126953125,211843800
2025-09-18,173.96089569350613,177.08056354559588,172.94101865721873,176.2206573486328,191763300
2025-09-19,175.7506939671915,178.06043774665943,175.16074718989944,176.6505889892578,237182100
2025-09-22,175.28075846993005,184.52974299714734,174.69082690233378,183.58984375,269637000
2025-09-23,181.95002022927713,182.3999677661597,176.19065819152993,178.410400390625,192559600
2025-09-24,179.75025700209653,179.76025041106172,175.38072666046574,176.9505615234375,143564100
2025-09-25,174.4608472798892,180.2402117285651,173.11100459099512,177.67050170898438,191586700
2025-09-26,178.15043859744398,179.750269051669,174.91078879333958,178.17044067382812,148573700
2025-09-29,180.41019002973698,183.97980553666213,180.30021674934378,181.83004760742188,193063500
2025-09-30,182.06000352373024,187.32942897828707,181.4600633204032,186.55950927734375,236981000
2025-10-01,185.21967144700423,188.11934700723293,183.87980694521147,187.21945190429688,173844900
2025-10-02,189.57919146332628,191.0290292282152,188.03935198339767,188.8692626953125,136805800
2025-10-03,189.1692307003317,190.33910041164867,185.35965145286306,187.59939575195312,137596900
2025-10-06,185.4796339074747,187.20943969833962,183.3098739831843,185.51962280273438,157678100
2025-10-07,186.20955566811082,189.03924688644503,183.97980469837793,185.01968383789062,140088000
2025-10-08,186.5495190429729,189.57918508139647,186.51950830089396,189.0892333984375,130168900
2025-10-09,192.20888438710807,195.27855455286462,191.039014711271,192.54885864257812,182997200
2025-10-10,193.4887469873255,195.59851591827854,182.03001384654092,183.139892578125,268774400
2025-10-13,187.9493639887039,190.08912842775598,185.93959015922437,188.29933166503906,153482800
2025-10-14,184.74970821605342,184.77970370013514,179.6802578066599,180.01022338867188,205641400
2025-10-15,184.77971248532194,184.84969686580231,177.2705272995106,179.8102569580078,214450500
2025-10-16,182.20999112544493,183.2598789113643,179.75026972003684,181.7900390625,179723300
2025-10-17,180.1602152773484,184.07979842608083,179.7302697995737,183.19989013671875,173135200
2025-10-20,183.10990104163824,185.1796658652692,181.7100455780644,182.6199493408203,128544700
2025-10-21,182.76991679751694,182.76991679751694,179.7802549646251,181.14010620117188,124240200
2025-10-22,181.12011433169937,183.4198648953589,176.74059027394597,180.2602081298828,162249600
2025-10-23,180.4001849787377,183.0098989665471,179.7702492811968,182.13999938964844,111363700
2025-10-24,183.81980015643103,187.44940625639555,183.47984116964938,186.23953247070312,131296700
2025-10-27,189.9691435897376,191.97891738858848,188.4093020699799,191.46897888183594,153452700
2025-10-28,193.0288146936141,203.12769700573313,191.8889404255143,201.0079345703125,297986200
2025-10-29,207.95717223581016,212.1667169482571,204.7575264516481,207.01727294921875,308829600
2025-10-30,205.12746791137428,206.13736677538768,201.38788833732997,202.8677215576172,178864400
2025-10-31,206.42733011185774,207.94716749796044,202.04782138155986,202.4677734375,179802200
2025-11-03,208.05714970598171,211.31678618801203,205.53742218982754,206.85728454589844,180267300
2025-11-04,202.9777066091775,203.9476013046771,197.90825607143535,198.66818237304688,188919300
2025-11-05,198.7481902403631,202.89772869539195,194.6286320152979,195.18858337402344,171350300
2025-11-06,196.39843756369172,197.59830279082226,186.35954634625867,188.05935668945312,223029800
2025-11-07,184.87970536775757,188.29934352754728,178.8903723972709,188.1293487548828,264942300
2025-11-10,195.08858253564551,199.91805415635875,193.76872011438098,199.0281524658203,198897100
2025-11-11,195.13857433756354,195.3985402959953,191.2789975702345,193.1387939453125,176483300
2025-11-12,195.69851973704638,195.86849924763862,191.1090271797132,193.7787322998047,154935300
2025-11-13,191.02901978717685,191.4189763426968,183.82981362374773,186.8394775390625,207423100
2025-11-14,182.8399289693184,190.98902828114038,180.56018045425046,190.1491241455078,186591900
2025-11-17,185.9495778546046,188.9792438771453,184.29976516169708,186.5795135498047,173628900
2025-11-18,183.3598703733926,184.7797126313021,179.6302689297591,181.340087890625,213598900
2025-11-19,184.76969080502667,187.8393608341106,182.80991469001526,186.49951171875,247246400
2025-11-20,195.92847930218133,195.97847686300787,179.83025642841662,180.6201629638672,343504800
2025-11-21,181.22010834266524,184.5397359279593,172.91100782704066,178.86036682128906,346926200
2025-11-24,179.47030653663683,183.4798609481747,176.4606271183833,182.52996826171875,256618300
2025-11-25,174.89079203873564,178.14043506786686,169.53138015579162,177.80047607421875,320600300
2025-11-26,181.6100638206842,182.8899220695924,178.22043661727494,180.24020385742188,183852000
2025-11-28,178.99033405428943,179.2703020816569,176.48061521713345,176.98056030273438,121332800
2025-12-01,174.7408159055669,180.2802164760195,173.66093259662904,179.90025329589844,188131000
2025-12-02,181.7400335835938,185.63961443898967,179.98023235974816,181.44007873535156,182632200
2025-12-03,181.06012391136443,182.4299686383783,179.09033894604931,179.57028198242188,165138000
2025-12-04,181.61017209543593,184.51002440204854,179.95027347354184,183.37008666992188,167364900
2025-12-05,183.88004685245298,184.6500094505641,180.9002124089338,182.40013122558594,143971100
2025-12-08,182.6301165694494,187.98982714518382,182.39012406320575,185.5399627685547,204378100
2025-12-09,185.54995586495326,185.70995086836587,183.31008684903045,184.95999145507812,144719700
2025-12-10,184.9599880707457,185.46995496958337,182.03013874897007,183.77005004882812,162785400
2025-12-11,180.27023782951787,181.31019006496976,176.61043233199788,180.92019653320312,182136600
2025-12-12,181.10019518559332,182.81010931847595,174.61054106596097,175.01052856445312,204274900
2025-12-15,177.93037643785232,178.4103461991077,175.02053019793698,176.28045654296875,164775600
2025-12-16,176.25046044282257,178.48035080582065,174.8905333961456,177.71038818359375,148588100
2025-12-17,176.0904801521757,176.12047730871902,170.30078481189744,170.93075561523438,222775500
2025-12-18,174.52054772862792,176.14045512074784,171.8107030234881,174.1305694580078,176096000
2025-12-19,176.6604358481607,181.4401759084778,176.3304518785618,180.98020935058594,324925900
2025-12-22,183.91003698180788,184.15002947616998,182.34012994783166,183.6800537109375,129064400
2025-12-23,182.96010023623109,189.31975669034466,182.89009670029142,189.19976806640625,174873600
2025-12-24,187.92983057380172,188.899779295176,186.57989753660073,188.59979248046875,65528500
2025-12-26,189.9097162518428,192.67957056140054,187.98982202804387,190.51968383789062,139740300
2025-12-29,187.6998414610299,188.749772392931,185.8999358866866,188.20980834960938,120006100
2025-12-30,188.22982052336855,188.9797799436452,186.91987858592935,187.52984619140625,97687300
2025-12-31,189.55975523635485,190.54969193131708,186.47991997410415,186.4899139404297,120100500
2026-01-02,189.82971935613102,192.91954841717475,188.24980305842183,188.83978271484375,148240500
2026-01-05,191.74961996436147,193.61952916959007,186.13992286460274,188.1098175048828,183529700
2026-01-06,190.50969495089785,192.15959956375178,186.80989821500853,187.22987365722656,176862600
2026-01-07,188.55979791265688,191.35963411085106,186.54989697142676,189.09976196289062,153543200
2026-01-08,189.09977067708235,189.53974931649188,183.70006889406122,185.0299835205078,172457000
2026-01-09,185.06998015284367,186.32990643372668,183.66005283935564,184.84999084472656,131327500
2026-01-12,183.2100845491025,187.10986736077922,183.010098425574,184.92999267578125,137968500
2026-01-13,184.9899882929175,188.0998205983224,183.3900687774691,185.79994201660156,160128900
2026-01-14,184.3100252062831,184.45001701406107,180.79021156477043,183.1300811767578,159586100
2026-01-15,186.48991316970114,189.6897370464893,186.31992419508657,187.03988647460938,206188600
2026-01-16,189.06976141755646,190.4296883714215,186.06992389502736,186.21990966796875,187967200
2026-01-20,181.89014292514364,182.37012791600927,177.60038196777572,178.06036376953125,223345300
2026-01-21,179.04031586008543,185.3699752173061,178.3903418724365,183.31008911132812,200381000
2026-01-22,184.7399951080077,186.15991637882954,183.92003219020145,184.82998657226562,139636600
2026-01-23,187.48984685190618,189.58973923983262,186.80989099781206,187.6598358154297,142748100
2026-01-26,187.1498802806874,189.1097657209082,185.97994539629804,186.4599151611328,124799600
2026-01-27,187.22986667366473,189.9897117301412,185.6899415183402,188.50979614257812,143711600
2026-01-28,191.25965707901594,192.33960048487265,189.82972650403363,191.5096435546875,148552700
2026-01-29,191.32963792417547,193.46952146246272,186.04992498376654,192.49957275390625,171764400
2026-01-30,191.19965692455457,194.47947816452233,189.45974561417185,191.11965942382812,179489500
2026-02-02,187.1898706566695,190.2897090701948,184.87000408758857,185.59996032714844,165794100
2026-02-03,186.22992037566058,186.25991753048794,176.22045266395375,180.33023071289062,204019600
2026-02-04,179.45029148582987,179.57028010697434,171.90069716024271,174.18057250976562,207014100
2026-02-05,174.92051964769362,176.81043194569037,171.020736948564,171.87069702148438,206312900
2026-02-06,176.6804343618602,186.98987361565233,174.59055120100808,185.39996337890625,231346200
2026-02-09,184.25002288009932,193.64952333361757,183.9400420976916,190.0297088623047,196387400
2026-02-10,191.36964298604585,192.46957427391544,188.10980972728564,188.52978515625,136764800
2026-02-11,192.43958265041238,193.24953637655122,188.75978911487715,190.0397186279297,144192700
2026-02-12,193.01955263160718,193.5995230748733,186.49990120030046,186.9298858642578,189932500
2026-02-13,187.4698554447334,187.4898586352177,181.58017462912434,182.80010986328125,161888000
2026-02-17,181.74016448672575,187.13986615921206,179.17029624003743,184.95999145507812,162276900
2026-02-18,188.73978069812654,190.3596881055438,186.7498829478333,187.96981811523438,164749100
2026-02-19,187.04988063530703,188.41980165789556,185.64996245587088,187.88983154296875,126554500
2026-02-20,186.5599139825128,190.31970507557438,185.92994318264132,189.8097381591797,178422300
2026-02-23,191.3896412925324,193.93950641757905,189.56974766836524,191.53964233398438,171584800
2026-02-24,191.47964208446245,193.75951747058733,187.38985183856119,192.83956909179688,175123600
2026-02-25,194.43946745531196,197.61930319203404,193.77949953248776,195.54940795898438,250637100
2026-02-26,194.25948668244985,194.27947461393586,184.31002841741252,184.87998962402344,360807900
2026-02-27,181.2401979138715,182.5801217841234,176.3704661683341,177.180419921875,311636500
2026-03-02,175.00052620838028,183.45008125730604,174.63055110847353,182.47012329101562,209095300
2026-03-03,178.4803396065267,180.8901975001603,176.91041730394699,180.04025268554688,178099400
2026-03-04,180.4302401537762,184.69000418349444,180.0502558302461,183.03009033203125,177731200
2026-03-05,181.1601973472636,184.05004039552568,177.87038204113773,183.330078125,198779700
2026-03-06,179.83025866705609,182.7500987288974,176.81043317462274,177.8103790283203,189021900
2026-03-09,176.82042919903367,182.90010189125664,175.55049367782217,182.64010620117188,177213600
2026-03-10,182.39012758732315,186.42991760168223,182.00014929336922,184.760009765625,179118500
2026-03-11,185.91000366210938,187.6199951171875,184.4499969482422,186.02999877929688,145280400
2026-03-12,184.0500030517578,184.94000244140625,181.75,183.13999938964844,155762700
2026-03-13,184.9199981689453,186.08999633789062,179.94000244140625,180.25,160988400
2026-03-16,182.97000122070312,188.8800048828125,181.41000366210938,183.22000122070312,217307400
2026-03-17,185.05999755859375,185.39999389648438,181.67999267578125,181.92999267578125,182497800
2026-03-18,182.47999572753906,183.3800048828125,180.3300018310547,180.39999389648438,156683100
2026-03-19,178.00999450683594,179.97999572753906,175.7899932861328,178.55999755859375,170968500
2026-03-20,178.0,178.25999450683594,171.72000122070312,172.6999969482422,241323500
2026-03-23,177.25999450683594,178.3699951171875,174.75999450683594,175.63999938964844,182836300
2026-03-24,174.8300018310547,176.22000122070312,173.97999572753906,175.1999969482422,147667800
2026-03-25,177.10000610351562,181.22000122070312,176.85000610351562,178.67999267578125,162602100
2026-03-26,176.07000732421875,176.50999450683594,171.13999938964844,171.24000549316406,186152200
2026-03-27,170.0,170.97000122070312,167.00999450683594,167.52000427246094,196212700
2026-03-30,168.77999877929688,169.4499969482422,164.27000427246094,165.1699981689453,185627000
2026-03-31,166.97000122070312,174.6199951171875,166.9600067138672,174.39999389648438,226181300
2026-04-01,176.0,177.3699951171875,174.75,175.75,168132000
2026-04-02,172.17999267578125,177.49000549316406,171.3699951171875,177.38999938964844,143143200
2026-04-06,177.16000366210938,177.7899932861328,175.75999450683594,177.63999938964844,107564300
2026-04-07,175.72999572753906,178.22999572753906,173.66000366210938,178.10000610351562,132534900
2026-04-08,184.5,185.25999450683594,180.3000030517578,182.0800018310547,147732700
2026-04-09,181.83999633789062,184.0800018310547,180.6199951171875,183.91000366210938,116428500
2026-04-10,184.30999755859375,190.0,184.3000030517578,188.6300048828125,160459500
2026-04-13,186.02999877929688,189.66000366210938,185.74000549316406,189.30999755859375,133648200
2026-04-14,190.83999633789062,196.50999450683594,190.77000427246094,196.50999450683594,161307000
2026-04-15,196.5399932861328,200.39999389648438,195.74000549316406,198.8699951171875,185338400
2026-04-16,197.42999267578125,199.85000610351562,195.80999755859375,198.35000610351562,134012900
2026-04-17,199.89999389648438,201.6999969482422,199.27000427246094,201.67999267578125,160324400
2026-04-20,199.97999572753906,202.1699981689453,197.83999633789062,202.05999755859375,119381400
2026-04-21,202.1300048828125,202.75,199.0,199.8800048828125,107945300
2026-04-22,200.99000549316406,202.5,199.0,202.5,107501000
2026-04-23,202.4600067138672,203.8300018310547,197.22000122070312,199.63999938964844,113561800
2026-04-24,199.9600067138672,210.9499969482422,199.80999755859375,208.27000427246094,214134400
2026-04-27,209.64999389648438,216.8300018310547,207.3800048828125,216.61000061035156,187172400
2026-04-28,209.49000549316406,214.72999572753906,208.1999969482422,213.1699981689453,180275400
2026-04-29,212.6999969482422,212.72000122070312,207.5800018310547,209.25,123711800
2026-04-30,209.92999267578125,210.3000030517578,198.6999969482422,199.57000732421875,225239200
2026-05-01,201.27999877929688,203.0,197.1199951171875,198.4499969482422,128647000
2026-05-04,199.5,201.72999572753906,194.74000549316406,198.47999572753906,125042700
