customer_age,annual_income,tenure_months,monthly_bill,support_calls,complaints,data_usage_gb,late_payments,satisfaction_score,discount_percent,contract_type,internet_service,payment_method,region,churn
55.0,62038.0,24.7,88.11,1.0,1.0,20.15,1.0,6.1,20.1,,Fiber,AutoPay,North,1
35.0,79163.0,84.5,450.0,3.0,2.0,25.61,2.0,6.4,16.9,Two year,DSL,Credit Card,East,0
46.0,72884.0,17.4,72.68,2.0,0.0,3.37,2.0,8.4,10.9,Month-to-month,fiber,Bank Transfer,West,0
,44419.0,24.5,,2.0,1.0,13.42,2.0,6.0,3.2,Month-to-month,Fiber,AutoPay,South,1
31.0,93307.0,43.7,71.38,3.0,0.0,13.88,0.0,8.1,6.7,One year,Fiber,UPI,North,0
44.0,,24.2,115.56,3.0,2.0,14.43,1.0,7.8,31.0,Month-to-month,DSL,Bank Transfer,South,0
38.0,97404.0,19.3,71.22,1.0,0.0,8.7,2.0,10.0,22.8,Two year,None,AutoPay,East,0
36.0,52206.0,27.7,49.21,3.0,0.0,8.25,1.0,6.2,9.2,One year,DSL,,West,0
43.0,62173.0,56.8,76.51,2.0,3.0,14.47,0.0,5.2,3.9,One year,Fiber,AutoPay,Central,0
34.0,30970.0,27.9,37.95,3.0,2.0,26.53,1.0,7.4,,One year,Fiber,Bank Transfer,East,0
39.0,49736.0,20.0,55.0,2.0,3.0,17.16,2.0,4.1,16.6,One year,Fiber,UPI,South,1
37.0,100119.0,25.1,91.26,1.0,2.0,8.28,1.0,7.4,6.8,Month-to-month,5G,Bank Transfer,Central,0
32.0,45392.0,31.9,78.18,2.0,1.0,31.31,1.0,10.0,2.0,One year,5G,Bank Transfer,south ,1
45.0,48558.0,57.4,91.97,4.0,2.0,22.36,2.0,6.6,18.0,One year,DSL,Cash,North,0
48.0,68234.0,36.6,100.37,1.0,1.0,16.36,2.0,7.3,21.1,Month-to-month,Fiber,Credit Card,North,1
37.0,73407.0,35.6,49.43,0.0,1.0,15.74,2.0,7.4,25.2,One year,DSL,,North,1
34.0,40938.0,28.8,62.19,3.0,1.0,21.69,0.0,9.1,7.2,Two year,Fiber,Bank Transfer,West,0
47.0,70013.0,30.3,96.18,2.0,0.0,16.09,0.0,6.5,9.0,Month-to-month,None,Bank Transfer,North,0
58.0,74540.0,37.5,100.01,3.0,2.0,4.3,1.0,8.4,11.7,Month-to-month,Fiber ,AutoPay,West,0
45.0,18000.0,17.2,92.83,1.0,2.0,14.57,1.0,8.5,0.8,Month-to-month,Fiber,Cash,West,0
37.0,18000.0,34.8,83.81,0.0,1.0,8.72,,7.8,12.0,Month-to-month,Fiber,Cash,South,0
31.0,31692.0,43.4,58.67,4.0,0.0,15.38,0.0,7.0,21.6,One year,,Credit Card,West,0
32.0,,3.9,30.78,2.0,1.0,17.07,2.0,5.3,16.2,Month-to-month,5G,Cash,North,1
50.0,44021.0,18.6,63.71,2.0,1.0,9.38,1.0,4.7,19.1,Two year,5G,AutoPay,,1
38.0,43822.0,25.0,99.21,1.0,1.0,27.26,0.0,10.0,2.5,Month-to-month,Fiber,Bank Transfer,Central,0
54.0,35558.0,36.4,91.5,3.0,0.0,13.1,1.0,4.2,22.2,Month-to-month,Fiber,Bank Transfer,Central,1
41.0,22775.0,34.6,118.99,4.0,2.0,21.13,2.0,5.1,28.5,Month-to-month,Fiber,UPI,West,1
45.0,27495.0,89.7,68.41,2.0,4.0,7.3,0.0,4.4,24.5,One year,Fiber,AutoPay,East,0
44.0,40715.0,29.7,33.33,2.0,2.0,150.0,0.0,5.6,5.8,Month-to-month,5G,AutoPay,South,0
35.0,45117.0,56.8,76.25,5.0,0.0,19.47,2.0,8.1,4.8,Month-to-month,Fiber,Bank Transfer,East,0
23.0,120568.0,10.9,75.82,2.0,2.0,30.5,0.0,5.9,14.3,Month-to-month,,Cash,South,0
44.0,73997.0,33.6,57.57,4.0,1.0,17.94,1.0,10.0,12.3,Two year,DSL,Credit Card,South,0
43.0,50223.0,8.2,58.68,2.0,0.0,17.73,1.0,3.1,3.6,One year,Fiber,Cash,South,1
35.0,24773.0,10.8,80.51,1.0,2.0,14.19,0.0,7.8,21.0,Month-to-month,DSL,Bank Transfer,North,0
61.0,52318.0,67.8,84.59,5.0,2.0,23.41,0.0,8.2,8.2,One year,Fiber,Credit Card,Central,0
39.0,63942.0,12.1,88.48,2.0,0.0,12.32,0.0,3.7,9.1,month-to-month,None,AutoPay,Central,0
52.0,84759.0,23.7,79.96,0.0,1.0,14.93,2.0,8.1,5.9,Month-to-month,Fiber,UPI,East,1
35.0,89085.0,25.7,20.0,0.0,1.0,20.28,2.0,10.0,0.0,Month-to-month,None,UPI,West,0
35.0,48333.0,,61.76,1.0,1.0,25.87,1.0,8.8,15.6,One year,Fiber,AutoPay,North,0
46.0,48350.0,45.2,108.27,3.0,1.0,31.61,1.0,4.7,24.7,Month-to-month,DSL,UPI,Central,0
34.0,66485.0,23.5,43.82,4.0,0.0,11.11,0.0,7.4,14.5,Month-to-month,None,Bank Transfer,North,0
42.0,54007.0,41.8,53.03,3.0,1.0,19.98,1.0,10.0,9.0,Month-to-month,None,UPI,East,0
28.0,37720.0,18.2,67.94,2.0,2.0,23.9,2.0,7.2,9.6,Two year,Fiber,UPI,Central,0
27.0,,59.7,99.73,2.0,2.0,30.0,1.0,6.1,12.3,Month-to-month,5G,Credit Card,South,0
36.0,57863.0,18.6,100.25,4.0,1.0,23.11,0.0,9.1,11.2,One year,None,Credit Card,North,0
19.0,57292.0,54.1,600.0,3.0,4.0,26.45,1.0,7.9,23.7,Month-to-month,Fiber, UPI,,0
47.0,83432.0,20.8,57.55,1.0,0.0,,1.0,6.0,22.2,One year,Fiber,Bank Transfer,Central,1
59.0,34604.0,8.9,74.03,2.0,0.0,32.18,2.0,8.8,10.0,Two year,DSL,Credit Card,North,0
39.0,31441.0,1.0,70.07,1.0,0.0,25.98,0.0,9.4,11.5,,5G,UPI,Central,0
53.0,,59.4,79.14,4.0,0.0,30.29,1.0,8.3,0.4,One year,Fiber,Credit Card,East,0
36.0,60474.0,27.1,36.65,1.0,3.0,27.28,2.0,8.5,10.3,,5G,Credit Card,East,0
41.0,42164.0,16.2,600.0,6.0,1.0,28.21,1.0,3.3,8.2,Two year,Fiber,Cash,South,1
18.0,250000.0,37.6,75.07,4.0,0.0,25.56,2.0,7.6,28.4,One year,None,Bank Transfer,,1
39.0,33842.0,27.9,78.08,6.0,2.0,19.04,0.0,5.7,4.4,,None,Credit Card,Central,1
36.0,32072.0,17.1,95.39,2.0,3.0,6.07,1.0,6.2,3.5,One year,Fiber,AutoPay,North,0
31.0,71094.0,22.1,65.82,3.0,0.0,4.53,1.0,9.9,11.2,One year,Fiber,Bank Transfer,East,0
,41303.0,15.0,67.8,3.0,0.0,26.84,4.0,8.0,12.8,One year,Fiber,Bank Transfer,East,1
42.0,29268.0,19.2,84.48,3.0,0.0,,1.0,7.7,4.5,Month-to-month,5G,AutoPay,West,1
23.0,43529.0,14.0,80.44,6.0,1.0,21.9,,3.0,13.2,Month-to-month,Fiber,Cash,North,1
18.0,32485.0,68.9,106.98,3.0,0.0,150.0,0.0,7.2,19.0,Month-to-month,Fiber,AutoPay,Central,0
47.0,78399.0,14.1,80.9,2.0,1.0,18.07,1.0,8.4,14.3,One year,Fiber,UPI,Central,0
41.0,53272.0,10.6,44.52,3.0,2.0,26.3,1.0,6.2,22.0,Two year,DSL,Credit Card,South,0
42.0,71250.0,13.2,80.53,1.0,0.0,10.62,0.0,7.0,16.4,One year,5G,AutoPay,Central,0
46.0,42287.0,29.0,67.62,,0.0,12.72,2.0,7.7,19.1,Two year,Fiber,AutoPay,West,0
44.0,52485.0,20.7,81.75,2.0,1.0,22.52,1.0,7.3,15.0,One year,Fiber,Bank Transfer,,1
39.0,38195.0,29.2,53.08,1.0,,32.37,0.0,7.4,7.9,One year,5G,Cash,East,1
41.0,75351.0,18.1,142.21,3.0,,16.71,1.0,8.3,8.5,Two year,Fiber,UPI,North,0
46.0,48994.0,17.7,87.25,2.0,0.0,25.42,2.0,5.9,7.0,One year,Fiber,Credit Card, SOUTH,0
41.0,37250.0,33.1,74.03,,0.0,24.39,1.0,7.8,3.7,Two year,DSL,AutoPay,Central,0
32.0,77446.0,22.9,47.37,3.0,1.0,23.93,0.0,,11.2,One year,5G,Cash,South,0
,35393.0,38.8,77.18,3.0,,12.42,0.0,10.0,15.8,Two year,5G,UPI,West,0
22.0,155302.0,53.5,89.57,2.0,1.0,15.45,2.0,7.0,3.6,Month-to-month,5G,Credit Card,East,0
54.0,144867.0,21.5,69.87,1.0,1.0,11.64,1.0,7.3,0.0,One year,Fiber,AutoPay,West,1
41.0,70894.0,13.0,66.76,1.0,2.0,21.0,0.0,6.4,0.2,Two year,None,Cash,East,0
36.0,,26.1,92.25,3.0,0.0,26.01,2.0,8.2,16.6,Month-to-month,5G,Bank Transfer,West,0
45.0,90605.0,70.6,53.94,4.0,2.0,9.02,0.0,6.1,0.0,Month-to-month,Fiber,AutoPay,Central,0
31.0,108909.0,41.5,121.09,2.0,1.0,19.51,1.0,8.0,,Month-to-month,None,Cash,North,0
32.0,162784.0,12.7,66.22,3.0,0.0,22.16,2.0,5.4,11.0,Two year,5G,UPI,South,1
58.0,146812.0,44.0,97.76,25.0,0.0,,2.0,8.0,4.6,Month-to-month,5G,AutoPay,West,0
43.0,43325.0,9.3,80.72,3.0,0.0,11.59,1.0,6.4,1.1,Month-to-month,Fiber,AutoPay,West,1
64.0,99553.0,32.3,55.65,1.0,4.0,20.04,0.0,5.9,25.0,Month-to-month,DSL,AutoPay,South,1
36.0,130530.0,14.3,82.85,1.0,0.0,24.74,2.0,6.6,7.1,One year,fiber,Credit Card,East,0
35.0,34322.0,25.4,50.0,2.0,0.0,25.85,2.0,7.2,18.3,Two year,Fiber,UPI,Central,0
,43151.0,20.5,104.23,2.0,0.0,27.99,3.0,7.8,,Month-to-month,Fiber,Credit Card,North,0
38.0,,27.5,78.18,4.0,0.0,220.0,2.0,10.0,6.6,Two year,Fiber,Credit Card,South,0
36.0,100785.0,96.2,112.5,0.0,0.0,5.37,0.0,1.6,9.7,One year,Fiber,Cash,Central,0
32.0,28285.0,40.9,108.37,2.0,1.0,18.8,1.0,3.5,12.8,,DSL,Bank Transfer,South,0
35.0,53816.0,22.3,58.73,4.0,1.0,25.72,,4.9,8.2,One year,Fiber,UPI,,0
52.0,26280.0,30.1,87.68,1.0,2.0,37.97,2.0,4.9,,Month-to-month,5G,UPI,Central,1
18.0,34443.0,41.0,83.0,1.0,0.0,14.0,0.0,6.1,16.1,Month-to-month,Fiber,Cash,Central,0
21.0,73704.0,16.1,75.73,4.0,1.0,21.89,0.0,6.7,16.6,Month-to-month,Fiber,AutoPay,North,0
47.0,38401.0,49.7,39.45,2.0,2.0,17.4,0.0,7.1,2.9,Month-to-month,None,UPI,West,0
35.0,124643.0,37.1,28.81,3.0,1.0,10.56,0.0,7.7,7.7,One year,Fiber,AutoPay,West,1
18.0,56153.0,19.7,21.91,1.0,1.0,15.94,1.0,4.7,23.1,Month-to-month,Fiber,UPI,Central,0
25.0,18828.0,15.0,32.85,2.0,2.0,22.15,0.0,9.2,14.7,One year,Fiber,AutoPay,South,1
37.0,32492.0,33.6,61.43,3.0,0.0,14.8,2.0,6.3,10.5,Month-to-month,FIBER,AutoPay,South,0
42.0,51698.0,28.2,67.74,4.0,1.0,18.31,1.0,10.0,0.0,One year,Fiber,UPI,East,0
25.0,36701.0,14.4,127.04,2.0,1.0,5.51,0.0,7.0,12.2,Month-to-month,Fiber,AutoPay,South,0
43.0,1000000.0,17.8,83.68,6.0,2.0,13.25,5.0,5.4,19.7,Month-to-month,Fiber,UPI,West,1
31.0,108032.0,31.2,59.56,1.0,1.0,18.17,1.0,5.6,24.6,Month-to-month,Fiber,Bank Transfer,East,0
27.0,30246.0,26.8,94.03,0.0,0.0,11.38,1.0,4.8,6.7,Month-to-month,Fiber,AutoPay,Central,0
26.0,54347.0,45.3,71.04,3.0,0.0,,0.0,7.1,16.0,Two year,Fiber,Cash,East,0
47.0,60161.0,33.1,49.83,1.0,2.0,27.76,2.0,5.2,0.0,Two year,None,AutoPay,North,0
30.0,62749.0,42.3,91.21,0.0,1.0,21.55,1.0,7.4,8.1,Two year,5G,AutoPay,South,0
,73558.0,41.6,57.77,3.0,2.0,18.49,0.0,8.6,0.0,Month-to-month,None,Bank Transfer,North,0
39.0,57357.0,51.2,49.36,3.0,0.0,,,5.1,0.0,One year,Fiber,Bank Transfer,East,0
18.0,56309.0,27.1,33.56,5.0,0.0,13.75,2.0,5.0,9.4,Month-to-month,DSL,Bank Transfer,East,0
31.0,42165.0,33.0,,4.0,3.0,17.54,0.0,4.8,17.9,Two year,Fiber,Cash,Central,1
54.0,78544.0,40.9,109.97,2.0,3.0,21.54,2.0,9.6,22.6,Month-to-month,5G,Cash,Central,0
48.0,36412.0,64.6,112.24,2.0,0.0,15.13,0.0,7.8,8.5,Month-to-month,Fiber,AutoPay,South,0
33.0,99174.0,28.1,77.82,2.0,0.0,18.19,2.0,4.7,22.2,,None,UPI,East,1
43.0,18000.0,32.3,20.0,1.0,1.0,24.14,1.0,7.7,9.0,Month-to-month,Fiber,AutoPay,South,0
37.0,48465.0,30.0,65.93,4.0,0.0,19.7,1.0,7.1,8.5,One year,5G,Bank Transfer,South,0
42.0,35095.0,22.1,69.66,2.0,0.0,19.23,,6.8,3.2,One year,DSL,AutoPay,North,0
53.0,104676.0,15.2,81.1,0.0,0.0,28.27,1.0,8.1,31.1,Month-to-month,5G,Cash,North,1
18.0,41289.0,38.9,87.03,5.0,1.0,14.94,2.0,3.7,7.7,Month-to-month,Fiber,Credit Card,Central,0
43.0,34403.0,34.5,83.61,3.0,1.0,12.72,2.0,6.2,6.4,Month-to-month,Fiber,Cash,West,1
55.0,91137.0,31.3,67.5,2.0,2.0,15.98,2.0,,22.3,Two year,Fiber,AutoPay,South,0
35.0,66184.0,83.2,60.93,1.0,,11.3,3.0,7.6,1.3,Month-to-month,Fiber,AutoPay,East,0
29.0,53575.0,16.3,83.08,3.0,1.0,22.37,,4.1,11.3,Month-to-month,Fiber,Credit Card,East,1
39.0,47976.0,5.2,133.95,,2.0,14.39,1.0,7.6,20.5,Month-to-month,DSL,Cash,East,0
41.0,51397.0,12.8,73.23,1.0,0.0,9.52,1.0,10.0,5.0,Two year,Fiber,UPI,North,0
20.0,84172.0,26.1,89.73,2.0,1.0,23.42,2.0,6.7,12.8,One year,Fiber,Bank Transfer,South,0
49.0,138588.0,18.4,138.18,3.0,0.0,9.79,4.0,5.7,11.7,One year,Fiber,Credit Card,East,1
51.0,18000.0,25.4,101.06,0.0,0.0,14.47,,5.1,21.6,Month-to-month,5G,Credit Card,East,1
49.0,39980.0,23.1,129.45,2.0,1.0,20.79,2.0,6.1,21.6,Month-to-month,Fiber,Credit Card,North,1
52.0,58493.0,60.9,71.34,0.0,0.0,26.46,0.0,6.9,9.5,,Fiber,Credit Card,North,0
38.0,62793.0,9.2,39.75,3.0,0.0,19.11,0.0,6.7,0.0,Month-to-month,5G,UPI,North,1
56.0,68458.0,19.3,70.04,1.0,0.0,22.35,1.0,8.3,3.0,Month-to-month,DSL,Cash,Central,1
38.0,94820.0,28.3,98.78,2.0,1.0,16.1,6.0,3.2,33.0,Month-to-month,,UPI,,1
47.0,50030.0,25.1,96.77,7.0,1.0,18.43,2.0,6.3,5.2,One year,5G,AutoPay,East,1
51.0,83482.0,13.0,122.41,4.0,1.0,,0.0,6.0,13.4,Month-to-month,DSL,Bank Transfer,West,0
32.0,46230.0,18.1,62.52,5.0,1.0,20.48,,8.5,22.9,Month-to-month,Fiber,Cash,South,0
26.0,29249.0,25.3,52.71,1.0,0.0,25.15,1.0,4.9,5.4,Month-to-month,Fiber,,East,0
21.0,,9.0,58.87,6.0,3.0,10.14,1.0,6.5,8.4,Month-to-month,5G,AutoPay,East,1
35.0,,20.7,74.87,4.0,1.0,21.67,1.0,8.5,13.1,Month-to-month,Fiber,Bank Transfer,East,1
34.0,85175.0,64.6,52.61,2.0,3.0,17.7,2.0,5.6,6.9,Month-to-month,Fiber,Cash,West,0
26.0,53053.0,16.2,77.16,3.0,3.0,9.38,0.0,9.4,3.5,Two year,Fiber,Cash,North,1
26.0,27892.0,9.1,85.5,2.0,0.0,25.09,1.0,5.5,23.1,Month-to-month,DSL,Bank Transfer,West,0
58.0,44156.0,25.9,33.44,3.0,1.0,,0.0,4.1,0.3,One year,5G,UPI,North,0
34.0,18000.0,17.5,67.25,1.0,0.0,21.11,2.0,5.6,12.1,One year,None,UPI,East,1
50.0,31988.0,10.7,32.47,2.0,0.0,15.19,2.0,7.2,21.4,Two year,5G,Credit Card,South,0
23.0,51502.0,41.6,78.59,1.0,4.0,28.58,1.0,5.6,14.4,One year,Fiber,Bank Transfer,North,0
54.0,75103.0,35.6,54.41,2.0,,12.64,1.0,7.1,11.7,Two year,Fiber,Credit Card,North,0
46.0,52285.0,28.7,72.57,,2.0,19.03,2.0,7.3,8.5,Month-to-month,Fiber,UPI,West,1
26.0,19646.0,15.5,56.15,2.0,2.0,29.15,1.0,1.7,7.8,One year,Fiber,UPI,North,1
34.0,93764.0,48.0,81.65,3.0,0.0,9.73,1.0,,5.8,,Fiber,Bank Transfer,North,1
32.0,97239.0,41.0,77.9,4.0,2.0,17.73,2.0,6.3,15.4,Month-to-month,DSL,Cash,West,0
43.0,25151.0,31.8,93.33,3.0,1.0,12.6,0.0,7.4,13.5,Month-to-month,Fiber,AutoPay,West,0
31.0,60149.0,19.9,92.71,3.0,0.0,24.0,1.0,7.0,10.1,Month-to-month,DSL,UPI,East,0
43.0,61197.0,23.5,94.34,3.0,2.0,,,3.1,13.7,,fiber,Bank Transfer,South,0
54.0,108730.0,15.3,114.38,3.0,0.0,17.65,0.0,4.5,5.5,One year,Fiber,Bank Transfer,Central,1
18.0,51993.0,13.0,94.06,3.0,1.0,18.85,0.0,5.2,16.4,Month-to-month,,Bank Transfer,East,1
55.0,57246.0,37.2,92.32,1.0,1.0,9.03,2.0,5.5,11.6,One year,DSL,Cash,,0
41.0,84369.0,,86.77,2.0,0.0,21.57,1.0,9.8,13.6,Month-to-month,5G,,North,0
,47316.0,23.8,75.24,2.0,0.0,21.46,0.0,7.0,6.4,Month-to-month,5G,UPI,West,0
34.0,116894.0,46.5,117.75,4.0,0.0,8.65,1.0,7.3,15.0,One year,5G,Credit Card,South,0
18.0,126958.0,89.9,72.46,4.0,4.0,5.85,2.0,4.0,19.1,Month-to-month,None,AutoPay,East,0
25.0,44377.0,61.1,90.16,4.0,1.0,22.45,1.0,10.0,14.8,One year,,AutoPay,Central,0
21.0,59231.0,34.7,,2.0,0.0,12.64,4.0,8.6,9.5,Month-to-month,Fiber,AutoPay,West,0
57.0,50854.0,13.2,73.54,1.0,1.0,20.21,1.0,6.5,,One year,Fiber,Credit Card,Central,0
27.0,24752.0,17.0,39.93,0.0,1.0,,1.0,6.1,12.6,Month-to-month,5G,Bank Transfer,South,0
38.0,62070.0,6.8,124.28,3.0,2.0,1.0,2.0,5.2,13.7,Month-to-month,Fiber,Credit Card,North,1
44.0,41241.0,26.5,83.94,0.0,3.0,14.68,0.0,4.5,25.5,,5G,Bank Transfer,Central,1
39.0,20870.0,21.5,42.66,1.0,0.0,5.92,3.0,,18.3,Two year,Fiber,Credit Card,North,0
42.0,52190.0,110.7,88.58,,0.0,31.22,0.0,6.0,10.5,Month-to-month,5G,Credit Card,Central,0
35.0,129086.0,26.7,81.81,1.0,0.0,22.66,2.0,6.9,4.0,Month-to-month,DSL,AutoPay,East,0
35.0,49782.0,12.1,82.49,2.0,0.0,17.82,,4.2,21.0,Month-to-month,Fiber,Cash,Central,1
35.0,51636.0,33.0,56.17,2.0,1.0,20.08,0.0,9.0,0.0,One year,None,Credit Card,Central,0
19.0,,27.1,122.45,1.0,2.0,30.54,,7.7,16.7,Month-to-month,Fiber,Credit Card,North,0
35.0,40814.0,30.0,64.32,4.0,0.0,25.48,1.0,6.8,23.2,Month-to-month,DSL,Credit Card,South,0
21.0,46900.0,17.6,82.32,1.0,2.0,21.03,2.0,2.3,1.0,Month-to-month,Fiber,Cash,North,0
22.0,54776.0,22.9,103.24,2.0,0.0,12.99,0.0,7.0,12.6,One year,Fiber,AutoPay,West,0
32.0,51311.0,26.4,80.62,3.0,,,0.0,9.0,28.6,,Fiber,Cash,East,0
40.0,30321.0,21.2,66.92,2.0,0.0,7.71,2.0,6.6,10.7,One year,DSL,Bank Transfer,Central,0
43.0,28882.0,23.0,58.37,0.0,2.0,12.02,3.0,7.2,22.2,Two year,DSL,AutoPay,East,0
36.0,53317.0,9.6,,5.0,2.0,26.29,0.0,6.8,19.4,One year,None,Cash,Central,0
38.0,59571.0,11.9,90.43,1.0,2.0,25.83,2.0,6.9,26.3,Two year,Fiber,Cash,West,0
21.0,68208.0,12.7,20.0,1.0,0.0,25.3,1.0,7.6,19.7,Month-to-month,DSL,AutoPay,South,0
,53776.0,20.7,26.28,1.0,0.0,28.65,3.0,8.7,15.2,Month-to-month,DSL,UPI,North,0
37.0,171817.0,37.7,101.99,1.0,1.0,,3.0,6.3,7.4,Month-to-month,Fiber,UPI,South,0
69.0,18962.0,32.5,90.82,4.0,0.0,15.62,0.0,8.4,6.7,Two year,DSL,UPI,East,0
47.0,500000.0,1.5,77.22,0.0,1.0,22.97,3.0,8.6,10.2,Month-to-month,Fiber,Bank Transfer,South,1
48.0,36363.0,41.7,72.77,0.0,0.0,20.29,,7.9,19.1,One year,DSL,AutoPay,North,0
42.0,,30.4,60.1,2.0,0.0,34.28,0.0,10.0,13.6,One year,Fiber,Credit Card,West,0
56.0,22567.0,19.4,,1.0,0.0,22.25,1.0,,14.4,Month-to-month,Fiber,Credit Card,West,1
3.0,46626.0,14.5,105.28,2.0,0.0,18.26,1.0,,9.9,One year,Fiber,Cash,Central,0
19.0,18023.0,32.2,89.49,0.0,0.0,14.42,3.0,6.8,12.3,Month-to-month,Fiber,UPI,East,0
29.0,59204.0,39.6,145.55,3.0,1.0,24.62,3.0,8.3,23.7,One year,Fiber,Cash,Central,1
34.0,98814.0,32.2,64.53,1.0,1.0,23.73,0.0,5.1,16.1,Month-to-month,5G,Cash,West,0
54.0,105429.0,29.2,79.04,0.0,0.0,40.02,0.0,5.2,1.2,One year,5G, UPI,Central,0
38.0,87852.0,15.1,98.9,5.0,1.0,21.63,0.0,4.9,36.9,Month-to-month,,,North,1
25.0,43073.0,7.8,80.4,4.0,2.0,21.16,1.0,3.7,13.4,Month-to-month,DSL,UPI,Central,0
47.0,78582.0,18.7,93.07,,1.0,21.75,0.0,5.5,17.4,Month-to-month,DSL,Bank Transfer,South,1
23.0,34816.0,7.7,35.44,,0.0,,2.0,,13.7,Month-to-month,Fiber,AutoPay,East,1
,48088.0,22.0,106.22,1.0,0.0,19.41,4.0,6.8,13.8,Two year,Fiber,Bank Transfer, SOUTH,0
58.0,144869.0,13.8,62.82,5.0,1.0,13.43,2.0,6.0,15.0,Month-to-month,5G,Bank Transfer,South,0
42.0,30273.0,30.9,84.15,2.0,2.0,16.2,0.0,5.3,18.9,Month-to-month,5G,Credit Card,East,1
38.0,33555.0,36.0,78.5,1.0,1.0,28.16,2.0,5.6,16.0,Two year,Fiber,Cash,East,0
27.0,26537.0,31.1,78.23,1.0,4.0,21.14,1.0,7.6,0.0,One year,Fiber,Bank Transfer,West,1
51.0,41209.0,30.3,,4.0,1.0,21.81,2.0,10.0,4.3,Month-to-month,None,UPI,North,1
34.0,91492.0,9.1,35.31,4.0,2.0,27.63,3.0,2.6,12.0,Month-to-month,None,Credit Card,Central,0
39.0,83422.0,15.1,119.05,1.0,1.0,7.86,1.0,7.9,10.8,Month-to-month,Fiber,Cash,Central,0
48.0,,24.4,87.2,4.0,1.0,13.06,0.0,5.0,2.0,One year,5G,Bank Transfer,East,0
41.0,28189.0,13.7,64.72,1.0,0.0,18.31,1.0,4.9,0.0,Two year,5G,Bank Transfer,South,1
35.0,77380.0,32.0,62.72,4.0,2.0,13.81,1.0,2.5,24.0,One year,Fiber,UPI,West,1
32.0,70867.0,5.8,105.1,1.0,0.0,,2.0,5.3,25.1,Two year,5G,Cash,West,0
44.0,39690.0,40.9,90.48,2.0,1.0,24.32,3.0,9.0,16.8,Two year,DSL,Cash,West,0
,75764.0,25.2,82.38,3.0,1.0,16.96,2.0,3.6,4.9,One year,Fiber,Cash,West,1
40.0,50850.0,34.9,85.08,1.0,1.0,14.38,2.0,3.9,7.7,Month-to-month,Fiber,AutoPay,East,0
25.0,,10.3,95.66,0.0,1.0,8.41,1.0,5.7,28.7,Month-to-month,DSL,Credit Card,South,0
37.0,18000.0,30.4,88.17,2.0,1.0,29.35,0.0,4.3,13.1,Month-to-month,DSL,AutoPay,West,0
39.0,144647.0,11.6,97.74,1.0,0.0,11.09,2.0,9.1,14.2,Month-to-month,DSL,AutoPay,South,0
58.0,26660.0,34.4,83.8,0.0,4.0,23.39,1.0,7.7,12.6,Month-to-month,Fiber,Bank Transfer,West,1
36.0,89921.0,28.2,44.1,1.0,1.0,15.83,6.0,2.7,12.2,Month-to-month,DSL,Bank Transfer,East,1
36.0,70260.0,20.7,123.96,3.0,2.0,20.73,0.0,6.9,12.6,Month-to-month,DSL,AutoPay,West,1
34.0,111615.0,37.9,58.8,1.0,,13.07,1.0,7.4,,Month-to-month,None,Cash,South,0
39.0,56496.0,35.5,104.5,3.0,3.0,14.17,0.0,4.7,0.0,Month-to-month,Fiber,Cash,West,0
36.0,56440.0,10.9,47.34,4.0,0.0,12.97,1.0,6.4,13.2,Month-to-month,Fiber,Bank Transfer,South,1
50.0,121720.0,16.0,69.62,2.0,0.0,6.64,0.0,8.6,18.9,One year,Fiber,AutoPay,North,0
44.0,164265.0,26.2,91.88,3.0,1.0,18.48,0.0,,14.7,One year,Fiber,Bank Transfer,East,1
28.0,112820.0,24.6,33.63,3.0,2.0,12.98,1.0,8.2,0.0,One year,Fiber,Bank Transfer,West,0
,18000.0,37.0,73.11,2.0,2.0,8.49,3.0,9.1,21.8,Month-to-month,None,AutoPay,West,0
44.0,42571.0,26.5,69.72,3.0,0.0,,,5.1,12.0,Month-to-month,Fiber,Bank Transfer,West,1
41.0,28921.0,7.4,76.24,2.0,0.0,1.96,0.0,6.6,18.3,One year,DSL,Bank Transfer,Central,0
25.0,73425.0,36.9,57.92,1.0,,8.93,1.0,6.4,18.9,Month-to-month,DSL,Cash,South,1
51.0,52042.0,38.1,77.43,4.0,2.0,30.44,1.0,3.5,15.4,Month-to-month,5G,Credit Card,Central,0
51.0,83519.0,22.0,,2.0,1.0,4.3,1.0,9.0,3.7,Month-to-month,Fiber,UPI,,0
45.0,46792.0,14.8,95.76,1.0,1.0,12.52,1.0,6.5,12.9,Month-to-month,Fiber,UPI,East,0
49.0,111868.0,19.0,91.13,1.0,0.0,22.15,2.0,7.3,0.0,,None,Cash,South,1
45.0,62389.0,18.3,121.95,1.0,3.0,27.47,3.0,8.0,13.1,Month-to-month,5G,Bank Transfer,North,0
24.0,36487.0,43.8,59.12,3.0,0.0,4.16,3.0,8.6,26.7,One year,Fiber,UPI,North,0
42.0,49474.0,21.2,111.74,1.0,1.0,30.09,1.0,9.4,20.1,Month-to-month,None,Credit Card,East,0
34.0,101576.0,44.2,127.77,4.0,0.0,14.03,3.0,4.5,3.5,Two year,Fiber,UPI,West,0
,40351.0,17.8,39.15,1.0,1.0,17.14,1.0,8.4,9.4,Month-to-month,Fiber,AutoPay,East,0
50.0,65942.0,30.7,24.52,1.0,0.0,22.09,0.0,4.3,19.7,Month-to-month,DSL,AutoPay,East,0
34.0,62034.0,35.6,108.38,3.0,1.0,29.17,3.0,6.0,15.6,One year,Fiber,Cash,East,0
30.0,62443.0,33.9,108.99,1.0,2.0,,0.0,4.4,15.2,Month-to-month,DSL,UPI,South,0
21.0,61723.0,13.5,116.78,2.0,,17.3,3.0,5.9,3.5,One year,DSL,Credit Card,Central,0
35.0,43809.0,62.7,107.23,2.0,2.0,2.62,1.0,4.2,4.5,Month-to-month,None,Credit Card,West,0
36.0,38990.0,38.8,78.01,1.0,1.0,18.63,1.0,8.8,16.6,Month-to-month,5G,AutoPay,East,0
30.0,85733.0,21.2,23.39,1.0,2.0,23.68,0.0,10.0,6.5,Month-to-month,DSL,Credit Card,South,0
45.0,81495.0,24.5,80.94,1.0,,220.0,0.0,8.5,4.7,Month-to-month,Fiber,Credit Card,South,1
,58758.0,31.0,42.16,6.0,1.0,26.74,1.0,10.0,10.5,Month-to-month,Fiber,UPI,South,0
33.0,88253.0,25.2,41.28,4.0,2.0,9.58,0.0,5.8,21.3,One year,None,Bank Transfer,North,0
32.0,,10.1,106.78,2.0,1.0,3.36,3.0,4.6,4.5,Month-to-month,DSL,Bank Transfer,North,1
40.0,103348.0,36.3,130.09,2.0,0.0,17.81,0.0,7.0,21.5,Month-to-month,Fiber,AutoPay,North,0
29.0,81715.0,41.0,107.05,6.0,2.0,23.08,0.0,4.3,5.7,Two year,DSL,AutoPay,Central,0
43.0,,32.5,121.34,2.0,1.0,16.26,3.0,7.4,16.7,Month-to-month,Fiber,Credit Card,West,0
44.0,43163.0,21.8,96.98,2.0,2.0,2.14,2.0,6.4,5.9,Month-to-month,Fiber,Bank Transfer,South,1
46.0,47217.0,43.8,450.0,3.0,0.0,21.51,1.0,4.6,18.8,Month-to-month,None,UPI,Central,0
34.0,27636.0,42.4,76.18,1.0,0.0,23.49,3.0,5.9,12.9,Two year,5G,Bank Transfer,West,0
36.0,34036.0,14.3,37.17,3.0,2.0,14.21,0.0,6.3,11.1,Month-to-month,Fiber,Cash,East,1
36.0,36507.0,40.5,,1.0,1.0,17.14,1.0,4.4,31.6,One year,DSL,UPI,West,0
32.0,52343.0,22.2,96.1,1.0,1.0,8.89,1.0,8.8,9.1,Two year,fiber,Cash,Central,0
32.0,60544.0,13.0,34.84,2.0,2.0,4.39,1.0,5.8,13.8,One year,None,UPI,East,0
40.0,35668.0,20.7,107.67,5.0,0.0,15.5,1.0,4.8,10.6,Month-to-month,Fiber,Bank Transfer,South,1
39.0,80167.0,23.2,46.05,2.0,0.0,22.78,0.0,7.7,14.0,One year,5G,AutoPay,Central,0
50.0,43298.0,28.5,80.75,5.0,1.0,2.02,0.0,4.1,0.0,,fiber,UPI,Central,0
44.0,53663.0,24.0,62.27,2.0,0.0,9.84,0.0,2.5,0.0,Two year,Fiber,UPI,North,1
43.0,88652.0,56.6,128.22,3.0,,10.33,0.0,5.2,17.7,Month-to-month,5G,Cash,West,0
54.0,125196.0,21.5,75.01,4.0,0.0,26.54,0.0,4.9,13.1,Month-to-month,Fiber,Bank Transfer,East,0
45.0,46376.0,20.0,36.96,4.0,2.0,26.23,0.0,5.2,22.1,Month-to-month,DSL,UPI,East,1
38.0,55574.0,11.6,,3.0,,13.91,1.0,4.3,6.6,One year,DSL,Cash,North,0
45.0,29171.0,17.3,93.85,2.0,2.0,9.32,0.0,6.4,0.0,One year,5G,Credit Card,,0
31.0,49149.0,32.0,77.64,2.0,0.0,14.32,2.0,6.2,23.3,Month-to-month,5G,Cash,South,0
32.0,50736.0,43.1,96.65,3.0,0.0,25.58,2.0,4.6,16.6,Two year,Fiber,AutoPay,South,0
31.0,55338.0,35.4,72.14,1.0,1.0,21.04,0.0,5.8,18.5,One year,Fiber,Cash,West,0
48.0,36269.0,29.6,70.63,3.0,1.0,23.15,1.0,7.1,,Two year,DSL,Bank Transfer,,0
24.0,58956.0,34.9,112.6,3.0,2.0,11.91,3.0,4.8,24.1,Month-to-month,Fiber,Cash,West,1
42.0,53098.0,51.4,99.59,2.0,1.0,8.96,1.0,9.1,18.6,Month-to-month,DSL,Credit Card,East,0
29.0,49153.0,17.7,105.43,0.0,2.0,15.49,0.0,9.3,13.6,Month-to-month,5G,UPI,North,1
45.0,48708.0,46.5,64.03,1.0,2.0,,0.0,7.4,12.2,Month-to-month,Fiber,Cash,Central,1
45.0,136324.0,80.3,93.2,,0.0,2.33,2.0,6.7,0.0,Two year,DSL,UPI,East,1
36.0,74401.0,63.9,26.77,5.0,4.0,23.5,3.0,6.3,17.1,Month-to-month,Fiber,Bank Transfer,North,0
51.0,61053.0,14.9,69.78,2.0,1.0,17.51,1.0,4.7,4.7,One year,5G,Credit Card,East,0
40.0,21004.0,27.7,129.0,0.0,1.0,15.45,3.0,3.6,15.5,Month-to-month,DSL,UPI,West,0
29.0,142900.0,16.3,81.2,2.0,2.0,11.19,,7.4,21.3,Month-to-month,DSL,Credit Card,South,1
35.0,51169.0,18.8,59.05,3.0,2.0,,2.0,8.3,0.5,One year,DSL,Cash,West,0
28.0,50666.0,21.2,69.85,4.0,3.0,,1.0,5.9,5.9,One year,Fiber,Bank Transfer,North,0
35.0,,5.3,77.18,2.0,1.0,7.77,1.0,3.5,17.9,Month-to-month,5G,UPI,South,1
42.0,66884.0,24.1,103.32,1.0,1.0,1.95,0.0,4.5,15.5,,Fiber,Cash,West,0
39.0,36896.0,29.7,87.93,2.0,0.0,29.69,1.0,10.0,11.9,Month-to-month,Fiber,Credit Card,East,0
36.0,96706.0,39.9,55.09,1.0,0.0,12.58,0.0,8.0,,Month-to-month,Fiber,UPI,West,0
39.0,52351.0,30.9,92.22,3.0,0.0,13.33,0.0,5.2,18.9,One year,DSL,UPI,West,0
22.0,74535.0,19.9,73.22,1.0,2.0,21.43,4.0,7.6,22.5,Two year,DSL,Credit Card,South,0
25.0,93375.0,31.3,54.04,1.0,,32.44,0.0,6.3,10.4,One year,Fiber,Credit Card,West,1
47.0,35334.0,37.5,63.34,2.0,1.0,1.31,1.0,5.1,13.3,One year,5G,Credit Card,East,1
18.0,76766.0,64.7,73.26,2.0,1.0,19.22,1.0,8.0,4.8,Two year,5G,AutoPay,East,0
49.0,50414.0,14.0,103.07,0.0,2.0,13.57,0.0,5.2,0.0,Two year,Fiber,UPI,East,0
39.0,105320.0,14.7,850.0,1.0,0.0,8.95,0.0,3.7,19.6,Month-to-month,Fiber,Bank Transfer,South,1
34.0,32512.0,44.8,97.06,1.0,0.0,26.39,0.0,6.3,0.0,Two year,None,UPI,North,0
,72370.0,23.7,91.6,4.0,2.0,9.07,1.0,7.9,13.5,Month-to-month,5G,Credit Card,South,0
61.0,28742.0,29.0,59.61,3.0,0.0,20.69,1.0,7.3,2.6,Month-to-month,DSL,UPI,South,1
23.0,53764.0,32.8,36.22,1.0,0.0,13.39,0.0,4.4,0.0,Month-to-month,DSL,AutoPay,North,0
37.0,24825.0,36.7,128.45,1.0,0.0,13.79,3.0,3.7,11.7,Two year,Fiber,Bank Transfer,Central,1
37.0,43334.0,38.4,115.18,1.0,1.0,17.12,1.0,8.2,7.2,Month-to-month,5G,Credit Card,Central,0
65.0,166897.0,15.9,65.19,2.0,,21.34,0.0,7.3,4.4,Month-to-month,5G,Cash,Central,1
35.0,,56.0,26.32,2.0,1.0,29.82,1.0,7.6,,month-to-month,Fiber,UPI,South,0
36.0,107678.0,17.4,,2.0,1.0,16.23,,5.7,4.5,Month-to-month,None,AutoPay,South,1
40.0,38770.0,26.8,37.32,3.0,1.0,23.9,0.0,4.3,14.4,Month-to-month,Fiber,AutoPay,West,0
34.0,51825.0,13.3,144.97,1.0,1.0,20.83,2.0,3.5,11.9,One year,Fiber,UPI,Central,1
33.0,43969.0,32.6,33.33,0.0,1.0,31.92,3.0,4.4,0.0,One year,None,Bank Transfer,North,0
18.0,61562.0,15.5,107.82,2.0,0.0,12.9,,7.9,0.0,One year,Fiber,AutoPay,West,1
36.0,124790.0,11.5,108.76,3.0,0.0,18.9,1.0,4.3,13.8,Month-to-month,DSL,,West,1
33.0,78377.0,30.3,88.64,1.0,3.0,16.54,2.0,6.6,8.9,Two year,Fiber,Credit Card,North,0
38.0,55446.0,48.7,69.14,4.0,0.0,24.14,1.0,8.4,4.9,Month-to-month,DSL,Bank Transfer,South,0
24.0,32263.0,29.1,79.04,7.0,,22.96,2.0,10.0,25.1,One year,Fiber,Bank Transfer,East,0
37.0,54472.0,36.0,48.26,2.0,0.0,24.57,1.0,10.0,19.3,One year,Fiber,Bank Transfer,West,0
40.0,81326.0,54.1,88.13,3.0,2.0,12.67,1.0,7.8,17.5,Month-to-month,DSL,Credit Card,Central,0
41.0,46489.0,9.4,98.65,1.0,2.0,16.23,1.0,6.8,14.4,Month-to-month,DSL,Credit Card,South,0
39.0,66969.0,17.0,101.86,2.0,4.0,26.46,3.0,7.1,6.7,Month-to-month,None,Bank Transfer, SOUTH,0
18.0,39187.0,31.5,40.78,0.0,1.0,,4.0,5.4,15.2,One year,Fiber,Credit Card,North,1
62.0,52176.0,29.2,115.47,0.0,1.0,19.0,0.0,8.7,13.3,Two year,DSL,Credit Card,North,0
24.0,123420.0,8.4,67.43,1.0,1.0,27.03,0.0,8.0,20.0,Two year,DSL,Cash,South,0
51.0,84983.0,53.1,93.86,2.0,0.0,24.59,4.0,6.8,5.5,Month-to-month,5G,AutoPay,Central,0
30.0,66190.0,13.7,20.0,2.0,3.0,24.7,0.0,,25.8,Month-to-month,Fiber,UPI,East,1
40.0,29409.0,29.5,93.51,0.0,0.0,15.55,1.0,,25.8,Month-to-month,Fiber,Credit Card,East,0
32.0,76992.0,36.0,69.22,1.0,0.0,19.91,3.0,3.5,22.1,Month-to-month,DSL,UPI,North,0
18.0,56266.0,8.8,95.91,3.0,0.0,11.77,1.0,6.2,15.5,Month-to-month,Fiber,Credit Card,North,1
23.0,41117.0,15.4,64.4,2.0,1.0,12.72,0.0,5.3,16.3,Month-to-month,DSL,Bank Transfer,East,0
28.0,83225.0,27.5,67.61,3.0,2.0,5.75,0.0,7.6,22.0,Month-to-month,None,Cash,South,0
36.0,78261.0,36.6,28.83,2.0,2.0,18.87,2.0,4.2,3.3,Two year,None,Credit Card,East,0
50.0,57935.0,27.6,63.65,3.0,0.0,30.34,1.0,6.0,18.4,One year,Fiber,AutoPay,East,0
48.0,54326.0,5.3,116.54,1.0,1.0,,0.0,5.1,9.4,Month-to-month,Fiber,Bank Transfer,North,1
39.0,46591.0,27.9,99.07,1.0,0.0,14.17,,7.2,9.7,One year,5G,AutoPay,South,0
20.0,42931.0,38.8,81.18,3.0,1.0,17.56,1.0,5.5,11.5,One year,DSL,UPI,East,0
36.0,31138.0,39.7,78.88,2.0,2.0,14.38,4.0,7.4,14.9,Two year,Fiber,,East,1
34.0,40438.0,40.0,82.47,4.0,2.0,13.85,1.0,4.4,18.2,Month-to-month,5G,,East,0
40.0,74175.0,41.0,43.4,2.0,1.0,13.97,1.0,8.3,11.8,Month-to-month,Fiber,UPI,,0
55.0,92305.0,31.6,95.78,0.0,2.0,24.98,1.0,8.2,0.0,One year,5G,Credit Card,East,0
34.0,100176.0,9.5,83.88,1.0,4.0,17.15,3.0,4.1,14.6,Month-to-month,None,Credit Card,East,1
,110344.0,24.7,93.89,0.0,0.0,26.52,2.0,6.8,0.0,Month-to-month,5G,UPI,East,0
47.0,162246.0,27.6,68.8,35.0,1.0,2.03,3.0,6.5,24.2,Month-to-month,Fiber,AutoPay,North,0
23.0,180621.0,13.1,73.49,3.0,0.0,13.28,1.0,7.6,9.9,One year,None,AutoPay,West,1
44.0,40461.0,15.8,71.94,,2.0,18.83,3.0,6.5,0.2,Month-to-month,Fiber,UPI,Central,1
37.0,54407.0,24.3,96.45,3.0,0.0,25.04,2.0,6.3,20.8,Two year,5G,Cash,West,0
34.0,23250.0,20.7,89.42,4.0,0.0,15.3,0.0,5.8,2.8,Month-to-month,DSL,Bank Transfer,East,0
21.0,,20.1,52.26,0.0,4.0,9.36,0.0,8.0,11.0,Month-to-month,Fiber,AutoPay,Central,0
41.0,39761.0,36.2,105.59,3.0,0.0,14.85,1.0,5.2,13.9,Month-to-month,5G, UPI,West,0
43.0,132033.0,40.4,103.93,1.0,0.0,12.66,0.0,7.6,0.0,Month-to-month,None,UPI,Central,0
48.0,86013.0,25.6,42.55,2.0,0.0,8.09,1.0,3.5,21.3,Two year,5G, UPI,South,1
55.0,62909.0,25.3,47.06,3.0,0.0,26.79,1.0,2.8,24.0,One year,5G,Credit Card,West,0
18.0,35950.0,39.9,105.66,2.0,0.0,6.37,3.0,5.0,8.3,One year,None,Bank Transfer,South,0
43.0,50824.0,,91.5,4.0,1.0,22.71,1.0,3.7,0.0,Month-to-month,Fiber,Cash,North,0
41.0,115522.0,11.6,60.96,2.0,2.0,12.6,0.0,6.5,12.2,One year,5G,Bank Transfer,North,1
57.0,40723.0,13.1,73.2,5.0,3.0,8.56,0.0,7.8,2.9,One year,Fiber,AutoPay,North,0
40.0,25445.0,49.6,100.22,2.0,1.0,19.96,0.0,4.0,0.0,Month-to-month,None,Cash,South,0
25.0,54969.0,9.5,66.08,1.0,0.0,16.65,0.0,8.6,22.0,Month-to-month,Fiber,Cash,North,0
60.0,52743.0,27.6,88.48,2.0,1.0,14.04,1.0,6.7,1.1,One year,Fiber,Cash,Central,1
31.0,40818.0,35.4,101.9,2.0,0.0,32.57,2.0,6.3,23.0,Month-to-month,DSL,AutoPay,West,0
45.0,,31.5,94.38,1.0,1.0,24.31,0.0,3.1,4.5,One year,DSL,Cash,South,0
18.0,82883.0,40.1,44.89,5.0,1.0,1.67,0.0,5.0,20.3,One year,Fiber,AutoPay,North,0
52.0,58701.0,42.5,89.86,3.0,0.0,13.69,5.0,5.9,31.8,One year,None,UPI,,0
63.0,114682.0,16.1,29.6,1.0,1.0,17.8,0.0,5.8,12.9,Month-to-month,DSL,Bank Transfer,West,0
40.0,74304.0,49.0,104.93,1.0,2.0,21.37,0.0,7.2,8.8,Month-to-month,5G,Credit Card,East,0
47.0,55347.0,19.2,42.58,2.0,2.0,,0.0,6.2,16.3,Month-to-month,Fiber,Cash,West,0
30.0,29939.0,48.6,70.81,2.0,1.0,14.45,2.0,8.2,26.3,,Fiber,Credit Card,West,0
40.0,23514.0,21.9,110.03,,3.0,13.61,0.0,7.3,0.0,One year,Fiber,Credit Card,North,1
53.0,37400.0,44.7,57.2,5.0,1.0,10.29,0.0,10.0,10.9,Month-to-month,Fiber,UPI,South,0
29.0,82365.0,53.6,122.95,0.0,1.0,22.33,3.0,,16.6,Month-to-month,fiber,Credit Card,Central,0
39.0,30295.0,39.6,136.4,,3.0,21.83,1.0,6.5,13.2,Month-to-month,,UPI,Central,0
31.0,48298.0,109.5,100.88,3.0,0.0,21.89,3.0,5.5,9.3,One year,DSL,Credit Card,Central,0
45.0,18000.0,31.6,81.3,4.0,0.0,24.43,0.0,7.9,3.2,One year,Fiber,Bank Transfer,East,0
68.0,31089.0,14.3,31.44,1.0,0.0,25.68,4.0,6.0,16.8,Month-to-month,DSL,UPI,Central,1
35.0,162456.0,19.5,27.72,1.0,0.0,11.81,0.0,7.7,,One year,5G,Cash,Central,0
,47867.0,20.6,74.41,2.0,1.0,24.12,0.0,7.3,17.0,Month-to-month,5G,AutoPay,West,0
38.0,42813.0,21.8,89.05,1.0,0.0,18.42,,4.2,11.2,Month-to-month,5G,Cash,South,0
26.0,,18.4,74.87,5.0,2.0,28.57,3.0,10.0,8.0,One year,Fiber,UPI,Central,0
37.0,52964.0,,85.57,2.0,2.0,23.87,2.0,10.0,12.8,Month-to-month,Fiber,AutoPay,Central,1
38.0,229014.0,29.8,78.39,2.0,0.0,10.96,1.0,4.2,8.3,Month-to-month,Fiber,AutoPay,East,1
38.0,500000.0,7.1,79.3,,0.0,19.83,2.0,7.9,5.6,Month-to-month,Fiber,Cash,West,0
51.0,57418.0,84.6,101.17,1.0,0.0,15.7,1.0,5.1,5.6,One year,Fiber,UPI,Central,0
30.0,40186.0,22.2,43.2,2.0,2.0,30.71,0.0,6.8,14.4,One year,Fiber,Cash,Central,0
40.0,29055.0,7.0,92.34,1.0,0.0,29.5,1.0,6.7,12.8,,Fiber,UPI,South,0
29.0,65766.0,12.3,94.09,,1.0,23.89,2.0,7.3,14.0,Month-to-month,DSL,Bank Transfer,Central,0
23.0,121729.0,42.5,67.64,0.0,0.0,300.0,0.0,4.4,9.4,Month-to-month,5G,UPI,West,0
33.0,30839.0,30.0,109.59,4.0,2.0,9.95,2.0,4.0,17.7,Two year,Fiber,UPI,North,0
27.0,92803.0,38.5,44.24,2.0,0.0,4.89,1.0,6.8,11.8,One year,Fiber,Cash,West,0
38.0,45334.0,18.4,52.47,5.0,2.0,11.54,1.0,4.2,0.0,One year,Fiber,AutoPay,West,0
41.0,96787.0,6.4,83.36,3.0,0.0,15.27,1.0,6.2,6.2,One year,None,UPI,East,0
,36230.0,52.2,71.42,1.0,1.0,23.0,1.0,6.6,0.0,One year,DSL,AutoPay,North,0
47.0,52607.0,,74.52,2.0,1.0,23.3,1.0,8.7,1.3,Month-to-month,Fiber,Bank Transfer,Central,1
39.0,60182.0,44.6,85.45,0.0,1.0,26.55,,5.3,12.1,Two year,Fiber,upi,West,0
53.0,,48.7,40.04,2.0,1.0,10.67,0.0,7.6,8.7,Month-to-month,Fiber,Bank Transfer,West,0
18.0,52316.0,86.5,48.65,,1.0,22.35,2.0,7.4,0.5,Month-to-month,Fiber,UPI,Central,0
26.0,199834.0,11.1,71.07,0.0,,19.96,1.0,9.4,13.7,One year,Fiber,Bank Transfer,East,0
57.0,90548.0,22.2,110.43,3.0,1.0,14.57,2.0,9.0,19.8,One year,Fiber,UPI,South,0
54.0,33410.0,11.9,71.29,1.0,0.0,31.96,0.0,7.1,0.0,Month-to-month,DSL,Cash,Central,0
44.0,32572.0,32.9,47.52,1.0,2.0,14.06,2.0,8.5,15.3,One year,DSL,Cash,West,0
,21694.0,22.0,89.08,1.0,2.0,14.96,2.0,5.9,9.3,Month-to-month,Fiber,Bank Transfer,Central,0
48.0,,11.4,112.92,3.0,0.0,31.12,1.0,7.5,18.3,Two year,Fiber,Cash,East,1
41.0,18000.0,65.5,71.7,2.0,2.0,14.42,3.0,5.3,21.1,Month-to-month,Fiber,Cash,East,0
30.0,44239.0,33.6,62.31,2.0,3.0,17.6,2.0,,9.2,One year,DSL,AutoPay,South,0
31.0,77505.0,13.6,69.37,3.0,2.0,26.68,0.0,9.7,0.0,Two year,DSL,UPI,West,1
53.0,69346.0,12.2,73.62,4.0,1.0,11.58,2.0,5.3,9.4,,Fiber,UPI,East,0
30.0,20588.0,6.2,40.38,1.0,3.0,4.89,1.0,6.4,15.2,Month-to-month,5G,UPI,South,0
,34089.0,39.4,64.94,2.0,2.0,25.26,0.0,3.5,8.4,One year,Fiber,UPI,East,1
29.0,34843.0,36.3,54.5,3.0,3.0,25.22,1.0,7.3,1.6,,None,Credit Card,East,1
47.0,101283.0,4.0,110.77,3.0,1.0,19.9,2.0,9.4,16.4,Month-to-month,5G,AutoPay,East,1
18.0,110656.0,17.3,73.13,2.0,1.0,12.3,1.0,8.8,11.6,One year,5G,UPI,Central,0
38.0,77875.0,26.0,105.57,3.0,1.0,21.5,2.0,10.0,0.9,Month-to-month,None,AutoPay,West,0
18.0,18000.0,18.3,97.93,3.0,1.0,29.69,1.0,6.5,0.0,Two year,Fiber,Cash,West,0
32.0,,40.9,90.85,3.0,,16.93,0.0,4.7,11.0,Two year,Fiber,Cash,Central,0
35.0,81649.0,45.9,73.83,3.0,0.0,14.41,1.0,9.5,2.9,Two year,5G,UPI,North,0
40.0,32659.0,13.1,46.27,4.0,0.0,12.3,1.0,5.8,0.0,Month-to-month,DSL,AutoPay,South,0
43.0,100007.0,21.1,49.76,0.0,1.0,14.24,0.0,6.2,24.1,Month-to-month,5G,Credit Card,Central,0
28.0,55312.0,53.2,89.31,1.0,0.0,6.16,1.0,9.8,5.9,Month-to-month,DSL,UPI,South,0
43.0,60645.0,11.3,99.59,3.0,2.0,25.1,0.0,5.6,18.0,Two year,Fiber,Credit Card,,0
20.0,,55.3,104.27,1.0,1.0,25.46,0.0,7.1,13.1,Two year,Fiber,UPI,East,0
27.0,24839.0,32.1,75.59,4.0,1.0,,,7.7,8.0,Month-to-month,Fiber,Credit Card,South,0
30.0,54480.0,20.1,73.76,1.0,1.0,17.12,0.0,4.9,15.4,Month-to-month,DSL,UPI,Central,0
,31021.0,29.7,59.98,2.0,0.0,10.5,3.0,4.2,3.9,One year,Fiber,Credit Card,Central,1
54.0,49573.0,,20.0,2.0,0.0,24.64,0.0,6.3,5.0,One year,Fiber,UPI,South,0
,77750.0,27.4,86.72,4.0,1.0,19.93,2.0,7.4,8.2,Month-to-month,Fiber,Cash,North,1
55.0,31106.0,37.2,77.7,1.0,0.0,9.49,0.0,4.0,0.0,Month-to-month,DSL,UPI,East,1
51.0,29888.0,16.6,84.05,0.0,2.0,1.52,3.0,6.8,12.8,Month-to-month,5G,UPI,,1
18.0,25892.0,10.1,74.34,2.0,0.0,15.22,1.0,4.1,9.6,One year,,Cash,West,0
43.0,40400.0,85.6,106.06,2.0,0.0,12.29,2.0,7.0,27.0,Month-to-month,Fiber,Bank Transfer,North,0
46.0,42746.0,6.1,31.43,3.0,1.0,27.03,1.0,8.0,0.0,One year,Fiber,Credit Card,,0
26.0,34074.0,12.6,54.16,1.0,1.0,22.22,1.0,4.5,22.8,Month-to-month,Fiber,Cash,Central,0
32.0,111064.0,25.5,66.72,3.0,1.0,10.69,1.0,,6.3,,None,Bank Transfer,East,0
23.0,,67.9,82.66,3.0,0.0,4.57,0.0,5.5,22.7,Month-to-month,Fiber,AutoPay,East,0
45.0,53160.0,53.9,81.18,0.0,1.0,15.5,0.0,3.9,5.1,Month-to-month,Fiber,Cash,East,1
38.0,141209.0,13.4,94.52,1.0,1.0,17.36,2.0,6.5,16.6,Month-to-month,Fiber,UPI,South,0
48.0,40414.0,14.5,109.93,1.0,0.0,14.98,1.0,5.4,11.4,One year,,,South,0
,44133.0,22.2,73.35,1.0,1.0,24.87,1.0,8.8,16.0,One year,DSL,Credit Card,West,0
30.0,58196.0,15.7,31.62,3.0,2.0,11.97,4.0,7.3,11.6,Month-to-month,DSL,AutoPay,West,0
32.0,37999.0,16.6,36.85,5.0,3.0,6.33,0.0,,14.0,One year,Fiber,Credit Card,West,0
23.0,96990.0,7.8,99.05,6.0,1.0,14.95,2.0,6.9,6.3,Month-to-month,Fiber,UPI,Central,0
34.0,76982.0,12.7,73.5,3.0,,16.64,,7.8,13.4,One year,DSL,AutoPay,North,0
67.0,122588.0,25.1,92.03,1.0,1.0,26.3,1.0,8.1,2.8,One year,Fiber,Credit Card,West,0
38.0,49129.0,28.1,90.73,2.0,3.0,25.52,0.0,5.4,8.6,Month-to-month,DSL,AutoPay,South,0
26.0,24637.0,43.0,56.43,1.0,3.0,25.59,1.0,8.9,11.2,One year,Fiber,Cash,North,1
30.0,31334.0,9.5,56.02,2.0,3.0,34.68,0.0,5.5,26.0,One year,Fiber,Bank Transfer,,0
28.0,46909.0,11.1,107.16,2.0,0.0,15.54,0.0,5.4,14.9,Month-to-month,DSL,UPI,North,0
47.0,116224.0,26.7,101.41,3.0,1.0,17.6,0.0,6.1,16.0,Month-to-month,Fiber,Bank Transfer,Central,0
50.0,51117.0,5.8,20.0,3.0,2.0,21.04,0.0,6.5,13.8,Month-to-month,,Bank Transfer,West,0
37.0,76869.0,25.3,53.33,1.0,0.0,28.0,0.0,6.6,14.0,Month-to-month,5G,Credit Card,Central,0
18.0,114098.0,40.0,93.5,2.0,2.0,10.11,2.0,6.9,11.5,One year,Fiber,UPI,South,0
30.0,20014.0,11.6,70.87,4.0,0.0,14.78,2.0,6.8,29.4,Two year,Fiber,AutoPay,West,0
41.0,52847.0,21.6,97.87,3.0,2.0,15.09,0.0,6.9,20.4,Month-to-month,Fiber,Cash,South,0
38.0,47848.0,23.1,53.88,0.0,1.0,25.17,3.0,7.6,2.0,Month-to-month,DSL,AutoPay,Central,0
29.0,78595.0,12.3,46.42,4.0,1.0,10.67,,7.2,4.1,Month-to-month,Fiber,Bank Transfer,North,1
44.0,40941.0,43.2,89.21,1.0,1.0,11.47,1.0,7.0,,Month-to-month,DSL,Bank Transfer,,1
45.0,70662.0,23.6,39.2,2.0,2.0,16.57,2.0,,4.1,Two year,5G,AutoPay,West,1
32.0,93495.0,17.2,79.16,2.0,2.0,23.18,1.0,4.9,20.2,Month-to-month,DSL,,North,1
34.0,18908.0,,88.45,4.0,0.0,21.17,2.0,,0.0,One year,Fiber ,UPI,North,1
55.0,58475.0,28.4,68.18,3.0,1.0,,1.0,7.9,13.4,Two year,FIBER,Cash,,0
54.0,38927.0,28.9,54.25,4.0,0.0,29.77,0.0,4.9,21.5,Two year,5G,Cash,West,0
54.0,77453.0,35.8,68.65,3.0,0.0,16.89,2.0,2.9,14.0,Month-to-month,5G,Cash,West,1
39.0,22346.0,,94.12,2.0,1.0,31.96,0.0,4.8,7.2,One year,Fiber,Bank Transfer,East,0
50.0,119925.0,13.1,101.11,3.0,3.0,12.34,1.0,7.0,6.1,Month-to-month,5G,UPI,South,1
47.0,103674.0,45.0,73.7,0.0,0.0,23.88,0.0,5.7,18.8,One year,Fiber,UPI,West,1
26.0,62952.0,23.7,,1.0,0.0,17.0,1.0,6.6,4.7,One year,5G,Credit Card,South,0
35.0,70666.0,35.7,,4.0,2.0,30.42,,10.0,,Month-to-month,Fiber,,Central,0
27.0,60392.0,32.4,72.75,1.0,0.0,12.12,2.0,10.0,8.4,Month-to-month,Fiber,Credit Card,North,0
38.0,1000000.0,18.3,62.71,0.0,1.0,24.82,1.0,7.9,8.6,Two year,,Credit Card,West,0
46.0,62865.0,23.2,144.42,3.0,0.0,12.0,1.0,6.2,8.2,Month-to-month,5G,Credit Card,East,1
21.0,61723.0,16.8,49.78,2.0,0.0,4.96,2.0,7.2,19.7,One year,Fiber,UPI,East,0
44.0,83497.0,17.8,115.7,1.0,1.0,8.24,0.0,9.1,13.1,Two year,DSL,Bank Transfer,East,0
51.0,47152.0,7.3,45.38,2.0,3.0,14.77,0.0,6.0,12.3,One year,5G,Cash,West,1
45.0,62747.0,15.3,99.61,1.0,1.0,30.61,1.0,6.5,9.6,Two year,5G,UPI,Central,0
26.0,47915.0,18.9,48.38,1.0,0.0,12.29,1.0,7.9,19.9,One year,None,Cash,West,0
47.0,70842.0,33.4,88.82,6.0,2.0,12.48,3.0,8.0,18.6,Two year,DSL,Bank Transfer,West,0
25.0,109507.0,10.3,89.38,2.0,1.0,21.99,1.0,6.1,19.0,Two year,Fiber,Credit Card,East,0
49.0,91555.0,13.4,81.88,5.0,0.0,12.44,0.0,4.0,9.9,Month-to-month,DSL,AutoPay,West,0
36.0,140980.0,30.2,63.78,3.0,1.0,16.4,3.0,6.8,20.9,One year,Fiber,UPI,,0
29.0,47456.0,35.0,135.01,2.0,2.0,19.59,2.0,7.2,20.7,One year,Fiber,Bank Transfer,South,1
42.0,25929.0,18.3,106.32,3.0,0.0,16.49,0.0,7.9,21.0,Month-to-month,Fiber,UPI ,Central,0
43.0,47611.0,47.3,108.04,3.0,0.0,22.83,0.0,6.0,13.2,Month-to-month,DSL,Cash,West,0
41.0,71504.0,72.0,84.32,0.0,0.0,16.22,1.0,6.3,10.9,,Fiber,Bank Transfer,South,0
,140955.0,33.5,90.13,0.0,1.0,34.69,1.0,,7.3,Month-to-month,Fiber,AutoPay,Central,0
19.0,34829.0,11.6,20.0,1.0,0.0,16.7,1.0,4.6,16.3,Month-to-month,DSL,AutoPay,South,0
61.0,50463.0,,73.91,3.0,1.0,16.46,,6.2,4.0,Two year,DSL,Credit Card,West,0
39.0,19515.0,52.6,91.69,2.0,1.0,18.93,3.0,6.5,19.1,Month-to-month,Fiber,Cash,Central,0
54.0,29263.0,20.0,28.36,4.0,0.0,19.13,2.0,6.9,10.5,Month-to-month,DSL,AutoPay,East,0
22.0,61587.0,10.1,99.27,2.0,0.0,16.99,1.0,4.0,9.3,Month-to-month,Fiber,Bank Transfer,South,1
54.0,31280.0,54.7,102.98,3.0,1.0,16.53,0.0,6.4,19.8,Month-to-month,Fiber,AutoPay,South,0
29.0,56988.0,34.5,64.27,2.0,0.0,23.51,2.0,4.4,18.1,One year,DSL,UPI ,West,0
32.0,87518.0,18.7,92.99,1.0,3.0,3.85,1.0,6.0,11.1,One year,5G,,West,0
28.0,39695.0,26.0,39.32,2.0,1.0,12.17,0.0,3.5,16.1,Month-to-month,DSL,UPI,Central,0
46.0,42709.0,20.3,76.03,1.0,1.0,,1.0,5.7,13.5,Month-to-month,None,Cash,West,0
35.0,18000.0,35.2,78.18,3.0,0.0,6.42,1.0,4.3,8.3,Month-to-month,Fiber,UPI,,1
40.0,87151.0,23.0,96.6,2.0,0.0,1.0,1.0,8.6,,Two year,None,Credit Card,Central,0
61.0,38502.0,23.0,81.25,1.0,0.0,,1.0,4.9,4.9,Month-to-month,Fiber,UPI,South,0
52.0,48065.0,51.2,104.22,3.0,2.0,5.07,0.0,5.5,20.5,Month-to-month,Fiber,Credit Card,Central,0
18.0,49749.0,5.6,91.07,4.0,1.0,8.43,1.0,7.3,7.3,One year,Fiber,AutoPay,North,1
23.0,40088.0,48.6,92.94,2.0,1.0,16.31,2.0,8.2,,Month-to-month,Fiber,Bank Transfer,North,1
34.0,102723.0,57.1,48.54,4.0,1.0,,1.0,5.8,20.2,One year,DSL,Cash,North,0
46.0,,43.5,93.8,1.0,3.0,18.98,1.0,,15.6,Month-to-month,Fiber,AutoPay,East,1
63.0,31523.0,30.9,132.13,2.0,3.0,20.67,0.0,7.6,12.8,One year,5G,Cash,North,0
22.0,36803.0,11.7,67.69,4.0,1.0,22.0,0.0,5.7,19.6,Two year,,Credit Card,South,0
20.0,69127.0,10.4,,1.0,1.0,26.89,1.0,7.1,7.6,Two year,DSL,UPI,Central,0
51.0,130469.0,22.3,105.8,3.0,1.0,25.59,1.0,6.7,8.0,One year,DSL,Bank Transfer,East,1
24.0,90137.0,27.6,71.49,3.0,0.0,18.29,1.0,4.9,1.2,Two year,5G,Cash,North,0
52.0,176538.0,63.7,66.21,3.0,1.0,19.67,1.0,9.9,17.8,,Fiber,UPI,West,0
39.0,44015.0,72.7,94.59,1.0,2.0,,1.0,7.2,8.5,Month-to-month,Fiber,Credit Card,South,0
34.0,31486.0,58.6,70.42,3.0,,13.57,0.0,4.6,13.8,Month-to-month,None,Bank Transfer,Central,0
,29154.0,26.5,89.83,3.0,0.0,17.25,0.0,6.3,8.8,Month-to-month,Fiber,AutoPay,West,0
45.0,100683.0,6.3,69.89,2.0,2.0,11.76,0.0,4.0,17.7,Two year,Fiber,UPI,East,0
,44892.0,20.1,23.24,1.0,1.0,12.62,3.0,4.4,14.4,Month-to-month,DSL,Credit Card,Central,0
39.0,20543.0,39.1,,3.0,0.0,9.35,2.0,4.1,0.0,One year,Fiber,UPI,South,0
41.0,81374.0,30.1,33.18,1.0,1.0,14.64,1.0,9.7,19.1,Month-to-month,Fiber,Cash,South,0
18.0,,29.7,49.41,1.0,0.0,4.11,0.0,5.5,7.7,One year,Fiber,UPI,East,0
42.0,47802.0,21.2,43.38,1.0,1.0,33.25,0.0,2.2,18.1,Month-to-month,Fiber,Credit Card,West,1
28.0,71112.0,47.0,71.17,3.0,2.0,22.09,2.0,,2.3,Month-to-month,Fiber,AutoPay,South,1
20.0,30390.0,32.4,93.56,2.0,0.0,9.2,1.0,5.8,12.8,One year,DSL,Bank Transfer,East,0
41.0,79918.0,49.1,71.49,1.0,0.0,22.71,0.0,7.6,,Two year,DSL,Bank Transfer,South,0
20.0,49059.0,35.1,49.35,2.0,1.0,21.35,0.0,,10.4,Month-to-month,Fiber,Cash,East,0
32.0,99531.0,36.8,148.65,1.0,1.0,9.22,0.0,6.1,5.3,Month-to-month,DSL,UPI,,0
,18000.0,19.8,142.35,2.0,3.0,,1.0,5.8,26.3,Two year,5G,Credit Card,West,1
36.0,48181.0,18.3,,1.0,2.0,13.94,1.0,6.5,0.1,One year,Fiber,Bank Transfer,East,0
33.0,46291.0,22.9,69.84,3.0,0.0,22.82,2.0,4.7,0.0,Month-to-month,DSL,Bank Transfer,South,0
31.0,64390.0,56.6,63.64,1.0,0.0,8.45,2.0,6.1,,Two year,5G,Cash,West,0
42.0,35270.0,31.7,109.78,4.0,0.0,8.64,2.0,5.3,19.7,Month-to-month,DSL,Credit Card,Central,1
41.0,43017.0,8.9,85.46,4.0,1.0,16.89,0.0,8.2,6.2,Month-to-month,None,Credit Card,West,0
21.0,39190.0,20.5,63.69,2.0,2.0,22.38,2.0,5.2,,Month-to-month,,AutoPay,East,0
40.0,29902.0,15.7,66.39,1.0,1.0,,3.0,4.7,14.4,Month-to-month,DSL,Bank Transfer,Central,1
45.0,110738.0,37.3,114.76,3.0,2.0,10.65,1.0,5.9,3.2,Month-to-month,DSL,Bank Transfer,North,1
37.0,46073.0,33.4,76.86,,2.0,22.48,1.0,7.8,33.1,One year,5G,,Central,1
25.0,79516.0,15.1,66.36,4.0,2.0,7.01,0.0,8.5,14.4,Two year,Fiber,Cash,Central,0
39.0,104701.0,13.0,78.16,0.0,1.0,24.64,1.0,4.6,19.9,One year,Fiber,AutoPay,south ,0
21.0,60616.0,16.3,71.98,0.0,1.0,28.78,0.0,4.5,5.9,,5G,UPI,West,0
53.0,151847.0,18.0,70.54,4.0,0.0,8.95,0.0,8.1,11.4,Month-to-month,DSL,UPI,East,1
40.0,95009.0,34.2,92.8,1.0,4.0,23.18,0.0,7.9,17.0,,DSL,Credit Card,North,1
46.0,63093.0,21.3,113.5,4.0,1.0,17.31,,4.5,3.8,,None,Bank Transfer,Central,1
28.0,66486.0,47.1,97.66,0.0,1.0,35.15,1.0,7.8,14.0,Two year,DSL,UPI,Central,0
41.0,99745.0,24.0,34.83,2.0,1.0,22.9,,6.3,14.2,Two year,Fiber,AutoPay,Central,0
48.0,,17.7,77.07,1.0,1.0,12.84,0.0,6.6,0.0,Month-to-month,DSL,Bank Transfer,East,0
38.0,64151.0,33.1,63.87,5.0,3.0,18.47,1.0,5.1,14.5,,None,UPI,West,0
35.0,70019.0,19.3,70.55,5.0,1.0,36.66,1.0,7.6,14.9,One year,5G,Cash,North,1
,79205.0,11.8,,1.0,1.0,15.03,1.0,8.9,0.0,Month-to-month,None,Credit Card,East,0
36.0,79377.0,75.0,96.82,3.0,,31.4,1.0,4.4,12.0,One year,5G,Cash,Central,0
7.0,34457.0,21.0,109.73,5.0,2.0,21.61,1.0,8.2,16.9,Month-to-month,None,Bank Transfer,North,1
29.0,74234.0,18.9,31.4,2.0,0.0,10.32,4.0,5.8,10.9,One year,DSL,UPI,West,0
57.0,71583.0,30.7,105.55,3.0,2.0,12.06,0.0,6.4,15.2,One year,None,AutoPay,West,1
49.0,51956.0,13.1,91.15,2.0,1.0,17.81,1.0,5.9,16.4,One year,Fiber,AutoPay,,1
34.0,39824.0,12.6,,0.0,0.0,23.26,1.0,5.7,19.3,Month-to-month,Fiber, UPI,East,0
33.0,42469.0,15.9,104.06,4.0,0.0,17.17,2.0,7.8,19.9,Two year,DSL,AutoPay,North,0
27.0,89405.0,23.7,88.04,1.0,0.0,18.3,1.0,8.0,6.6,Month-to-month,None,Bank Transfer,West,0
32.0,45268.0,33.0,78.28,1.0,0.0,16.64,1.0,7.4,9.7,One year,DSL,Cash,South,0
33.0,38166.0,54.4,86.25,2.0,1.0,11.86,1.0,5.7,10.6,Month-to-month,Fiber,Credit Card,West,0
42.0,53576.0,35.0,81.29,1.0,2.0,28.75,2.0,3.0,20.2,Month-to-month,Fiber,UPI,North,1
36.0,48461.0,29.5,83.0,0.0,2.0,16.29,0.0,7.4,,One year,Fiber,Cash,West,0
4.0,111808.0,27.6,54.44,3.0,0.0,37.12,0.0,6.7,0.0,Two year,5G,Credit Card,Central,0
50.0,162046.0,30.6,89.69,3.0,1.0,22.72,1.0,7.2,20.4,Month-to-month,Fiber,Cash,North,1
,108138.0,30.4,106.26,1.0,2.0,17.71,0.0,3.6,10.3,Month-to-month,Fiber,AutoPay,East,1
40.0,127619.0,33.0,74.48,3.0,1.0,17.27,1.0,4.9,13.9,One year,Fiber,Bank Transfer,West,0
38.0,47472.0,21.6,73.79,1.0,2.0,15.13,1.0,8.5,0.0,Month-to-month,None,Cash,West,0
36.0,25510.0,7.5,69.9,2.0,2.0,28.8,1.0,,17.8, MONTH-TO-MONTH ,DSL,Cash,West,0
21.0,24352.0,67.6,64.64,2.0,5.0,11.72,0.0,5.4,1.7,Month-to-month,Fiber,UPI,North,0
28.0,500000.0,7.6,52.96,0.0,0.0,,1.0,5.7,20.6,Month-to-month,,Credit Card,Central,0
47.0,37037.0,1.9,93.12,1.0,1.0,18.24,1.0,6.5,12.1,One year,Fiber,Credit Card,West,0
25.0,26195.0,18.9,77.97,3.0,0.0,14.41,0.0,5.2,8.7,month-to-month,,UPI,North,0
41.0,68151.0,16.0,83.1,3.0,0.0,28.82,1.0,,18.0,One year,5G,UPI,North,0
55.0,56582.0,4.3,78.89,2.0,2.0,17.63,1.0,8.2,1.6,Month-to-month,DSL,Cash,North,1
23.0,26774.0,49.0,71.39,4.0,2.0,4.03,2.0,9.0,6.8,Month-to-month,fiber,AutoPay,East,0
52.0,27064.0,39.3,178.65,4.0,1.0,31.28,1.0,10.0,22.2,Month-to-month,Fiber,Bank Transfer,North,1
,54786.0,48.6,80.71,,4.0,21.66,2.0,4.7,8.4,Month-to-month,Fiber,AutoPay,East,0
43.0,216815.0,29.3,57.58,6.0,0.0,11.12,2.0,4.2,5.6,Month-to-month,Fiber,UPI,North,0
37.0,46480.0,54.7,46.48,1.0,0.0,11.55,0.0,7.2,13.5,Month-to-month,,UPI,Central,0
34.0,34598.0,26.0,64.63,3.0,0.0,,0.0,6.6,23.5,Month-to-month,Fiber,Cash,North,0
18.0,44164.0,14.2,77.34,5.0,0.0,27.31,1.0,6.4,6.0,Two year,Fiber,Cash,East,0
34.0,54150.0,19.8,69.25,1.0,1.0,9.06,3.0,7.7,13.5,Two year,DSL,Credit Card,Central,0
19.0,61354.0,27.1,94.54,3.0,1.0,17.57,2.0,5.5,6.7,Two year,Fiber,Cash,West,0
43.0,131686.0,17.0,80.22,4.0,1.0,10.99,1.0,7.7,11.3,Month-to-month,fiber,,Central,0
58.0,117988.0,15.3,119.94,2.0,3.0,11.87,,3.9,18.9,Month-to-month,5G,Bank Transfer,East,1
54.0,49405.0,31.3,83.78,4.0,1.0,14.53,2.0,6.9,19.6,Month-to-month,,UPI,West,0
50.0,69233.0,28.0,90.88,3.0,1.0,13.27,0.0,7.3,6.8,Month-to-month,DSL,Bank Transfer,West,1
49.0,18000.0,30.7,89.51,1.0,0.0,26.34,0.0,7.4,11.8,Month-to-month,5G,Bank Transfer,North,1
33.0,18000.0,30.3,,1.0,2.0,20.34,3.0,7.4,26.8,One year,Fiber,Credit Card,West,1
39.0,32562.0,15.0,20.0,2.0,0.0,23.81,3.0,5.2,5.3,One year,Fiber,Cash,South,0
,59910.0,19.4,109.92,25.0,1.0,300.0,0.0,7.5,12.7,One year,5G,Credit Card,South,0
44.0,18000.0,24.7,59.12,3.0,1.0,24.8,1.0,6.6,18.2,Month-to-month,None,Bank Transfer,East,0
29.0,58563.0,14.7,58.73,0.0,2.0,22.61,1.0,6.7,23.0,One year,Fiber,AutoPay,West,0
40.0,60296.0,40.4,68.65,2.0,1.0,17.42,1.0,4.8,0.0,One year,Fiber,Bank Transfer,West,0
31.0,52276.0,20.2,92.58,0.0,3.0,6.95,2.0,6.3,8.5,Month-to-month,5G,UPI ,South,1
54.0,63078.0,72.3,65.2,0.0,1.0,27.14,1.0,7.0,5.5,Month-to-month,5G,Cash,South,0
19.0,62434.0,41.3,77.74,1.0,0.0,19.48,1.0,4.2,16.9,,DSL,Cash,North,0
65.0,53781.0,,102.62,7.0,1.0,14.58,1.0,7.4,12.6,Month-to-month,DSL,Credit Card,North,1
35.0,26473.0,31.4,89.45,1.0,1.0,16.85,1.0,5.3,13.3,Two year,DSL,Bank Transfer,North,0
,,15.7,,2.0,0.0,20.25,1.0,3.0,0.4,Month-to-month,Fiber,UPI,North,1
21.0,,9.0,58.87,6.0,3.0,10.14,1.0,6.5,8.4,Month-to-month,5G,AutoPay,East,1
24.0,39127.0,10.5,92.19,6.0,1.0,9.35,0.0,6.4,8.8,Month-to-month,DSL,Cash,Central,1
55.0,32758.0,39.4,93.34,,1.0,21.96,1.0,5.8,23.9,Month-to-month,None,UPI,East,0
28.0,43368.0,30.0,68.31,1.0,1.0,16.71,1.0,7.7,3.6,Month-to-month,DSL,Bank Transfer,South,0
43.0,37066.0,55.6,63.04,1.0,3.0,15.9,1.0,7.0,9.2,Month-to-month,Fiber,Bank Transfer,South,1
34.0,18518.0,70.5,83.1,2.0,2.0,12.75,3.0,5.8,22.3,One year,None,AutoPay,Central,0
35.0,47849.0,17.2,68.35,2.0,1.0,19.54,2.0,4.5,12.8,One year,None,Credit Card,East,0
50.0,41818.0,3.8,98.29,2.0,4.0,17.75,1.0,3.6,38.4,Month-to-month,,Bank Transfer,West,0
54.0,51242.0,20.3,80.18,2.0,0.0,8.02,3.0,8.6,16.3,Month-to-month,5G,AutoPay,West,0
57.0,40413.0,28.1,67.01,2.0,0.0,13.84,0.0,8.2,12.5,Month-to-month,Fiber,AutoPay,South,0
66.0,54747.0,9.7,50.51,2.0,1.0,9.34,3.0,6.3,16.8,Two year,None,UPI,West,1
39.0,95107.0,,44.97,1.0,1.0,17.9,0.0,7.8,,One year,DSL,UPI,South,0
44.0,30667.0,5.0,75.05,1.0,0.0,16.35,1.0,4.7,18.2,Month-to-month,Fiber,Cash,North,0
,24128.0,31.8,52.31,1.0,1.0,6.42,1.0,7.1,22.2,One year,DSL,UPI,South,0
30.0,,33.9,97.04,2.0,0.0,20.14,2.0,7.9,0.0,Two year,DSL,Credit Card,South,0
35.0,53661.0,21.4,67.82,2.0,0.0,17.8,3.0,5.2,15.9,Two year,Fiber,,West,1
50.0,51023.0,30.9,89.36,3.0,0.0,27.92,1.0,9.7,18.3,Month-to-month,DSL,UPI,North,0
56.0,50916.0,31.4,103.96,2.0,0.0,4.09,2.0,7.7,6.8,Month-to-month,5G,Credit Card,East,0
37.0,105860.0,46.4,44.37,1.0,0.0,12.97,0.0,4.1,2.3,,DSL,Bank Transfer,West,0
25.0,56291.0,22.2,68.41,0.0,0.0,,1.0,8.7,8.0,Month-to-month,5G,Bank Transfer,South,0
58.0,50322.0,49.4,95.97,5.0,3.0,24.43,1.0,5.0,7.9,One year,Fiber,AutoPay,South,1
,55437.0,9.2,36.75,1.0,0.0,15.5,1.0,4.4,22.8,Two year,Fiber,UPI,North,0
22.0,76128.0,20.8,55.61,4.0,0.0,21.05,2.0,8.9,16.4,Month-to-month,DSL,UPI,South,0
27.0,139175.0,27.7,132.53,4.0,1.0,9.51,2.0,7.1,12.8,One year,5G,Credit Card,West,0
38.0,97947.0,28.9,81.18,,1.0,220.0,2.0,8.2,6.0,Month-to-month,DSL,Cash,North,1
29.0,87803.0,57.3,83.02,8.0,1.0,10.0,1.0,5.2,14.3,Month-to-month,DSL,Bank Transfer,East,1
33.0,73711.0,14.0,71.05,1.0,2.0,25.16,2.0,7.0,22.1,Two year,,AutoPay,,0
18.0,82714.0,32.2,138.26,1.0,2.0,33.25,3.0,6.3,0.0,Month-to-month,Fiber,Bank Transfer,Central,0
27.0,100951.0,11.2,79.43,0.0,1.0,3.76,3.0,6.3,20.8,Two year,5G,Credit Card,Central,1
48.0,37008.0,27.9,73.5,1.0,1.0,,0.0,,5.5,Month-to-month,DSL,UPI,West,0
41.0,82791.0,12.4,53.18,1.0,2.0,12.66,2.0,8.0,8.2,Month-to-month,5G,AutoPay,West,0
42.0,151962.0,20.6,117.25,1.0,1.0,,2.0,7.0,0.0,One year,Fiber,Credit Card,North,0
48.0,79775.0,54.9,56.29,5.0,1.0,1.68,2.0,6.1,18.4,,DSL,AutoPay,Central,0
41.0,38531.0,46.4,95.63,2.0,1.0,27.78,2.0,3.5,18.1,One year,DSL,Cash,Central,0
43.0,58609.0,18.7,53.16,4.0,4.0,10.71,1.0,5.8,16.4,,Fiber,AutoPay,West,0
24.0,67950.0,15.2,106.95,1.0,2.0,5.28,0.0,3.5,17.0,Month-to-month,5G,UPI,Central,1
52.0,88235.0,30.4,68.99,6.0,2.0,23.0,3.0,8.4,7.2,Two year,Fiber,AutoPay,North,0
50.0,103306.0,34.7,60.34,2.0,0.0,15.58,2.0,5.3,9.7,One year,None,UPI,South,0
37.0,46585.0,52.8,77.19,2.0,0.0,15.16,1.0,6.9,25.1,One year,5G,Cash,Central,1
52.0,45658.0,24.0,88.81,2.0,2.0,6.85,0.0,5.4,12.2,One year,DSL,Cash,Central,0
36.0,44249.0,,66.2,0.0,0.0,12.88,1.0,7.8,8.8,Two year,5G,Credit Card,South,0
49.0,34722.0,,118.62,0.0,0.0,25.12,3.0,7.2,8.4,Month-to-month,Fiber,Cash,North,1
19.0,58792.0,31.0,58.04,2.0,2.0,,1.0,5.4,8.5,Month-to-month,Fiber,UPI,Central,0
,98463.0,22.0,91.03,3.0,0.0,14.14,2.0,6.9,25.0,Two year,5G,AutoPay,West,0
33.0,67858.0,18.6,450.0,1.0,,16.97,1.0,2.8,0.0,Month-to-month,Fiber,Credit Card,North,0
44.0,110343.0,16.5,70.89,1.0,0.0,14.55,2.0,4.9,4.0,,Fiber,Cash,West,1
39.0,18000.0,34.5,49.16,1.0,2.0,1.0,0.0,6.1,12.1, MONTH-TO-MONTH ,5G,UPI,East,0
22.0,38606.0,56.4,69.28,1.0,1.0,15.72,2.0,5.1,0.0,Two year,Fiber,Cash,West,0
54.0,53217.0,62.6,30.92,2.0,1.0,18.37,1.0,4.2,24.4,Month-to-month,,,North,0
49.0,66554.0,52.3,32.25,1.0,0.0,37.38,1.0,5.6,13.8,Month-to-month,,Credit Card,,0
43.0,141950.0,60.1,106.5,3.0,2.0,19.1,1.0,,26.6,,5G,Bank Transfer,West,1
26.0,29575.0,,31.15,1.0,1.0,25.13,1.0,5.9,18.9,One year,Fiber,Bank Transfer,North,0
26.0,102473.0,56.3,48.51,3.0,2.0,12.4,0.0,7.5,15.9,Month-to-month,Fiber,Credit Card,South,0
40.0,36565.0,44.8,69.34,1.0,0.0,25.36,6.0,6.9,8.9,One year,DSL,UPI,East,1
29.0,78267.0,51.0,56.91,5.0,0.0,3.68,0.0,,22.4,One year,5G,Credit Card,North,0
43.0,32048.0,11.6,91.62,2.0,0.0,19.65,0.0,3.8,10.8,Two year,5G,AutoPay,West,0
18.0,54099.0,,92.4,4.0,0.0,12.01,1.0,4.7,1.0,Two year,Fiber,Cash,,0
44.0,78631.0,14.0,56.27,3.0,1.0,24.45,,4.7,18.9,One year,,Bank Transfer,Central,0
,82689.0,32.2,41.79,5.0,1.0,19.4,4.0,6.3,19.6,Two year,5G,UPI,South,0
24.0,,23.7,110.5,3.0,2.0,20.53,1.0,4.9,12.6,One year,5G,AutoPay,South,1
28.0,36436.0,,52.17,4.0,0.0,31.3,1.0,4.7,0.0,Month-to-month,Fiber,UPI,North,1
55.0,86922.0,26.9,83.72,0.0,0.0,10.08,2.0,8.5,9.6,Month-to-month,FIBER,UPI,West,0
22.0,,21.9,46.63,2.0,,10.06,0.0,7.9,22.0,Two year,Fiber,AutoPay,,0
28.0,86849.0,34.5,105.52,3.0,3.0,22.16,2.0,5.9,14.1,Month-to-month,None,Credit Card,Central,0
66.0,30212.0,24.1,110.73,2.0,2.0,20.18,1.0,8.2,12.7,Month-to-month,Fiber,Bank Transfer,West,1
46.0,55509.0,7.2,67.0,1.0,2.0,9.86,0.0,5.7,14.0,Two year,DSL,,East,0
54.0,88935.0,33.8,88.28,1.0,0.0,32.86,0.0,4.6,12.8,Two year,DSL,Credit Card,West,0
22.0,92230.0,73.2,50.98,1.0,3.0,1.0,2.0,2.7,6.0,Two year,DSL,Bank Transfer,South,0
26.0,39987.0,9.3,46.31,1.0,0.0,31.05,0.0,6.0,5.7,One year,Fiber,UPI,North,0
32.0,18585.0,16.8,71.89,1.0,0.0,24.07,1.0,7.3,22.8,Month-to-month,5G,Cash,South,0
36.0,33326.0,33.1,78.91,3.0,0.0,12.35,0.0,5.5,13.8,One year,DSL,UPI,,1
35.0,60256.0,15.6,28.72,3.0,2.0,20.74,2.0,8.6,11.6,Month-to-month,5G,Credit Card,West,1
4.0,28969.0,31.3,102.61,3.0,0.0,23.11,3.0,9.8,23.8,Month-to-month,None,Bank Transfer,West,0
46.0,23272.0,31.6,42.42,,1.0,30.18,1.0,9.4,5.5,,Fiber,UPI,West,0
42.0,42455.0,4.6,63.34,3.0,0.0,10.23,5.0,9.9,20.0,Month-to-month,DSL,AutoPay,South,0
37.0,30235.0,35.4,87.16,0.0,2.0,11.81,1.0,5.2,21.3,Two year,DSL,UPI,East,0
18.0,63022.0,28.9,121.97,0.0,2.0,18.27,1.0,7.3,23.3,One year,Fiber,UPI,West,0
56.0,112741.0,33.2,20.0,4.0,4.0,11.39,2.0,5.8,10.8,Two year,5G,Bank Transfer,North,1
33.0,,6.2,158.84,4.0,0.0,25.85,4.0,9.4,22.6,Month-to-month,5G,Cash,South,0
38.0,,44.7,113.17,2.0,1.0,30.28,1.0,5.9,0.0,Month-to-month,Fiber,Cash,South,1
120.0,69044.0,12.7,69.98,5.0,1.0,11.02,1.0,9.2,4.5,Month-to-month,Fiber,Bank Transfer,East,0
,83456.0,30.7,41.8,2.0,1.0,35.65,2.0,6.5,14.9,Two year,DSL,UPI,West,0
31.0,26434.0,14.8,95.71,1.0,2.0,7.95,0.0,6.0,9.9,month-to-month,DSL,UPI,South,0
43.0,126614.0,33.2,40.54,50.0,0.0,12.87,1.0,6.4,12.8,One year,5G,Bank Transfer,Central,0
38.0,,28.7,79.79,4.0,0.0,28.06,1.0,9.5,18.2,Month-to-month,Fiber,Credit Card,East,0
39.0,77543.0,15.3,89.29,1.0,0.0,9.81,1.0,6.3,24.0,Month-to-month,Fiber,UPI,Central,0
32.0,61293.0,46.5,59.93,0.0,1.0,18.35,1.0,5.6,23.2,Month-to-month,None,Bank Transfer,South,0
41.0,86250.0,35.0,63.29,3.0,2.0,9.44,1.0,9.9,21.8,One year,5G,Bank Transfer,East,0
25.0,57458.0,30.3,131.49,3.0,1.0,19.19,0.0,4.2,13.7,Month-to-month,DSL,Credit Card,South,0
32.0,,20.0,106.61,5.0,1.0,17.56,4.0,8.4,4.5,Month-to-month,,Bank Transfer,East,1
22.0,205591.0,33.7,86.99,0.0,0.0,13.85,3.0,5.5,21.2,Month-to-month,None,Bank Transfer,Central,0
32.0,94129.0,8.3,91.21,1.0,1.0,14.74,0.0,4.0,10.7,Month-to-month,5G,Cash,West,0
39.0,62207.0,27.3,129.01,1.0,1.0,12.04,3.0,5.3,11.8,One year,Fiber,AutoPay,North,0
27.0,35850.0,34.3,39.84,2.0,0.0,17.93,1.0,8.6,14.2,Month-to-month,Fiber,Credit Card,,0
18.0,71969.0,32.8,66.0,2.0,1.0,17.37,2.0,4.2,,Two year,DSL,UPI,East,0
,78668.0,23.8,67.77,5.0,2.0,15.82,1.0,7.8,13.2,Month-to-month,Fiber,AutoPay,West,0
18.0,47395.0,28.5,71.78,3.0,1.0,14.64,,7.7,4.5,Two year,5G,Credit Card,Central,0
42.0,60313.0,25.0,111.41,1.0,1.0,16.93,3.0,5.2,14.8,Two year,Fiber,AutoPay,East,0
50.0,48855.0,54.4,72.34,3.0,0.0,5.34,0.0,7.3,8.7,Month-to-month,DSL,UPI,West,0
34.0,44327.0,35.1,67.52,6.0,2.0,22.88,0.0,4.2,11.7,One year,Fiber,AutoPay,South,0
39.0,135947.0,53.1,70.14,0.0,1.0,27.96,0.0,10.0,7.8,Two year,Fiber,AutoPay,East,0
32.0,44076.0,45.7,78.02,1.0,1.0,12.2,2.0,5.6,9.2,Month-to-month,Fiber,AutoPay,Central,0
25.0,41078.0,49.2,82.96,2.0,1.0,15.51,0.0,10.0,18.9,Month-to-month,Fiber,Credit Card,West,0
51.0,,33.5,96.54,3.0,2.0,9.58,4.0,4.1,15.5,Month-to-month,Fiber ,Cash,North,0
53.0,,59.4,79.14,4.0,0.0,30.29,1.0,8.3,0.4,One year,Fiber,Credit Card,East,0
4.0,49362.0,37.7,72.69,7.0,0.0,23.5,0.0,6.2,13.6,Month-to-month,DSL,,East,1
40.0,126899.0,16.1,69.27,2.0,1.0,16.58,1.0,4.9,4.5,Month-to-month,Fiber,UPI,East,0
32.0,29020.0,22.0,72.83,4.0,1.0,18.78,3.0,9.3,15.2,Month-to-month,None,upi,Central,0
37.0,45407.0,40.8,108.28,4.0,2.0,11.32,1.0,7.7,4.6,Month-to-month,,UPI,North,0
18.0,55032.0,23.6,66.34,2.0,0.0,26.28,0.0,6.2,13.6,One year,Fiber,Bank Transfer,,0
38.0,119046.0,10.4,92.12,0.0,0.0,14.17,0.0,7.7,10.7,Two year,Fiber,UPI,East,0
45.0,86907.0,19.7,104.9,0.0,1.0,29.9,0.0,3.7,26.5,Month-to-month,None,Bank Transfer,West,0
30.0,40655.0,37.3,20.0,2.0,0.0,22.33,2.0,10.0,7.9,One year,,AutoPay,South,0
37.0,41039.0,32.4,20.0,2.0,0.0,16.99,2.0,9.8,16.6,Month-to-month,5G,AutoPay,East,0
42.0,49196.0,19.8,60.45,3.0,1.0,24.18,1.0,,23.9,One year,5G,UPI,West,0
58.0,55907.0,33.2,72.92,4.0,,20.46,2.0,5.1,16.3,Month-to-month,DSL,,West,0
21.0,45773.0,14.3,64.96,2.0,1.0,14.77,1.0,8.0,24.9,Month-to-month,Fiber,UPI,East,0
36.0,103342.0,23.1,81.92,4.0,1.0,28.51,0.0,6.5,25.3,Month-to-month,Fiber,Bank Transfer,North,0
33.0,42090.0,13.0,44.26,4.0,2.0,1.0,1.0,,16.6,Month-to-month,DSL,,West,1
40.0,18000.0,19.5,49.65,3.0,0.0,22.36,2.0,6.9,15.4,One year,DSL,AutoPay,South,0
39.0,76325.0,20.5,71.73,3.0,0.0,21.77,3.0,3.3,1.9,Month-to-month,,Bank Transfer,West,0
38.0,35709.0,45.4,43.29,3.0,4.0,21.84,0.0,,20.5,One year,DSL,UPI,West,0
33.0,170348.0,35.4,76.52,3.0,1.0,,1.0,5.9,3.1,Month-to-month,Fiber,Bank Transfer,,0
,85860.0,11.2,52.06,2.0,1.0,20.14,1.0,6.2,12.3,Two year,5G,UPI,East,0
22.0,18000.0,43.1,71.88,4.0,0.0,8.39,0.0,8.0,7.4,One year,Fiber,AutoPay,East,0
29.0,54753.0,41.9,96.2,5.0,4.0,1.0,2.0,3.7,4.6,One year,DSL,Bank Transfer,South,1
38.0,26729.0,17.2,61.7,5.0,4.0,9.16,1.0,5.6,33.6,One year,5G,Cash,South,0
33.0,84305.0,41.9,64.95,2.0,1.0,15.24,1.0,7.1,1.1,One year,5G,AutoPay,South,0
42.0,59608.0,14.7,100.86,3.0,1.0,1.0,5.0,6.5,12.2,Two year,DSL,Credit Card,South,0
40.0,26377.0,29.3,104.2,3.0,2.0,15.49,2.0,,16.3,Month-to-month,DSL,Bank Transfer,North,0
,85953.0,23.8,90.95,1.0,2.0,18.93,0.0,,0.0,One year,None,Credit Card,West,0
41.0,107184.0,,74.21,1.0,2.0,18.82,2.0,7.0,0.0,Month-to-month,Fiber,Credit Card,North,1
,143395.0,12.8,111.43,6.0,0.0,11.14,0.0,5.1,10.6,Month-to-month,,AutoPay,East,0
52.0,28085.0,20.2,83.18,6.0,1.0,16.7,1.0,8.2,15.4,Two year,Fiber,Credit Card,Central,0
41.0,86839.0,12.6,65.14,7.0,1.0,12.25,0.0,8.0,15.5,One year,Fiber,Credit Card,West,1
24.0,24629.0,15.9,80.58,3.0,0.0,1.0,2.0,6.8,4.1,Two year,DSL,AutoPay,Central,0
24.0,133643.0,,132.67,3.0,2.0,11.69,1.0,7.3,18.6,Two year,DSL,Bank Transfer,North,0
19.0,53436.0,37.0,118.76,0.0,0.0,15.88,0.0,7.4,1.4,One year,Fiber,,Central,0
56.0,71997.0,8.8,119.84,1.0,0.0,24.5,0.0,2.9,0.0,Month-to-month,Fiber,UPI,North,0
38.0,45273.0,16.6,78.14,4.0,1.0,22.01,0.0,5.4,20.9,Month-to-month,Fiber,AutoPay,Central,0
48.0,49584.0,29.6,73.34,5.0,,,2.0,4.4,26.5,Month-to-month,DSL,UPI,Central,0
22.0,1500000.0,,55.13,1.0,2.0,24.23,1.0,2.6,23.0,Two year,Fiber,Credit Card,West,0
32.0,45754.0,17.0,103.07,,0.0,20.11,5.0,9.3,11.5,One year,Fiber,AutoPay,East,0
33.0,51512.0,31.2,70.32,4.0,1.0,15.39,0.0,7.4,5.9,Month-to-month,Fiber,Cash,East,1
57.0,30158.0,7.2,104.87,2.0,3.0,,1.0,5.9,1.3,Month-to-month,Fiber,AutoPay,North,0
,155592.0,36.0,103.59,2.0,1.0,21.4,1.0,9.9,14.0,One year,Fiber,Bank Transfer,East,0
36.0,60003.0,10.9,70.68,1.0,0.0,10.18,2.0,7.8,23.6,Two year,Fiber,AutoPay,South,0
47.0,79099.0,24.9,87.19,3.0,1.0,24.62,,8.4,34.0,One year,None,Credit Card,East,0
18.0,20320.0,21.2,95.11,0.0,4.0,11.49,1.0,5.2,11.9,Month-to-month,DSL,Bank Transfer,East,1
34.0,21496.0,20.1,41.36,1.0,3.0,1.0,0.0,8.1,12.6,Two year,Fiber,AutoPay,West,1
50.0,18000.0,16.4,30.97,3.0,3.0,26.52,2.0,3.7,11.5,Month-to-month,Fiber,AutoPay,North,1
18.0,60866.0,17.1,107.44,4.0,2.0,25.08,3.0,6.6,16.4,Month-to-month,5G,AutoPay,South,1
42.0,99750.0,56.8,100.41,2.0,1.0,18.74,,6.5,21.3,One year,5G,Cash,East,0
34.0,53127.0,12.2,109.99,2.0,1.0,24.15,2.0,5.2,0.1,One year,Fiber,UPI,North,1
43.0,83879.0,22.2,88.97,3.0,4.0,16.33,1.0,4.8,19.7,,Fiber,Cash,North,1
47.0,32335.0,25.9,93.74,4.0,2.0,26.8,0.0,2.6,13.4,Two year,Fiber,Credit Card,West,0
21.0,53157.0,12.5,89.99,1.0,0.0,18.2,1.0,9.5,13.8,Month to Month,Fiber,Cash,North,0
37.0,55168.0,31.7,83.17,3.0,1.0,11.07,3.0,7.3,9.2,Month-to-month,Fiber,Cash,West,0
45.0,49455.0,30.2,35.93,5.0,3.0,9.63,1.0,7.9,27.7,Month-to-month,Fiber,,North,0
50.0,47980.0,37.6,54.32,0.0,2.0,4.07,0.0,5.8,6.5,Two year,Fiber,UPI,South,1
28.0,46458.0,32.4,113.2,2.0,0.0,31.71,1.0,7.7,14.9,Month-to-month,Fiber,AutoPay,South,1
46.0,48585.0,41.5,36.83,0.0,1.0,12.07,1.0,5.0,9.1,Month-to-month,,UPI,,0
41.0,60214.0,21.1,134.14,2.0,2.0,12.98,1.0,9.4,10.7,One year,Fiber,Credit Card,West,1
18.0,39756.0,59.6,78.45,,0.0,9.22,,5.1,,Month-to-month,Fiber,Cash,Central,0
36.0,18000.0,1.7,94.9,3.0,2.0,28.93,1.0,6.9,20.3,One year,5G,Bank Transfer,East,0
37.0,26807.0,51.1,111.6,4.0,3.0,20.99,,7.6,2.1,Month-to-month,,UPI,Central,0
36.0,67897.0,19.3,83.96,1.0,0.0,12.55,3.0,3.8,6.7,Month-to-month,Fiber,Bank Transfer,Central,1
34.0,64513.0,20.3,82.93,5.0,0.0,5.98,1.0,3.4,13.4,Two year,5G,Cash,South,0
45.0,35281.0,28.9,84.92,4.0,2.0,,0.0,6.4,22.5,Two year,DSL,Cash,North,0
50.0,44740.0,20.3,50.1,3.0,1.0,23.2,3.0,2.7,7.2,Month-to-month,None,Credit Card,West,1
57.0,42912.0,79.0,74.96,2.0,0.0,14.31,2.0,8.5,22.2,Month-to-month,DSL,Credit Card,,0
37.0,73137.0,53.3,66.94,1.0,0.0,1.1,1.0,9.7,21.0,Month-to-month,Fiber,Credit Card,Central,0
46.0,27447.0,20.0,89.56,1.0,3.0,23.53,1.0,6.5,11.2,Month-to-month,5G,Credit Card,North,1
48.0,87623.0,8.4,84.42,1.0,3.0,16.02,2.0,5.7,30.5,Month-to-month,5G,AutoPay,West,1
53.0,250000.0,18.0,44.77,1.0,2.0,16.23,1.0,8.0,12.2,One year,None,Cash,Central,1
18.0,35439.0,37.4,121.51,0.0,0.0,18.09,3.0,9.3,15.2,One year,Fiber,AutoPay,North,0
22.0,93258.0,18.4,91.24,3.0,1.0,27.32,2.0,8.1,4.8,Month-to-month,DSL,Bank Transfer,North,0
53.0,95882.0,18.1,84.89,5.0,1.0,20.2,1.0,1.2,10.7,Month-to-month,Fiber,Cash,West,1
39.0,40857.0,37.8,107.57,1.0,1.0,11.76,1.0,9.4,17.6,Month-to-month,Fiber,Cash,East,0
41.0,172967.0,46.8,67.71,2.0,0.0,30.2,2.0,6.0,22.6,Month-to-month,5G,AutoPay,East,0
54.0,59438.0,,73.34,1.0,1.0,16.12,1.0,7.0,0.6,Month-to-month,Fiber,AutoPay,East,0
37.0,39601.0,12.1,79.92,3.0,1.0,17.95,3.0,7.4,14.0,One year,Fiber,Cash,South,0
44.0,29153.0,28.0,81.96,3.0,1.0,18.76,1.0,6.1,26.8,Month-to-month,Fiber,AutoPay,Central,0
52.0,33975.0,46.1,84.54,3.0,2.0,29.35,6.0,5.7,17.3,Two year,Fiber,Cash,North,1
7.0,42374.0,30.0,63.87,4.0,0.0,33.4,4.0,4.6,21.8,Month-to-month,DSL,UPI,North,0
59.0,37408.0,12.7,72.56,0.0,2.0,13.69,1.0,7.2,12.3,Month-to-month,Fiber,Bank Transfer,North,1
41.0,69080.0,27.4,80.4,2.0,1.0,18.4,0.0,6.9,2.5,Month-to-month,5G,AutoPay,Central,0
31.0,67760.0,27.0,107.16,3.0,0.0,5.07,1.0,5.6,15.1,Month-to-month,None,Cash,North,0
22.0,52325.0,34.9,76.32,2.0,0.0,11.4,1.0,4.3,9.6,,Fiber,AutoPay,West,0
,57339.0,45.1,109.49,0.0,1.0,19.07,1.0,6.2,12.0,One year,Fiber,Bank Transfer,South,0
60.0,36607.0,29.9,35.81,3.0,6.0,1.0,1.0,,20.2,Month-to-month,5G,Credit Card,Central,0
41.0,,51.4,53.76,5.0,1.0,12.87,1.0,7.6,7.7,One year,Fiber,Credit Card,West,0
43.0,44113.0,41.4,68.73,5.0,1.0,15.03,3.0,5.6,4.7,Month-to-month,Fiber,,Central,1
32.0,,17.0,57.4,1.0,4.0,16.24,0.0,6.6,19.6,Month-to-month,Fiber,,South,1
43.0,,15.9,163.9,5.0,1.0,17.51,0.0,5.9,18.6,One year,,Cash,South,0
22.0,148695.0,38.8,79.96,1.0,1.0,10.61,1.0,4.0,21.9,One year,,Cash,West,0
42.0,30852.0,29.7,73.54,1.0,1.0,14.13,0.0,3.4,0.8,Two year,5G,Credit Card,Central,0
40.0,70007.0,16.9,,0.0,1.0,5.44,3.0,8.8,16.0,One year,DSL,Credit Card,West,0
40.0,40112.0,22.0,97.45,1.0,1.0,15.66,3.0,6.7,9.3,One year,, UPI,South,0
57.0,48251.0,,92.16,1.0,0.0,,2.0,5.8,0.0,Month-to-month,5G,UPI,Central,1
31.0,124543.0,3.5,91.28,1.0,,19.21,1.0,9.6,21.4,Month-to-month,Fiber,AutoPay,South,0
35.0,29568.0,5.3,47.15,4.0,0.0,27.65,2.0,7.5,7.6,One year,5G,Cash,West,0
41.0,121501.0,8.5,118.34,2.0,2.0,22.08,1.0,6.8,15.6,Month-to-month,5G,upi,West,1
44.0,94298.0,15.4,65.15,,1.0,14.47,0.0,4.3,13.4,One year,Fiber,Credit Card,South,0
27.0,53922.0,9.7,85.2,2.0,2.0,17.77,0.0,3.9,15.1,Month-to-month,Fiber,Credit Card,Central,1
19.0,86315.0,25.7,75.5,2.0,2.0,12.4,,10.0,7.6,Month-to-month,Fiber,UPI,West,0
38.0,99378.0,47.7,57.4,2.0,0.0,9.48,4.0,,20.5,Two year,DSL,Credit Card,,0
36.0,77697.0,70.4,69.19,0.0,1.0,20.09,1.0,6.9,22.9,Month-to-month,Fiber,,West,0
48.0,133304.0,10.9,89.53,3.0,0.0,,0.0,3.9,11.7,One year,5G,Credit Card,West,0
40.0,19914.0,11.1,60.01,2.0,1.0,37.36,5.0,6.3,2.3,Month-to-month,5G,Bank Transfer,West,1
27.0,49804.0,13.9,79.25,2.0,0.0,23.16,0.0,4.0,1.1,One year,Fiber,Bank Transfer,North,0
38.0,30338.0,9.0,65.42,5.0,6.0,27.9,1.0,6.9,0.0,Month-to-month,Fiber,Cash,East,1
42.0,35674.0,13.9,72.15,2.0,2.0,4.72,0.0,5.7,,One year,DSL,UPI,East,0
43.0,96154.0,17.2,45.47,0.0,1.0,16.87,0.0,7.1,13.2,One year,5G,Bank Transfer,North,1
37.0,81113.0,46.3,99.57,6.0,3.0,15.17,1.0,5.5,8.7,Month-to-month,5G,Bank Transfer,West,0
20.0,61409.0,17.3,96.72,2.0,0.0,12.52,1.0,8.4,0.0,,DSL,AutoPay,North,0
42.0,24138.0,12.1,52.42,1.0,1.0,300.0,0.0,6.9,19.4,Month-to-month,5G,AutoPay,Central,0
51.0,49265.0,30.0,100.35,2.0,0.0,12.37,3.0,,0.0,Month-to-month,None,AutoPay,West,1
34.0,109324.0,19.5,91.19,2.0,3.0,33.67,3.0,5.4,14.7,Two year,FIBER,Cash,South,0
41.0,108351.0,29.5,52.84,1.0,2.0,30.25,1.0,2.2,16.5,Month-to-month,Fiber,Credit Card,North,1
34.0,34243.0,,75.51,2.0,0.0,7.14,3.0,6.6,0.0,Month-to-month,Fiber,UPI,North,0
29.0,65425.0,29.3,65.26,3.0,0.0,31.51,1.0,8.6,20.2,Month-to-month,5G,AutoPay,South,0
42.0,51527.0,35.2,76.35,1.0,0.0,23.48,0.0,5.3,21.1,Two year,DSL,Credit Card,Central,0
43.0,113614.0,19.5,132.25,0.0,3.0,18.29,3.0,5.4,12.2,Two year,DSL,UPI,Central,1
18.0,31658.0,41.1,64.85,3.0,1.0,10.69,1.0,5.8,18.9,Two year,DSL,Cash,East,0
49.0,24712.0,53.7,43.92,1.0,0.0,14.82,0.0,5.0,9.5,Two year,Fiber,AutoPay,Central,0
25.0,75243.0,15.6,59.0,2.0,0.0,13.0,2.0,7.2,3.3,One year,None,UPI,Central,0
36.0,96226.0,15.8,62.06,4.0,0.0,17.93,2.0,10.0,15.7,One year,Fiber,UPI,North,0
54.0,26705.0,3.0,91.55,1.0,3.0,15.36,1.0,8.3,12.3,Month-to-month,DSL,UPI,South,1
45.0,19697.0,29.9,,2.0,1.0,21.97,3.0,5.8,13.5,Two year,Fiber,Cash,East,1
42.0,153194.0,64.5,49.64,2.0,0.0,12.15,0.0,6.9,0.0,One year,Fiber,Credit Card,Central,0
46.0,55447.0,24.4,81.28,1.0,0.0,23.29,1.0,5.7,,One year,Fiber,Cash,Central,1
41.0,105734.0,25.7,101.63,,3.0,14.36,0.0,7.0,9.5,Two year,Fiber,Cash,East,0
25.0,82988.0,23.2,64.19,2.0,0.0,17.79,0.0,8.4,9.9,Month-to-month,Fiber,Credit Card,West,0
52.0,28682.0,20.9,115.7,2.0,1.0,,0.0,5.8,5.4,One year,Fiber,UPI,West,0
51.0,79166.0,,65.12,4.0,0.0,17.35,3.0,5.6,11.0,One year,Fiber ,AutoPay,South,0
48.0,104029.0,23.7,114.56,3.0,1.0,19.79,1.0,6.7,12.5,Two year,Fiber,UPI,West,0
34.0,59295.0,74.8,79.28,4.0,1.0,15.06,0.0,4.9,21.3,Month-to-month,None,Cash,North,0
42.0,121714.0,15.6,50.05,1.0,2.0,9.48,2.0,6.9,,Month-to-month,Fiber,Bank Transfer,West,1
43.0,50874.0,43.3,57.59,5.0,2.0,20.72,0.0,4.3,21.5,Two year,5G,,South,0
31.0,104877.0,34.5,83.37,1.0,0.0,17.34,0.0,5.4,9.3,Month-to-month,DSL,UPI,West,0
,,29.1,50.07,4.0,0.0,8.66,2.0,6.4,13.3,One year,None,UPI,south ,1
43.0,40103.0,22.4,59.61,5.0,3.0,15.21,1.0,2.8,6.6,Month to Month,DSL,UPI,North,1
27.0,115210.0,44.3,68.8,2.0,1.0,22.6,1.0,10.0,5.8,Month-to-month,DSL,Credit Card,Central,0
46.0,108763.0,25.5,43.83,3.0,1.0,11.78,4.0,3.8,7.4,One year,DSL,UPI,North,0
49.0,87428.0,24.8,1500.0,2.0,0.0,26.75,2.0,9.4,10.5,Month-to-month,Fiber,AutoPay,East,0
18.0,48155.0,34.6,66.14,4.0,0.0,26.86,1.0,7.4,17.0,Month-to-month,Fiber, UPI,West,0
46.0,142822.0,100.5,47.65,4.0,0.0,19.51,0.0,5.7,5.2,One year,,AutoPay,North,0
64.0,18000.0,12.2,118.42,3.0,1.0,15.51,1.0,9.5,14.3,Two year,5G,UPI,East,1
18.0,46913.0,16.0,129.19,0.0,3.0,3.97,0.0,5.1,9.6,Month-to-month,Fiber,Credit Card,South,0
37.0,71549.0,14.6,48.46,3.0,0.0,1.0,1.0,5.3,0.0,Month-to-month,None,AutoPay,West,0
48.0,62249.0,23.6,86.34,4.0,0.0,18.86,0.0,7.3,2.9,One year,DSL,Cash,South,0
32.0,41526.0,11.2,64.73,1.0,0.0,19.46,6.0,,22.3,Month-to-month,Fiber,Bank Transfer, SOUTH,1
53.0,66729.0,47.7,89.76,1.0,2.0,15.7,0.0,8.7,12.3,Month-to-month,Fiber,UPI,Central,0
48.0,73890.0,32.8,146.84,2.0,0.0,16.62,2.0,7.5,14.6,Month-to-month,Fiber,AutoPay,South,0
36.0,42303.0,45.2,97.18,1.0,1.0,24.38,,7.0,0.7,One year,Fiber,AutoPay,North,0
50.0,30936.0,20.8,47.83,1.0,2.0,19.62,0.0,6.4,19.5,Month-to-month,Fiber,AutoPay,Central,1
40.0,226308.0,54.1,72.64,2.0,2.0,17.87,0.0,8.4,10.5,Month to Month,None,AutoPay,Central,0
58.0,73415.0,,58.48,1.0,1.0,20.55,2.0,8.4,0.0,Two year,None,UPI,Central,0
33.0,57522.0,60.6,74.68,1.0,2.0,26.49,0.0,4.5,15.5,Month-to-month,5G,Cash,East,0
50.0,117053.0,30.1,85.7,,2.0,5.76,4.0,4.3,,One year,Fiber,Bank Transfer,East,0
33.0,62901.0,31.1,86.07,1.0,2.0,18.71,0.0,10.0,7.0,Month-to-month,None,Credit Card,Central,0
28.0,43254.0,35.5,96.88,1.0,0.0,26.36,2.0,8.2,7.7,month-to-month,5G,Bank Transfer,Central,0
23.0,117879.0,10.8,83.84,2.0,0.0,18.45,0.0,8.3,0.3,One year,5G,Bank Transfer,Central,0
37.0,,52.5,113.78,2.0,2.0,15.51,2.0,6.6,14.7,Month-to-month,Fiber,UPI,South,0
46.0,74439.0,5.3,57.83,,2.0,14.45,1.0,7.8,25.6,One year,DSL,Credit Card,North,1
,100198.0,25.2,100.43,3.0,2.0,20.58,3.0,6.6,14.3,Month-to-month,DSL,AutoPay,Central,0
49.0,69720.0,20.6,89.58,2.0,2.0,,1.0,7.4,7.4,Month-to-month,Fiber,UPI,West,1
27.0,122623.0,25.1,125.14,2.0,1.0,20.34,2.0,5.9,15.2,Month-to-month,FIBER,Cash,,0
39.0,40359.0,13.3,65.8,4.0,0.0,19.44,2.0,3.2,0.0,Two year,Fiber,Cash,West,0
46.0,68107.0,67.9,37.12,2.0,1.0,13.32,1.0,5.7,24.4,Month-to-month,Fiber,,Central,0
43.0,23451.0,25.7,96.4,2.0,0.0,17.65,1.0,6.2,4.0,,Fiber,UPI,South,0
29.0,21333.0,13.0,83.81,2.0,0.0,,,5.5,16.5,Month-to-month,DSL,Credit Card,West,1
49.0,,43.8,69.2,3.0,1.0,8.76,1.0,8.3,10.6,Month-to-month,Fiber,AutoPay,West,1
24.0,58987.0,2.8,92.03,0.0,1.0,22.3,0.0,6.1,14.8,Two year,DSL,AutoPay,Central,0
34.0,102471.0,12.4,113.41,0.0,0.0,16.86,2.0,6.5,6.3,One year,5G,Cash,West,0
33.0,18000.0,3.0,89.1,2.0,,14.58,2.0,6.1,12.1,One year,Fiber,AutoPay,South,0
49.0,21748.0,12.2,82.75,2.0,0.0,1.05,0.0,6.4,9.4,Month-to-month,Fiber,AutoPay,East,0
47.0,28224.0,54.6,50.57,1.0,1.0,16.44,0.0,6.6,16.5,Month-to-month,Fiber,Credit Card,East,0
38.0,61587.0,29.1,,3.0,1.0,3.39,1.0,6.4,10.7,One year,,AutoPay,North,0
,37270.0,19.2,50.46,1.0,2.0,17.67,0.0,4.0,7.1,Month-to-month,Fiber,Cash,South,0
45.0,40437.0,23.6,70.7,2.0,1.0,3.98,2.0,8.1,13.6,,Fiber,Credit Card,North,0
31.0,37027.0,8.9,56.14,1.0,1.0,30.8,1.0,4.2,6.3,One year,Fiber,Cash,,0
40.0,77571.0,36.6,71.59,5.0,2.0,16.83,0.0,5.7,6.5,Month-to-month,5G,UPI,West,0
47.0,64341.0,47.8,60.12,4.0,2.0,,4.0,4.6,23.5,Two year,DSL,AutoPay,Central,0
28.0,24755.0,15.9,47.67,2.0,3.0,18.16,0.0,6.1,,Month-to-month,Fiber,AutoPay,Central,1
,117131.0,56.9,101.86,2.0,0.0,19.31,,6.7,12.5,Two year,DSL,Credit Card,West,0
38.0,100006.0,18.3,65.18,1.0,1.0,,0.0,6.0,7.3,Month-to-month,5G,Credit Card,Central,1
22.0,99822.0,22.9,66.04,3.0,0.0,13.42,2.0,4.0,,Month-to-month,DSL,Cash,West,1
23.0,84342.0,17.1,103.9,3.0,0.0,22.55,1.0,7.1,14.2,Month-to-month,Fiber,Cash,Central,1
34.0,29810.0,29.8,46.04,2.0,1.0,,1.0,5.3,2.5,One year,Fiber,AutoPay,East,0
54.0,51786.0,4.3,110.67,4.0,2.0,20.75,1.0,5.4,0.4,Two year,DSL,Bank Transfer,West,1
39.0,41442.0,31.9,77.03,3.0,1.0,26.39,2.0,7.8,5.7,Month-to-month,Fiber,Bank Transfer,East,0
53.0,38503.0,38.0,75.81,6.0,1.0,16.12,0.0,5.7,17.5,Month-to-month,DSL,AutoPay,North,0
18.0,71286.0,43.4,61.19,5.0,1.0,17.72,0.0,2.2,20.1,One year,Fiber,UPI,North,0
25.0,59603.0,9.6,48.79,2.0,0.0,16.24,2.0,2.8,4.3,One year,DSL,Cash,Central,0
26.0,,32.5,93.93,4.0,1.0,13.28,3.0,2.8,11.2,Month-to-month,5G,Credit Card,South,0
32.0,99160.0,39.1,93.89,1.0,1.0,14.99,0.0,6.0,7.9,Month-to-month,Fiber,Credit Card,North,0
44.0,35034.0,34.6,112.26,1.0,2.0,19.47,2.0,6.8,0.0,Two year,Fiber,,North,0
29.0,87861.0,48.8,83.86,3.0,1.0,9.45,1.0,4.2,13.3,Two year,DSL,Bank Transfer,South,0
25.0,60188.0,15.6,75.15,1.0,0.0,19.39,0.0,4.3,9.6,One year,DSL,Bank Transfer,West,1
34.0,100325.0,39.7,50.27,3.0,,26.87,1.0,7.0,1.4,Month-to-month,Fiber,AutoPay,Central,0
60.0,98205.0,39.0,101.7,1.0,1.0,15.41,2.0,8.1,22.2,Month-to-month,5G,AutoPay,South,0
37.0,53016.0,89.6,43.95,3.0,0.0,15.12,0.0,5.5,21.3,Month-to-month,Fiber,Cash,Central,0
,44373.0,26.2,29.0,2.0,2.0,13.43,0.0,3.9,23.4,Month-to-month,DSL,Cash,West,0
,44839.0,36.9,53.83,2.0,1.0,26.54,1.0,10.0,2.2,Two year,DSL,Bank Transfer,East,0
29.0,32130.0,41.4,40.76,3.0,1.0,10.78,2.0,6.3,5.3,Two year,Fiber,Bank Transfer,East,0
41.0,50753.0,15.4,87.67,2.0,1.0,31.91,4.0,8.8,11.6,One year,5G,UPI,East,0
25.0,39406.0,57.8,97.11,4.0,0.0,15.58,1.0,6.8,9.3,One year,Fiber,Bank Transfer,North,0
46.0,50920.0,26.8,43.62,1.0,0.0,17.55,3.0,2.9,9.2,Month-to-month,Fiber,Credit Card,Central,0
44.0,33985.0,28.2,65.41,3.0,0.0,13.29,1.0,4.5,7.0,Month-to-month,DSL,Bank Transfer,Central,1
33.0,66659.0,15.8,64.94,1.0,2.0,12.17,,6.1,21.1,Two year,Fiber,Credit Card,West,0
40.0,25079.0,,73.86,2.0,4.0,,0.0,10.0,3.7,One year,Fiber,Bank Transfer,North,1
49.0,25318.0,27.0,108.83,1.0,3.0,,3.0,7.5,4.3,Month-to-month,5G,Bank Transfer,West,0
,50203.0,39.2,79.36,1.0,1.0,17.77,1.0,4.3,20.1,One year,Fiber,AutoPay,Central,0
37.0,69408.0,20.5,,1.0,2.0,1.0,0.0,8.9,8.9,Month-to-month,,UPI,South,0
18.0,89826.0,48.8,45.62,2.0,2.0,15.4,2.0,5.2,8.8,Month-to-month,Fiber,UPI,West,1
44.0,18000.0,46.2,63.62,2.0,1.0,20.21,1.0,8.2,6.4,,DSL,Bank Transfer,South,0
42.0,115640.0,11.7,53.74,1.0,0.0,19.81,2.0,9.2,10.8,Month-to-month,5G,Bank Transfer,East,0
30.0,43666.0,37.4,126.35,2.0,0.0,19.03,0.0,5.1,29.4,Two year,5G,Bank Transfer,North,0
29.0,57251.0,16.1,95.26,4.0,1.0,16.08,2.0,8.2,0.0,Month-to-month,Fiber,Cash,North,1
36.0,72795.0,4.2,63.69,2.0,0.0,3.04,4.0,6.1,1.0,Month-to-month,Fiber,UPI,North,0
49.0,18000.0,50.8,115.96,0.0,0.0,25.6,0.0,7.0,15.2,Month-to-month,Fiber,Bank Transfer,South,0
38.0,39048.0,55.4,69.26,2.0,0.0,11.13,0.0,4.8,26.4,Month-to-month,None,Bank Transfer,North,0
39.0,49641.0,12.4,57.31,2.0,1.0,21.24,2.0,6.8,17.8,Two year,Fiber,Bank Transfer,Central,0
,26258.0,34.3,50.43,1.0,3.0,12.36,0.0,4.3,20.7,Month-to-month,Fiber,UPI,South,1
35.0,64222.0,37.6,96.11,4.0,0.0,14.64,0.0,5.6,,One year,Fiber,Credit Card,South,0
38.0,38437.0,6.6,25.72,3.0,1.0,7.08,2.0,,24.3,Month-to-month,Fiber,AutoPay,South,1
48.0,61572.0,54.0,60.74,4.0,0.0,17.79,1.0,7.9,2.0,Month-to-month,DSL,AutoPay,West,0
18.0,50307.0,,84.2,1.0,0.0,10.45,0.0,5.5,18.4,One year,5G,Cash,South,0
43.0,170005.0,6.2,450.0,3.0,2.0,25.57,2.0,1.7,4.7,Month-to-month,Fiber,Cash,West,1
44.0,134024.0,44.5,85.59,1.0,0.0,32.55,1.0,6.4,11.2,Month-to-month,DSL,Credit Card,East,0
35.0,67678.0,31.5,36.86,1.0,3.0,8.65,2.0,5.0,12.5,One year,DSL,AutoPay,South,0
31.0,61415.0,25.1,52.44,2.0,0.0,14.2,0.0,4.0,14.0,Month-to-month,Fiber,Cash,West,0
23.0,,31.8,101.06,2.0,0.0,18.55,2.0,5.2,7.4,One year,5G,Bank Transfer,East,0
26.0,109767.0,19.2,68.45,1.0,2.0,23.03,0.0,9.2,11.9,Month-to-month,Fiber,AutoPay,West,0
37.0,41142.0,20.0,96.42,2.0,1.0,9.26,1.0,6.0,13.7,Month-to-month,DSL,UPI,East,0
25.0,52342.0,23.4,59.65,1.0,0.0,,1.0,8.1,10.2,Two year,DSL,UPI,East,0
25.0,45112.0,19.8,90.86,50.0,4.0,16.1,1.0,5.3,12.4,One year,None,,Central,1
43.0,19802.0,5.7,74.14,2.0,0.0,17.54,2.0,6.2,7.3,One year,5G,UPI,West,1
48.0,40536.0,18.7,47.47,1.0,1.0,9.77,0.0,6.7,10.0,Month-to-month,Fiber,AutoPay,Central,0
47.0,145075.0,98.7,86.74,3.0,0.0,26.99,1.0,7.4,2.1,Month-to-month,DSL,UPI,South,0
28.0,31880.0,69.4,59.5,4.0,1.0,7.89,2.0,6.0,9.6,Two year,5G,Cash,East,0
35.0,74979.0,43.8,88.08,1.0,0.0,15.4,1.0,10.0,13.7,Month-to-month,5G,Cash,North,0
18.0,54787.0,13.6,98.64,2.0,1.0,35.02,3.0,5.6,12.0,Two year,5G,Bank Transfer,North,0
42.0,49382.0,29.8,88.1,2.0,1.0,18.58,1.0,7.0,12.0,Month-to-month,DSL,Cash,Central,0
31.0,75454.0,19.1,76.54,1.0,0.0,20.42,2.0,9.1,17.3,Month-to-month,Fiber,AutoPay,North,0
35.0,96996.0,47.8,81.97,3.0,0.0,11.65,3.0,5.3,17.9,One year,DSL,Bank Transfer,West,0
43.0,126104.0,15.3,95.33,6.0,1.0,17.19,0.0,4.5,0.0,One year,Fiber,Cash,East,0
39.0,145470.0,37.7,65.36,1.0,1.0,29.92,0.0,6.9,2.9,Month-to-month,5G,Cash,South,0
34.0,25768.0,34.6,95.12,4.0,0.0,,,6.9,10.4,Month-to-month,Fiber,Credit Card,East,0
21.0,109717.0,11.0,39.16,3.0,0.0,25.65,1.0,6.7,0.2,Month-to-month,DSL,Cash,Central,0
30.0,1500000.0,25.6,20.0,1.0,1.0,25.44,2.0,7.5,15.0,Two year,DSL,AutoPay,North,0
37.0,21119.0,28.6,105.59,2.0,1.0,11.28,,7.7,18.1,Two year,DSL,AutoPay,North,0
44.0,56200.0,34.9,28.1,4.0,2.0,9.48,1.0,7.4,2.2,Month-to-month,Fiber,AutoPay,North,0
42.0,73702.0,30.2,83.19,3.0,,,1.0,6.5,2.4,One year,5G,Credit Card,West,0
38.0,26580.0,18.0,74.84,3.0,0.0,24.16,2.0,9.1,34.8,One year,5G,UPI,North,0
23.0,96990.0,7.8,99.05,6.0,1.0,14.95,2.0,6.9,6.3,Month-to-month,Fiber,UPI,Central,0
53.0,26889.0,17.9,75.93,3.0,3.0,17.08,3.0,6.8,20.4,Month-to-month,Fiber,Cash,East,1
37.0,32851.0,21.1,93.9,2.0,0.0,11.75,1.0,5.5,10.7,Month-to-month,Fiber,UPI,South,0
40.0,73146.0,16.4,26.39,0.0,,18.94,1.0,6.4,13.6,Two year,Fiber,AutoPay,East,1
41.0,84546.0,49.6,109.29,2.0,0.0,27.45,3.0,7.3,6.2,Two year,Fiber,AutoPay,East,0
42.0,42857.0,28.4,44.81,2.0,4.0,12.91,0.0,4.9,8.5,Month-to-month,DSL,,South,0
64.0,45458.0,10.2,850.0,1.0,0.0,23.32,,2.1,17.7,Month-to-month,DSL,UPI,South,0
42.0,56607.0,45.8,61.49,2.0,1.0,22.02,5.0,9.9,8.1,,Fiber,UPI,West,1
27.0,41708.0,54.8,,2.0,4.0,1.0,2.0,6.7,14.8,One year,Fiber,UPI,South,0
42.0,20271.0,39.2,0.0,4.0,0.0,,0.0,8.0,16.2,Month-to-month,DSL,Cash,West,1
34.0,27637.0,4.5,110.04,3.0,3.0,3.97,0.0,6.9,10.1,Two year,Fiber,Cash,East,0
40.0,24850.0,35.4,20.0,2.0,0.0,17.72,,9.3,15.3,Month-to-month,5G,Cash,West,0
50.0,50526.0,19.1,84.56,6.0,1.0,26.69,0.0,6.7,18.0,Month-to-month,DSL,AutoPay,,0
34.0,100272.0,9.4,59.27,2.0,0.0,5.28,2.0,7.1,15.3,Month-to-month,DSL,Cash,Central,0
36.0,24181.0,20.7,101.33,3.0,1.0,21.92,0.0,7.9,6.9,Two year,DSL,Credit Card,West,0
62.0,44930.0,27.6,,2.0,0.0,21.39,3.0,7.9,11.7,Month-to-month,Fiber,UPI,South,1
,53550.0,5.9,80.93,3.0,2.0,15.62,2.0,6.7,11.0,Two year,5G,AutoPay,West,1
23.0,74857.0,38.3,79.48,1.0,1.0,24.45,0.0,5.2,28.2,Month-to-month,DSL,Credit Card,,0
,109226.0,39.2,63.89,1.0,0.0,23.21,2.0,,25.6,One year,DSL,UPI ,South,0
30.0,30588.0,23.7,130.75,0.0,0.0,18.43,2.0,6.8,12.2,One year,5G,UPI,East,0
60.0,83931.0,39.1,41.62,1.0,2.0,12.77,0.0,6.0,17.7,Month-to-month,Fiber,Credit Card,North,0
21.0,107932.0,14.5,49.74,2.0,1.0,16.2,1.0,9.3,14.7,,5G,Credit Card,,0
25.0,33160.0,15.2,128.39,0.0,1.0,,1.0,5.9,5.0,One year,None,UPI,North,1
39.0,44002.0,14.5,107.43,2.0,1.0,21.45,,5.0,26.6,Month-to-month,None,Credit Card,East,1
49.0,110273.0,23.3,65.32,1.0,0.0,12.33,3.0,7.3,4.5,One year,None,UPI,East,0
37.0,129171.0,,27.53,1.0,0.0,,0.0,3.3,8.6,Month-to-month,Fiber,AutoPay,North,0
21.0,40338.0,79.3,69.11,4.0,2.0,8.79,1.0,5.2,25.4,Month-to-month,DSL,Credit Card,West,0
48.0,74915.0,68.4,102.23,1.0,0.0,18.73,1.0,6.5,9.5,Month-to-month,5G,Cash,North,0
42.0,45258.0,4.4,34.42,2.0,0.0,,2.0,8.1,21.1,Month-to-month,Fiber,AutoPay,East,0
39.0,88461.0,2.2,108.4,1.0,1.0,11.89,3.0,5.1,1.4,Month-to-month,Fiber,AutoPay,East,1
30.0,40847.0,50.8,76.86,0.0,0.0,21.22,,4.7,4.9,Month-to-month,DSL,AutoPay,East,0
43.0,38753.0,36.4,117.62,3.0,1.0,32.37,,5.8,19.4,One year,5G,Cash,East,1
34.0,80898.0,33.7,59.52,3.0,1.0,35.7,2.0,6.3,21.7,Month-to-month,None,Cash,South,0
32.0,70047.0,39.1,83.35,3.0,0.0,20.03,0.0,6.2,12.8,Month-to-month,Fiber,Cash,East,0
35.0,47472.0,23.6,61.26,,2.0,34.04,1.0,4.7,11.6,One year,DSL,AutoPay,North,0
47.0,43764.0,25.0,,3.0,0.0,24.9,0.0,4.1,15.4,Month-to-month,5G,Credit Card,North,0
36.0,33312.0,7.0,88.34,3.0,0.0,1.0,2.0,4.4,18.6,Month-to-month,5G,upi,North,1
39.0,44762.0,2.1,96.0,1.0,0.0,14.98,1.0,5.6,7.5,Month-to-month,5G,Bank Transfer,East,1
30.0,18000.0,31.9,82.7,1.0,2.0,15.73,1.0,6.8,8.7,Month-to-month,,Bank Transfer,North,1
37.0,149140.0,21.5,110.72,,3.0,11.89,1.0,10.0,12.4,Month-to-month,Fiber,UPI,South,0
39.0,68520.0,23.3,49.07,1.0,1.0,37.33,0.0,5.4,14.2,Month-to-month,None,AutoPay,West,0
34.0,136190.0,57.7,101.56,4.0,1.0,23.67,0.0,6.5,20.4,Month-to-month,DSL,Credit Card,North,0
31.0,37447.0,54.6,31.41,4.0,0.0,23.48,1.0,9.4,2.2,,Fiber,Credit Card,East,0
60.0,111568.0,32.6,99.5,1.0,1.0,18.66,0.0,6.5,13.8,Month-to-month,DSL,Credit Card,Central,1
38.0,44668.0,17.9,117.33,3.0,1.0,21.61,0.0,5.8,18.9,Two year,Fiber,Cash,South,0
30.0,95069.0,16.3,96.68,3.0,0.0,28.57,2.0,4.1,4.6,Month-to-month,Fiber,Bank Transfer,East,1
45.0,46170.0,25.4,85.6,1.0,,36.13,1.0,4.6,10.9,Month-to-month,None,Bank Transfer,West,1
25.0,24817.0,12.5,78.21,2.0,0.0,16.32,,9.5,3.8,,Fiber,UPI,West,0
35.0,46199.0,68.6,83.82,3.0,,18.64,1.0,4.4,,Month-to-month,DSL,Credit Card,East,0
40.0,142405.0,59.2,,4.0,0.0,12.84,2.0,5.2,16.2,Month-to-month,Fiber,Credit Card,East,0
42.0,51842.0,7.7,107.77,3.0,,41.34,2.0,5.5,27.8,Month-to-month,5G,Bank Transfer,South,0
24.0,18000.0,34.3,80.41,1.0,1.0,14.82,1.0,5.4,12.9,One year,5G,Bank Transfer,Central,0
70.0,48978.0,37.3,60.8,1.0,0.0,,0.0,7.3,11.6,One year,5G,Credit Card,south ,0
36.0,75528.0,20.5,110.91,4.0,1.0,26.4,1.0,4.8,12.4,Month-to-month,Fiber,UPI,Central,1
28.0,83211.0,13.6,55.05,2.0,0.0,23.04,1.0,7.5,16.1,month-to-month,Fiber,Bank Transfer,,1
39.0,83594.0,43.8,45.77,1.0,2.0,1.0,3.0,6.3,11.9,One year,5G,Cash,North,0
22.0,35773.0,7.2,80.27,2.0,0.0,16.84,3.0,6.0,19.8,Month to Month,Fiber,Cash,Central,0
38.0,36009.0,5.3,93.45,0.0,1.0,16.64,1.0,4.2,21.3,Two year,Fiber,AutoPay,East,0
23.0,48799.0,34.5,74.04,2.0,2.0,8.53,1.0,8.6,14.1,Month-to-month,5G,UPI,West,0
34.0,45773.0,24.2,20.0,1.0,1.0,17.07,1.0,7.3,17.9,Month-to-month,5G,Credit Card,Central,0
24.0,81798.0,11.8,97.26,2.0,2.0,14.76,3.0,6.9,19.9,One year,Fiber,AutoPay,Central,0
46.0,160608.0,16.6,89.37,1.0,2.0,,0.0,5.2,28.3,Two year,,Cash,South,1
55.0,49537.0,32.9,36.31,4.0,1.0,10.08,2.0,4.7,10.4,Month-to-month,None,Bank Transfer,North,1
42.0,34314.0,28.0,89.72,1.0,0.0,7.26,0.0,1.4,,One year,DSL,Cash,East,0
42.0,43649.0,25.0,42.72,1.0,0.0,22.24,0.0,6.7,10.0,One year,5G,,Central,0
23.0,60752.0,18.8,68.29,4.0,0.0,13.38,0.0,,18.5,Two year,Fiber,,South,0
34.0,32094.0,102.3,106.87,1.0,2.0,15.16,2.0,5.0,5.1,One year,FIBER,Credit Card,North,0
58.0,35686.0,35.0,109.93,2.0,2.0,17.57,0.0,7.7,21.4,One year,Fiber,AutoPay,North,1
36.0,31445.0,19.7,62.95,0.0,0.0,16.64,,6.4,23.6,Month-to-month,,Cash,South,0
18.0,36840.0,27.6,89.62,2.0,,16.19,2.0,7.8,0.0,Month-to-month,Fiber,Credit Card,South,0
,44598.0,13.2,91.64,3.0,2.0,31.67,1.0,4.5,3.1,Month-to-month,DSL,Cash,East,1
36.0,33444.0,29.7,79.99,1.0,2.0,22.38,2.0,6.2,21.5,Month-to-month,Fiber,,East,0
28.0,42918.0,,83.31,4.0,3.0,16.31,3.0,4.9,18.9,Month-to-month,5G,Credit Card,North,0
42.0,36897.0,30.1,36.98,2.0,1.0,11.21,0.0,8.6,6.5,Month-to-month,Fiber,UPI,,0
39.0,82640.0,28.9,21.95,3.0,4.0,34.02,0.0,5.9,1.2,One year,DSL,AutoPay,Central,0
21.0,53710.0,19.5,95.17,1.0,1.0,5.21,1.0,5.9,21.0,Month-to-month,Fiber,Bank Transfer,South,0
44.0,41224.0,48.9,73.63,,1.0,16.12,2.0,,3.3,Month-to-month,Fiber,UPI,Central,1
29.0,45556.0,32.4,83.09,3.0,1.0,12.02,0.0,4.3,12.0,,Fiber,Credit Card,East,0
,66225.0,31.6,70.67,0.0,1.0,15.08,0.0,7.2,7.4,Month-to-month,Fiber,Bank Transfer,South,0
39.0,104760.0,21.8,,0.0,0.0,8.36,1.0,6.4,12.3,Month-to-month,DSL,AutoPay,East,0
73.0,66584.0,14.2,81.33,0.0,1.0,,0.0,6.3,11.9,One year,5G,Cash,Central,1
48.0,46278.0,48.4,42.77,2.0,0.0,22.27,0.0,9.0,0.0,Two year,DSL,Bank Transfer,East,0
22.0,69863.0,15.0,84.19,4.0,0.0,14.59,1.0,6.7,3.1,Month-to-month,Fiber,Bank Transfer,North,1
25.0,75537.0,34.1,83.21,4.0,2.0,14.17,0.0,8.1,28.4,Month-to-month,None,Bank Transfer,West,0
,63645.0,50.3,63.84,0.0,0.0,25.39,1.0,7.7,0.1,Month-to-month,5G,AutoPay,East,0
24.0,24506.0,36.5,65.36,2.0,1.0,17.35,4.0,10.0,4.9,Month-to-month,Fiber,Bank Transfer,North,1
52.0,30626.0,48.9,61.08,3.0,,19.96,0.0,6.1,18.1,Month-to-month,DSL,Cash,South,0
27.0,29361.0,17.3,128.72,2.0,1.0,5.59,1.0,7.3,12.5,One year,Fiber,Cash,Central,0
29.0,90429.0,15.2,98.92,4.0,0.0,1.0,1.0,2.6,23.5,Month-to-month,Fiber,UPI,Central,1
41.0,103680.0,15.6,85.24,2.0,1.0,23.1,1.0,,11.8,One year,Fiber,AutoPay,Central,0
19.0,52061.0,39.8,84.2,2.0,1.0,23.69,2.0,6.4,13.5,Two year,DSL,Credit Card,North,0
43.0,53911.0,23.9,121.96,1.0,1.0,1.0,1.0,5.6,4.6,Month-to-month,,UPI,West,0
51.0,77913.0,5.1,134.3,2.0,0.0,21.84,0.0,7.6,24.0,One year,5G,Credit Card,Central,1
49.0,67819.0,20.0,89.73,0.0,0.0,11.47,0.0,6.1,0.0,Month-to-month,DSL,Credit Card,South,0
31.0,88657.0,12.0,68.15,0.0,1.0,22.86,4.0,8.3,8.3,Two year,Fiber,Credit Card,West,0
57.0,91246.0,32.0,48.92,25.0,1.0,10.41,1.0,7.1,,Month-to-month,DSL,Credit Card,West,0
46.0,,36.8,40.47,2.0,1.0,6.14,3.0,8.8,14.8,One year,Fiber,UPI,North,0
27.0,,66.2,89.77,2.0,0.0,14.69,5.0,4.3,15.5,Month-to-month,Fiber,Credit Card,South,0
23.0,71977.0,26.6,52.02,2.0,,31.66,2.0,5.8,6.3,Two year,Fiber,,West,0
38.0,42368.0,20.8,114.74,4.0,1.0,35.49,0.0,4.7,13.2,Month-to-month,5G,AutoPay,North,0
38.0,46631.0,3.9,76.85,1.0,1.0,,0.0,7.5,12.0,Two year,5G,Bank Transfer,West,0
47.0,94846.0,24.8,43.08,2.0,0.0,13.91,2.0,8.8,14.4,One year,Fiber,Cash,North,0
35.0,23861.0,7.5,95.4,1.0,1.0,3.51,1.0,6.2,12.5,Month-to-month,Fiber,Cash,East,1
52.0,35401.0,22.1,73.51,2.0,0.0,29.74,1.0,3.3,32.9,Month-to-month,DSL,UPI,South,0
28.0,22845.0,,94.38,1.0,1.0,23.78,0.0,7.8,13.3,One year,Fiber,Cash,North,0
24.0,50876.0,45.3,75.16,0.0,1.0,13.57,1.0,2.4,20.3,,Fiber,Bank Transfer,North,0
35.0,79014.0,12.9,24.51,3.0,1.0,20.23,0.0,6.2,18.6,Two year,DSL,Cash,South,0
41.0,53184.0,27.7,65.48,0.0,4.0,30.99,2.0,8.1,20.7,,DSL,AutoPay,Central,0
25.0,56876.0,23.8,62.04,1.0,2.0,20.06,2.0,10.0,12.7,Two year,Fiber,,North,0
35.0,,42.5,32.38,3.0,1.0,21.05,2.0,5.1,24.5,Two year,Fiber,Cash,East,0
59.0,38223.0,22.3,50.5,3.0,2.0,13.12,2.0,5.0,11.8,One year,Fiber,Cash,East,0
34.0,64005.0,24.8,92.98,0.0,0.0,20.45,0.0,7.9,11.0,Month-to-month,5G,Bank Transfer,South,0
43.0,44994.0,31.2,81.87,,5.0,7.18,5.0,6.5,22.1,One year,None,AutoPay,Central,0
29.0,53651.0,62.7,104.89,5.0,3.0,20.63,1.0,7.3,10.5,Month-to-month,Fiber,UPI,South,0
34.0,40938.0,28.8,62.19,3.0,1.0,21.69,0.0,9.1,7.2,Two year,Fiber,Bank Transfer,West,0
33.0,34129.0,10.0,56.76,1.0,1.0,14.0,1.0,9.3,4.7,One year,,Bank Transfer,South,0
29.0,82448.0,91.1,94.12,1.0,0.0,38.09,1.0,6.9,17.1,Two year,5G,AutoPay,East,0
32.0,91196.0,45.1,76.67,1.0,1.0,11.66,0.0,7.7,3.0,One year,Fiber,UPI,,0
32.0,98016.0,72.0,98.4,3.0,0.0,20.16,1.0,4.6,19.5,One year,5G,AutoPay,West,1
50.0,55136.0,33.8,101.38,1.0,3.0,17.94,3.0,7.4,14.0,Month-to-month,DSL,Credit Card,West,0
43.0,18000.0,33.0,56.28,1.0,,21.49,2.0,1.0,15.8,Month-to-month,5G,UPI,West,1
46.0,63186.0,6.9,117.25,0.0,1.0,15.17,0.0,3.5,22.8,One year,Fiber,Cash,South,1
32.0,52471.0,9.1,36.29,1.0,1.0,15.47,0.0,4.8,10.6,One year,Fiber,AutoPay,Central,1
51.0,32162.0,4.7,35.63,2.0,1.0,19.0,1.0,6.5,27.6,Two year,None,Credit Card,North,0
39.0,54752.0,24.8,154.62,0.0,3.0,27.2,1.0,8.3,,Two year,Fiber,Cash,Central,1
19.0,49136.0,27.6,99.94,2.0,0.0,20.96,2.0,10.0,9.2,One year,Fiber,Credit Card,South,0
0.0,56026.0,72.0,69.57,,0.0,17.69,1.0,5.9,11.6,Two year,5G,AutoPay,West,0
49.0,171752.0,9.7,98.95,1.0,,24.66,1.0,7.1,11.7,Month-to-month,Fiber,Bank Transfer,Central,0
50.0,37866.0,15.2,126.64,1.0,1.0,25.79,1.0,7.5,15.1,Month-to-month,Fiber,Cash,North,0
21.0,35175.0,19.6,,4.0,1.0,24.69,1.0,,19.2,Month-to-month,Fiber,Credit Card,West,0
18.0,123983.0,35.1,67.88,2.0,0.0,25.16,1.0,4.4,17.1,One year,DSL,UPI,West,0
,58882.0,13.9,88.3,1.0,0.0,34.55,1.0,5.9,12.1,One year,Fiber,Cash,Central,0
24.0,40922.0,20.4,39.55,1.0,0.0,23.37,2.0,9.1,13.5,Month-to-month,Fiber,Bank Transfer,North,0
26.0,59648.0,28.8,70.0,0.0,1.0,19.3,0.0,4.9,16.0,Month-to-month,5G,AutoPay,North,0
41.0,62198.0,29.8,98.58,4.0,2.0,17.28,3.0,8.2,4.6,One year,DSL,UPI,South,1
19.0,117159.0,33.2,81.48,4.0,2.0,7.19,1.0,7.7,11.6,Two year,5G,UPI,East,0
37.0,129430.0,18.1,59.07,6.0,1.0,15.71,1.0,8.9,23.2,Month-to-month,5G,UPI ,North,0
40.0,81690.0,36.9,50.87,4.0,0.0,14.99,,5.8,0.8,Month-to-month,DSL,Cash,East,0
42.0,23955.0,17.7,106.73,5.0,1.0,12.38,0.0,1.0,18.4,One year,Fiber,AutoPay,North,1
35.0,36506.0,22.1,102.82,2.0,1.0,,2.0,,3.6,Month-to-month,Fiber,Cash,West,0
33.0,24699.0,17.9,30.43,2.0,1.0,23.76,2.0,8.9,3.9,,Fiber,Cash,East,0
35.0,49527.0,20.7,34.98,0.0,4.0,26.58,2.0,7.0,1.3,Two year,Fiber,Cash,North,0
31.0,53222.0,33.2,87.11,2.0,5.0,24.82,5.0,7.6,11.6,One year,Fiber,UPI,South,1
44.0,40992.0,38.8,,4.0,2.0,17.4,0.0,5.5,7.7,Month-to-month,Fiber,Bank Transfer,East,0
48.0,58220.0,9.1,,0.0,2.0,24.17,1.0,5.0,16.3,One year,Fiber,Cash,West,0
34.0,85463.0,70.7,66.06,0.0,2.0,3.01,0.0,,0.0,One year,DSL,UPI,Central,0
43.0,138850.0,43.2,80.39,2.0,0.0,13.17,0.0,8.3,9.4,Month-to-month,Fiber,Bank Transfer,East,0
,133583.0,15.7,45.0,2.0,1.0,31.8,1.0,6.9,,Two year,DSL,Credit Card,Central,0
145.0,36948.0,14.5,86.76,0.0,2.0,,,5.9,1.4,Month-to-month,DSL,AutoPay,West,1
43.0,27010.0,19.5,63.89,4.0,0.0,23.19,1.0,5.9,1.4,One year,Fiber,Bank Transfer,East,0
31.0,51442.0,33.5,72.53,0.0,,13.31,0.0,7.7,8.8,Month-to-month,5G,UPI,East,0
40.0,74175.0,41.0,43.4,2.0,1.0,13.97,1.0,8.3,11.8,Month-to-month,Fiber,UPI,,0
26.0,18000.0,46.9,81.25,,0.0,21.14,0.0,7.5,14.6,One year,DSL,Cash,South,0
28.0,94862.0,26.2,72.66,0.0,0.0,20.4,2.0,4.7,0.0,Month-to-month,DSL,UPI,Central,0
54.0,55923.0,48.4,115.58,1.0,1.0,19.25,3.0,7.1,14.7,Month-to-month,5G,,,1
54.0,68933.0,9.0,55.32,3.0,2.0,17.62,4.0,4.1,5.4,One year,5G,Credit Card,East,1
26.0,38197.0,23.1,61.18,1.0,0.0,19.97,1.0,3.7,7.1,Month-to-month,Fiber,Bank Transfer,West,0
33.0,49457.0,21.0,57.51,7.0,1.0,20.18,1.0,6.9,19.6,Month-to-month,Fiber,Bank Transfer,West,0
33.0,52022.0,10.3,94.83,1.0,1.0,28.92,0.0,7.2,6.0,One year,Fiber,UPI,North,0
35.0,,33.9,103.54,0.0,3.0,,1.0,6.5,30.0,One year,Fiber,Cash,North,0
42.0,128007.0,17.0,20.0,0.0,0.0,28.65,0.0,7.5,14.4,One year,None,AutoPay,East,0
55.0,37567.0,6.8,63.58,1.0,1.0,14.89,3.0,,14.6,Two year,None,AutoPay,South,1
36.0,57278.0,69.6,103.19,0.0,1.0,13.34,1.0,8.9,18.3,Month-to-month,Fiber,Bank Transfer,South,0
30.0,22246.0,14.1,61.82,0.0,2.0,20.77,3.0,7.8,20.6,Month-to-month,Fiber,AutoPay,West,1
42.0,81531.0,31.2,104.8,2.0,2.0,22.95,0.0,6.7,13.3,Month-to-month,Fiber,Credit Card,East,0
30.0,39079.0,19.2,109.72,2.0,1.0,10.01,0.0,5.9,8.9,One year,Fiber,Bank Transfer,West,1
36.0,,23.5,62.58,7.0,2.0,12.71,3.0,5.6,32.4,One year,Fiber,Credit Card,South,0
41.0,55624.0,,,1.0,1.0,20.43,0.0,7.9,14.6,Two year,Fiber,Cash,North,0
,57399.0,34.4,61.7,1.0,3.0,7.42,1.0,4.8,24.5,One year,5G,Bank Transfer,North,1
18.0,28215.0,8.0,51.57,3.0,0.0,4.78,1.0,5.9,24.6,Two year,DSL,Cash,West,0
43.0,76857.0,38.9,66.96,4.0,,17.61,1.0,5.9,15.9,Month-to-month,DSL,Bank Transfer,Central,0
20.0,53229.0,5.7,47.92,2.0,1.0,13.43,4.0,10.0,0.0,Month-to-month,Fiber,AutoPay,West,0
31.0,107269.0,11.8,72.93,,2.0,19.86,0.0,10.0,5.0,Month-to-month,None,Cash,West,0
31.0,55812.0,22.6,109.66,2.0,1.0,9.75,1.0,7.4,16.9,Month-to-month,DSL,Bank Transfer,North,1
28.0,131077.0,13.7,61.37,3.0,0.0,7.9,0.0,4.2,9.2,Two year,Fiber,Bank Transfer,Central,1
58.0,,40.5,79.05,0.0,4.0,26.47,2.0,7.2,14.7,Month-to-month,None,Bank Transfer,,0
19.0,36762.0,24.2,87.36,2.0,2.0,17.53,1.0,8.4,8.4,One year,Fiber,,East,0
31.0,74636.0,20.2,136.8,3.0,1.0,8.88,1.0,4.6,8.6,Month-to-month,Fiber,Credit Card,North,1
33.0,67121.0,12.1,108.6,5.0,0.0,28.42,2.0,5.7,0.0,Month-to-month,DSL,Credit Card,East,0
20.0,44064.0,6.9,49.76,3.0,1.0,25.1,2.0,7.6,15.7,One year,DSL,Bank Transfer,,0
43.0,67540.0,12.6,90.02,3.0,,3.61,,5.0,27.6,Month-to-month,Fiber,Credit Card,East,1
48.0,133941.0,35.8,34.04,3.0,1.0,15.16,3.0,5.8,12.8,One year,Fiber,AutoPay,East,1
36.0,55271.0,27.6,42.33,3.0,0.0,7.21,,7.3,10.1,Two year,Fiber,Bank Transfer,West,0
37.0,35995.0,19.2,92.88,2.0,2.0,5.67,3.0,7.5,5.8,Month-to-month,Fiber,Credit Card,East,0
43.0,147265.0,30.6,101.08,,2.0,6.16,1.0,,10.5,Two year,,UPI,East,1
47.0,,22.2,67.66,3.0,2.0,21.03,3.0,8.8,11.7,Two year,None,Credit Card,Central,0
28.0,47763.0,27.9,84.28,2.0,1.0,16.53,1.0,5.9,19.9,Month-to-month,5G,AutoPay,West,1
43.0,46008.0,,109.18,4.0,0.0,,4.0,7.9,0.0,Month-to-month,Fiber,Cash,Central,1
31.0,121426.0,23.2,91.53,2.0,1.0,19.79,2.0,5.4,7.6,Two year,DSL,UPI,,0
42.0,122239.0,45.9,66.29,3.0,2.0,21.76,0.0,2.4,9.3,One year,DSL,AutoPay,West,0
18.0,42806.0,14.7,105.65,8.0,0.0,19.16,1.0,9.9,17.4,,Fiber,UPI,South,0
22.0,26257.0,14.1,96.91,4.0,1.0,2.1,0.0,5.2,11.8,One year,Fiber,Cash,South,1
36.0,119519.0,15.7,63.6,3.0,1.0,21.27,0.0,6.6,22.4,One year,DSL,Bank Transfer,East,1
47.0,48361.0,23.2,116.04,1.0,0.0,20.54,1.0,7.5,0.0,Month-to-month,DSL,Cash,West,1
43.0,35997.0,25.9,68.35,2.0,0.0,25.84,2.0,6.7,17.5,Month-to-month,Fiber,Cash,East,1
40.0,80165.0,60.6,106.58,,4.0,17.27,0.0,10.0,12.3,Two year,DSL,Credit Card,North,0
50.0,28403.0,19.5,75.44,3.0,0.0,7.2,3.0,6.7,2.9,Month-to-month,None,UPI,East,0
47.0,72054.0,46.4,111.01,5.0,1.0,21.7,1.0,10.0,7.9,One year,5G,AutoPay,,0
21.0,95019.0,14.7,63.55,4.0,2.0,14.67,2.0,4.9,5.5,Month-to-month,DSL,Cash,South,0
49.0,20867.0,88.2,119.01,0.0,1.0,3.01,1.0,6.9,20.1,One year,Fiber,UPI,,0
45.0,92454.0,36.0,64.69,5.0,4.0,15.39,2.0,6.0,19.4,Month-to-month,5G,AutoPay,West,1
43.0,30301.0,35.4,118.78,3.0,3.0,11.99,0.0,6.1,13.8,One year,Fiber,Cash,East,1
34.0,34963.0,14.8,90.63,2.0,,19.17,1.0,6.2,19.8,One year,Fiber,UPI,North,1
23.0,25560.0,13.3,64.05,2.0,4.0,15.13,1.0,3.8,11.3,Month-to-month,DSL,,South,1
29.0,46486.0,43.2,96.29,2.0,1.0,24.56,1.0,4.9,4.3,One year,Fiber,AutoPay,East,1
34.0,91492.0,9.1,35.31,4.0,2.0,27.63,3.0,2.6,12.0,Month-to-month,None,Credit Card,Central,0
46.0,46927.0,28.5,48.79,1.0,1.0,16.11,4.0,7.7,3.8,Month-to-month,5G,Credit Card,East,1
28.0,173975.0,45.1,52.53,2.0,1.0,28.83,1.0,9.3,22.4,Two year,Fiber,UPI,South,0
70.0,31098.0,44.1,88.27,2.0,1.0,18.76,2.0,8.7,18.5,One year,None,Bank Transfer,Central,1
50.0,90260.0,25.9,96.73,2.0,0.0,21.05,0.0,8.7,4.5,,DSL,Bank Transfer,Central,0
,87985.0,17.7,37.12,1.0,0.0,9.79,1.0,6.0,13.1,Month-to-month,None,Bank Transfer,Central,1
18.0,18000.0,29.3,87.77,1.0,0.0,26.93,2.0,7.5,13.0,Month-to-month,DSL,AutoPay,West,0
52.0,29572.0,11.9,61.47,6.0,2.0,9.94,2.0,4.3,10.6,Month-to-month,Fiber,Cash,North,0
27.0,81340.0,26.1,93.36,3.0,2.0,26.56,1.0,5.0,22.6,Two year,Fiber,Bank Transfer,Central,0
49.0,34401.0,19.0,78.01,4.0,0.0,15.7,3.0,4.9,11.7,,None,AutoPay,Central,1
47.0,48904.0,47.2,61.44,4.0,,15.98,6.0,1.5,19.7,Month-to-month,Fiber,UPI,West,1
,93777.0,42.2,44.47,0.0,0.0,4.16,0.0,4.1,0.3,Month-to-month,Fiber,Cash,Central,0
34.0,45744.0,51.0,95.28,2.0,,29.72,1.0,8.3,5.1,One year,DSL,UPI, SOUTH,0
48.0,53538.0,5.3,76.64,2.0,2.0,1.0,1.0,9.2,16.2,Two year,DSL,AutoPay,North,0
40.0,135762.0,13.6,86.21,3.0,,27.07,1.0,8.5,15.0,One year,DSL,UPI,East,0
49.0,34095.0,21.4,46.86,2.0,2.0,21.3,,5.3,16.0,Month-to-month,Fiber,UPI,South,1
33.0,82579.0,12.0,53.99,1.0,1.0,26.78,3.0,6.2,16.9,month-to-month,Fiber,UPI,North,0
53.0,56622.0,20.0,65.51,1.0,1.0,22.49,2.0,6.2,13.3,Two year,5G,Credit Card,South,0
,101889.0,38.0,75.7,3.0,0.0,17.62,1.0,4.2,14.9,Month-to-month,5G,Bank Transfer,Central,0
32.0,49137.0,19.9,88.61,4.0,0.0,19.37,0.0,5.8,15.2,Two year,DSL,Credit Card,West,0
32.0,46966.0,,73.81,1.0,1.0,24.21,1.0,6.1,13.5,One year,None,Credit Card,West,0
46.0,35454.0,7.5,127.26,1.0,1.0,16.2,2.0,7.3,4.3,One year,Fiber,UPI,South,1
33.0,23028.0,14.1,63.07,4.0,,20.83,2.0,8.9,10.5,Two year,None,Bank Transfer,West,0
41.0,65710.0,15.7,78.69,,2.0,26.58,1.0,4.6,16.9,Two year,Fiber,UPI,South,1
31.0,46688.0,38.7,67.48,4.0,1.0,14.39,2.0,6.2,3.7,Month-to-month,5G,Cash,Central,0
26.0,65276.0,25.9,47.26,2.0,2.0,20.84,1.0,5.7,7.8,Month-to-month,Fiber,UPI,South,0
42.0,55375.0,36.0,59.48,1.0,0.0,8.01,1.0,3.8,24.5,One year,5G,Bank Transfer,North,0
30.0,,10.4,79.87,2.0,3.0,14.07,1.0,,12.8,Month-to-month,DSL,UPI,East,1
38.0,211161.0,8.6,103.64,4.0,2.0,17.49,1.0,9.2,16.3,month-to-month,Fiber,Cash,North,0
44.0,52592.0,7.2,44.82,1.0,1.0,20.96,2.0,3.9,6.3,One year,None,UPI,Central,0
24.0,52128.0,14.1,93.06,3.0,2.0,5.83,0.0,,19.0,Month-to-month,Fiber,AutoPay,North,0
25.0,41078.0,49.2,82.96,2.0,1.0,15.51,0.0,10.0,18.9,Month-to-month,Fiber,Credit Card,West,0
38.0,66254.0,27.7,94.78,,1.0,14.77,1.0,4.9,0.0,Month-to-month,Fiber,AutoPay,East,0
49.0,45955.0,19.7,110.74,4.0,0.0,7.03,1.0,5.3,13.9,Two year,DSL,AutoPay,East,1
19.0,30483.0,21.9,73.08,2.0,4.0,8.45,1.0,4.7,19.3,One year,DSL,Bank Transfer,North,0
29.0,77077.0,34.0,65.67,,2.0,12.52,1.0,7.0,8.1, MONTH-TO-MONTH ,Fiber,Credit Card,South,0
22.0,87285.0,53.4,42.85,3.0,1.0,9.77,1.0,5.1,14.2,One year,Fiber,Cash,West,0
52.0,39418.0,23.8,150.47,1.0,1.0,21.84,3.0,7.2,0.0,One year,5G,Cash,North,1
50.0,84632.0,8.5,102.42,,2.0,16.37,2.0,8.5,15.7,Month-to-month,Fiber,AutoPay,East,1
21.0,,15.8,72.6,3.0,2.0,29.86,0.0,5.3,0.0,Month-to-month,Fiber,AutoPay,North,0
18.0,63815.0,34.5,86.74,1.0,4.0,27.43,0.0,,0.0,,Fiber,Cash,South,0
41.0,67693.0,25.2,68.76,5.0,0.0,,0.0,8.2,24.9,One year,Fiber,UPI,,0
41.0,18000.0,18.2,,3.0,0.0,3.82,2.0,7.3,18.4,Month-to-month,5G,AutoPay,South,0
26.0,19641.0,12.2,73.64,2.0,0.0,11.47,0.0,7.3,6.2,Month-to-month,Fiber,UPI,North,0
45.0,21773.0,41.4,82.59,2.0,3.0,16.74,1.0,6.1,2.9,Month-to-month,5G,Bank Transfer,East,0
52.0,50071.0,59.9,66.83,4.0,1.0,19.96,5.0,7.1,10.1,Month-to-month,None,AutoPay,south ,0
45.0,118229.0,30.9,37.7,2.0,0.0,10.26,1.0,5.5,5.8,One year,Fiber,Bank Transfer,North,0
34.0,85186.0,13.6,43.45,3.0,1.0,30.77,3.0,5.1,7.3, MONTH-TO-MONTH ,DSL,,North,0
27.0,98053.0,20.3,77.93,4.0,1.0,30.22,0.0,,7.1,Month-to-month,5G,UPI,West,0
64.0,43694.0,11.9,71.99,1.0,0.0,16.39,3.0,8.2,14.0,Month-to-month,Fiber,AutoPay,South,1
43.0,23446.0,29.4,109.26,2.0,0.0,28.78,2.0,10.0,13.1,Month-to-month,None,Credit Card,East,0
32.0,74697.0,32.2,42.08,1.0,3.0,14.98,3.0,7.4,0.0,Month-to-month,Fiber,Credit Card,Central,0
57.0,89426.0,20.7,113.45,5.0,1.0,26.63,,10.0,10.2,Month-to-month,None,Cash,Central,0
44.0,24381.0,21.0,130.34,2.0,1.0,31.31,0.0,5.5,3.4,One year,None,AutoPay,East,0
49.0,39922.0,18.2,38.79,4.0,1.0,15.5,1.0,5.6,13.4,One year,,Cash,West,0
42.0,101644.0,15.6,92.32,2.0,0.0,8.4,1.0,5.6,16.9,One year,5G,AutoPay,West,0
53.0,27480.0,19.7,32.3,3.0,0.0,1.0,1.0,9.4,27.4,Month-to-month,5G,Credit Card,East,0
44.0,157624.0,17.2,90.09,1.0,1.0,10.31,1.0,7.9,9.2,One year,Fiber,AutoPay,North,0
45.0,125972.0,13.2,74.66,2.0,1.0,27.18,2.0,7.0,13.3,Two year,Fiber,Credit Card,South,0
34.0,57199.0,71.0,92.37,2.0,2.0,28.43,4.0,4.5,16.4,Month-to-month,5G,Bank Transfer,,0
,79378.0,22.8,82.11,2.0,0.0,18.13,0.0,6.7,23.2,One year,DSL,Cash,Central,0
28.0,71007.0,24.8,45.55,4.0,0.0,7.74,2.0,5.8,7.0,Two year,5G,Credit Card,West,0
33.0,74350.0,67.5,44.17,0.0,1.0,,1.0,8.0,18.2,Month to Month,DSL,AutoPay,West,0
36.0,65726.0,31.3,74.76,1.0,0.0,22.9,1.0,4.5,26.2,Two year,Fiber,AutoPay,Central,0
38.0,40864.0,30.5,75.79,1.0,3.0,4.97,1.0,3.6,2.1,One year,Fiber,Credit Card,North,0
40.0,28473.0,31.9,83.38,1.0,,21.9,1.0,5.7,13.0,Month-to-month,Fiber,AutoPay,West,1
48.0,82755.0,35.3,850.0,2.0,2.0,28.25,1.0,5.7,15.5,One year,DSL,AutoPay,West,0
34.0,61419.0,1.8,52.33,3.0,2.0,8.92,1.0,9.2,3.8,Two year,DSL,,North,0
26.0,61689.0,18.8,52.88,4.0,1.0,6.97,1.0,7.8,7.0,One year,5G,AutoPay,West,0
33.0,54383.0,17.5,94.23,1.0,0.0,26.16,3.0,6.7,16.4,One year,5G,Cash,Central,0
,33300.0,25.9,65.69,2.0,0.0,24.8,1.0,7.5,12.3,,None,Cash,Central,0
47.0,56060.0,19.0,65.14,1.0,,17.56,,5.3,28.1,One year,Fiber,Cash,East,0
28.0,74395.0,8.1,72.33,2.0,0.0,12.69,2.0,7.9,20.9,,Fiber,AutoPay,West,0
18.0,49523.0,15.1,66.55,1.0,0.0,25.71,2.0,4.8,12.8,One year,Fiber,AutoPay,North,0
24.0,105927.0,6.8,67.24,3.0,0.0,19.81,0.0,6.9,7.6,Month-to-month,fiber,Bank Transfer,Central,0
31.0,135850.0,60.0,104.07,3.0,2.0,18.74,1.0,6.0,22.8,Month-to-month,DSL,Credit Card,East,0
44.0,82931.0,4.8,96.28,2.0,1.0,18.73,1.0,6.5,16.4,Month-to-month,Fiber,AutoPay,South,1
18.0,79600.0,36.2,73.11,1.0,0.0,30.19,1.0,7.6,2.1,Month-to-month,Fiber,Bank Transfer,Central,0
29.0,25708.0,14.2,,6.0,1.0,14.8,1.0,,10.8,Month-to-month,Fiber,AutoPay,North,0
42.0,,17.2,75.78,3.0,1.0,20.27,1.0,2.7,15.2,Month-to-month,Fiber,Cash,East,0
36.0,45993.0,26.9,108.06,1.0,1.0,16.43,1.0,5.5,12.4,Month-to-month,DSL,Cash,West,0
47.0,109705.0,24.8,67.71,2.0,1.0,28.14,2.0,7.5,12.5,Two year,5G,AutoPay,North,0
26.0,49240.0,42.2,31.08,6.0,1.0,9.57,,6.2,5.7, MONTH-TO-MONTH ,Fiber,Credit Card,North,0
22.0,53286.0,45.5,126.08,3.0,1.0,17.26,1.0,9.3,22.4,One year,None,Bank Transfer,Central,1
39.0,31153.0,58.2,75.24,3.0,0.0,21.9,2.0,5.9,0.0,Month-to-month,Fiber,Bank Transfer,North,0
36.0,22444.0,35.2,104.55,1.0,2.0,29.41,2.0,4.5,4.8,Month-to-month,Fiber,UPI,East,1
23.0,33437.0,15.4,69.62,1.0,3.0,3.07,1.0,5.8,9.9,Two year,Fiber,UPI,West,0
57.0,29663.0,15.9,127.36,1.0,0.0,29.62,1.0,9.0,27.7,Month-to-month,DSL,Cash,East,1
41.0,85419.0,41.6,104.64,1.0,3.0,18.36,1.0,5.6,14.1,One year,None,AutoPay,East,0
51.0,75101.0,39.3,76.16,2.0,0.0,11.66,1.0,5.6,7.3,One year,,UPI,West,0
32.0,144494.0,42.6,86.9,1.0,2.0,1.0,1.0,4.7,20.2,One year,DSL,Credit Card,Central,0
7.0,59312.0,25.1,62.39,4.0,2.0,,0.0,2.3,0.0,One year,,Cash,East,1
38.0,117651.0,36.7,67.57,2.0,1.0,13.91,0.0,6.1,16.7,Month-to-month,Fiber,AutoPay,Central,0
48.0,43661.0,45.3,129.35,2.0,1.0,13.32,2.0,5.7,0.0,One year,DSL,UPI,West,0
18.0,21274.0,43.4,48.35,5.0,1.0,9.56,4.0,7.3,29.5,One year,None,Cash,Central,0
34.0,48356.0,27.1,58.82,2.0,0.0,12.46,2.0,10.0,13.3,Month-to-month,Fiber,UPI,East,0
32.0,188493.0,17.9,600.0,3.0,1.0,26.5,1.0,7.7,25.6,Month to Month,Fiber,UPI,South,0
39.0,101940.0,52.8,135.24,3.0,0.0,24.55,0.0,7.4,,Month-to-month,5G,Cash,South,0
29.0,18000.0,38.2,91.9,2.0,0.0,24.51,1.0,6.1,10.8,,DSL,Bank Transfer,South,0
33.0,30499.0,23.4,28.86,1.0,0.0,9.64,0.0,9.5,,Two year,5G,,West,0
27.0,30261.0,31.5,63.95,3.0,0.0,,1.0,6.5,24.2,Two year,Fiber,AutoPay,North,0
32.0,26286.0,31.7,56.43,2.0,0.0,22.17,0.0,4.9,21.1,Month-to-month,Fiber,Credit Card,West,0
46.0,105247.0,21.1,97.51,1.0,1.0,13.92,,4.8,8.1,One year,5G,Credit Card,North,1
46.0,218455.0,13.4,73.55,1.0,2.0,22.28,3.0,8.8,9.2,Month-to-month,DSL,Credit Card,East,0
40.0,107279.0,23.2,82.63,1.0,0.0,31.84,0.0,9.2,22.9,Month-to-month,Fiber,Cash,East,0
3.0,47706.0,38.4,99.84,3.0,1.0,20.78,,6.4,11.5,,None,AutoPay,West,0
43.0,48851.0,,,1.0,1.0,18.29,,6.2,8.6,Two year,DSL,Bank Transfer,,0
44.0,54585.0,10.3,117.86,3.0,3.0,26.63,,7.5,9.3,Month-to-month,5G,AutoPay,Central,1
41.0,48333.0,11.2,85.17,2.0,0.0,24.17,3.0,8.7,11.7,Month-to-month,,UPI,North,1
30.0,77403.0,20.2,103.95,2.0,0.0,17.94,2.0,5.4,,Two year,5G,AutoPay,South,0
48.0,47567.0,37.9,40.59,4.0,0.0,12.59,2.0,7.0,24.8,Month-to-month,Fiber,Bank Transfer,Central,0
40.0,18000.0,9.3,95.56,1.0,,5.16,0.0,5.8,,Two year,Fiber,Bank Transfer,Central,1
38.0,124923.0,2.2,51.22,4.0,1.0,18.09,1.0,,14.1,One year,DSL,AutoPay,South,0
35.0,18000.0,51.4,72.8,1.0,1.0,12.06,1.0,6.5,13.7,,None,AutoPay,East,0
28.0,76278.0,15.5,82.96,3.0,1.0,27.21,2.0,4.5,24.8,Two year,Fiber,Bank Transfer,South,0
31.0,132054.0,44.9,102.63,1.0,3.0,17.21,,4.1,22.9,Month-to-month,Fiber,Cash,East,0
19.0,69326.0,4.1,65.39,0.0,2.0,30.06,2.0,6.3,13.2,Month-to-month,fiber,Cash,South,1
48.0,51918.0,16.6,88.38,,2.0,20.22,2.0,4.9,4.1,Month-to-month,DSL,Bank Transfer,South,1
35.0,24340.0,18.4,94.42,,2.0,22.4,1.0,8.1,,Two year,Fiber,AutoPay,Central,0
42.0,18000.0,43.7,45.81,2.0,5.0,32.74,1.0,5.3,5.1,Month-to-month,Fiber,Credit Card,Central,0
29.0,69300.0,59.3,31.03,2.0,1.0,19.29,,3.2,17.5,Month-to-month,Fiber,UPI,South,0
36.0,78788.0,7.2,120.97,3.0,1.0,17.71,,3.4,18.5,One year,DSL,Credit Card,south ,1
38.0,60411.0,21.7,57.45,1.0,2.0,14.74,2.0,2.5,8.7,Month-to-month,DSL,Credit Card,,1
38.0,27464.0,41.4,47.62,1.0,1.0,26.18,0.0,5.5,20.1,Month-to-month,DSL,Credit Card,South,0
41.0,83529.0,31.9,52.17,1.0,0.0,3.48,1.0,7.8,0.0,One year,DSL,AutoPay,North,0
35.0,32379.0,51.3,112.47,2.0,1.0,7.23,0.0,4.5,17.3,Month-to-month,5G,UPI,North,0
37.0,43750.0,,108.83,4.0,0.0,6.93,1.0,7.5,0.0,One year,Fiber,Cash,West,0
31.0,79550.0,48.5,106.33,4.0,0.0,15.97,1.0,8.5,7.7,Month-to-month,Fiber,Credit Card,South,0
41.0,50935.0,21.1,93.91,2.0,1.0,,,5.4,3.5,One year,Fiber,Credit Card,North,0
41.0,210943.0,12.9,85.34,3.0,0.0,23.55,2.0,6.2,18.3,Month-to-month,Fiber,Bank Transfer,East,0
35.0,70564.0,26.3,118.24,2.0,2.0,22.6,1.0,9.8,20.4,Two year,None,AutoPay,Central,0
54.0,41011.0,28.2,53.58,1.0,2.0,,0.0,5.2,8.7,,Fiber,AutoPay,South,0
36.0,47557.0,26.7,58.12,5.0,0.0,10.88,1.0,8.0,19.7,One year,DSL,Credit Card,South,0
57.0,55572.0,39.4,80.31,,1.0,11.98,1.0,4.4,12.2,Month-to-month,5G,Cash,East,0
56.0,97762.0,24.9,85.8,2.0,0.0,17.95,1.0,6.2,30.0,Month-to-month,5G,Cash,North,0
23.0,,26.8,70.66,1.0,1.0,20.42,2.0,7.3,6.5,Month-to-month,5G,Cash,East,0
18.0,30455.0,25.5,91.28,3.0,1.0,,0.0,4.4,17.3,One year,Fiber,Cash,South,0
18.0,41220.0,23.8,66.33,4.0,1.0,16.01,2.0,4.2,27.2,Two year,5G,Bank Transfer,Central,0
18.0,58688.0,26.6,67.67,2.0,1.0,11.36,0.0,3.0,0.0,Two year,Fiber,Credit Card,Central,1
25.0,42286.0,24.1,850.0,0.0,,12.93,1.0,,12.9,Month-to-month,DSL,Bank Transfer,,0
44.0,26000.0,13.5,75.6,2.0,4.0,34.91,1.0,3.8,10.8,One year,None,Cash,South,0
-5.0,20730.0,18.1,33.2,0.0,1.0,18.88,,8.6,15.0,One year,5G,UPI,West,0
18.0,59792.0,34.8,115.06,1.0,1.0,19.62,1.0,2.7,20.2,Month-to-month,Fiber,UPI,,1
35.0,48605.0,19.2,90.33,4.0,1.0,17.31,0.0,6.2,0.2,Month-to-month,Fiber,AutoPay,South,1
51.0,,24.7,73.69,2.0,0.0,15.08,,7.0,3.9,One year,Fiber,Bank Transfer,South,0
44.0,99737.0,,104.9,1.0,2.0,16.86,0.0,7.8,16.1,Two year,Fiber,Cash,South,0
34.0,27873.0,34.0,93.15,2.0,0.0,26.42,0.0,6.8,1.2,Month-to-month,Fiber,Cash,East,0
26.0,59855.0,39.0,,3.0,3.0,24.6,2.0,7.1,31.6,Month-to-month,Fiber,UPI,North,1
39.0,30295.0,39.6,136.4,,3.0,21.83,1.0,6.5,13.2,Month-to-month,,UPI,Central,0
20.0,63722.0,22.8,999.0,3.0,,,3.0,4.9,30.5,One year,Fiber,AutoPay,North,0
56.0,40265.0,36.3,63.4,2.0,1.0,30.33,1.0,7.5,4.0,Month-to-month,Fiber,,North,0
33.0,57240.0,24.1,49.1,1.0,1.0,27.12,0.0,7.0,,Two year,Fiber,Bank Transfer,West,0
49.0,69331.0,18.3,31.7,3.0,3.0,1.0,0.0,5.1,0.0,Month-to-month,DSL,Bank Transfer,North,1
29.0,88006.0,3.9,83.37,3.0,1.0,35.4,1.0,4.9,12.1,Month-to-month,Fiber,Cash,South,1
,133730.0,67.5,108.06,4.0,3.0,23.64,0.0,7.1,3.0,One year,,Cash,Central,0
45.0,35181.0,71.6,59.68,0.0,0.0,18.7,0.0,6.3,0.8,Month-to-month,DSL,UPI,West,0
48.0,76469.0,25.5,24.68,2.0,1.0,33.53,1.0,7.9,12.3,One year,,Bank Transfer,North,0
31.0,109706.0,38.3,70.57,2.0,1.0,19.45,3.0,5.6,18.7,One year,5G,Bank Transfer,Central,0
18.0,71663.0,38.6,77.39,0.0,1.0,32.29,1.0,7.2,7.4,Month-to-month,Fiber,Bank Transfer,East,0
19.0,18000.0,41.0,68.43,3.0,0.0,14.06,1.0,3.0,11.9,Month-to-month,DSL,Cash,Central,0
43.0,168791.0,12.4,64.27,3.0,1.0,8.42,3.0,5.2,15.0,Two year,DSL,AutoPay,North,0
40.0,,40.0,124.85,1.0,0.0,17.07,2.0,7.2,9.4,One year,5G,AutoPay,West,1
39.0,43183.0,25.4,92.9,2.0,0.0,13.89,4.0,7.2,0.0,One year,Fiber,Bank Transfer,Central,1
42.0,57446.0,23.1,38.0,2.0,,20.25,0.0,6.3,2.9,One year,5G,Bank Transfer,South,0
55.0,35031.0,49.3,69.5,2.0,0.0,15.03,2.0,8.6,,One year,Fiber,Credit Card,North,0
22.0,36029.0,7.5,32.57,4.0,2.0,33.73,1.0,,25.3,One year,DSL,AutoPay,East,0
51.0,96136.0,21.3,58.63,2.0,2.0,1.0,0.0,7.3,20.7,One year,DSL,UPI,North,1
45.0,,18.0,68.87,5.0,0.0,16.99,1.0,6.2,9.2,Month-to-month,Fiber,Credit Card,South,0
43.0,98770.0,16.4,116.99,4.0,2.0,26.16,0.0,5.1,,Two year,Fiber,UPI,Central,0
18.0,83762.0,40.5,106.65,2.0,1.0,25.61,0.0,6.3,13.2,One year,Fiber,AutoPay,East,0
43.0,79637.0,41.4,95.66,0.0,3.0,19.92,0.0,4.3,22.2,Month-to-month,DSL,UPI,Central,0
,103654.0,44.0,42.41,0.0,2.0,9.37,4.0,8.2,20.8,Month-to-month,DSL,AutoPay,North,1
34.0,43230.0,11.5,104.36,1.0,0.0,19.85,1.0,4.1,18.6,Month-to-month,DSL,AutoPay,West,0
38.0,94719.0,22.0,73.04,2.0,,23.02,2.0,5.9,11.9,Month-to-month,DSL,Bank Transfer,Central,0
48.0,,15.8,45.42,2.0,0.0,10.89,1.0,,6.5,One year,Fiber,UPI,West,0
28.0,81281.0,25.7,62.42,2.0,1.0,10.55,1.0,4.0,20.6,Month-to-month,Fiber,Credit Card,South,0
41.0,18000.0,12.0,97.42,5.0,3.0,28.11,2.0,8.3,10.6,,,UPI,South,1
27.0,26929.0,25.8,77.92,5.0,0.0,9.06,,6.1,23.1,One year,Fiber,UPI,North,0
44.0,36749.0,40.7,42.34,2.0,1.0,21.89,1.0,8.4,13.2,One year,Fiber,Credit Card,West,0
42.0,38221.0,58.9,80.4,7.0,2.0,17.39,2.0,5.5,6.7,Month-to-month,DSL,UPI,West,1
25.0,67037.0,9.2,117.78,1.0,1.0,18.05,4.0,6.8,16.5,Month-to-month,Fiber,Cash,North,1
43.0,38782.0,30.0,63.26,1.0,0.0,2.0,4.0,6.1,18.8,Two year,Fiber,UPI,Central,0
32.0,39532.0,21.4,131.29,3.0,1.0,20.73,0.0,9.6,18.6,One year,Fiber,Cash,East,0
29.0,20893.0,7.8,78.79,2.0,0.0,20.24,0.0,5.5,11.1,Month-to-month,DSL,UPI,South,0
38.0,25911.0,27.3,88.8,,1.0,17.69,1.0,6.1,13.4,One year,DSL,UPI,,0
40.0,57984.0,20.1,91.9,3.0,0.0,33.31,2.0,,11.0,,Fiber,AutoPay,East,1
30.0,55727.0,4.5,100.65,5.0,0.0,10.12,1.0,5.3,18.8,Month-to-month,Fiber,,south ,0
,39864.0,54.4,87.68,3.0,0.0,17.86,2.0,7.6,1.6,Month-to-month,DSL,Bank Transfer,West,0
33.0,57522.0,60.6,74.68,1.0,2.0,26.49,0.0,4.5,15.5,Month-to-month,5G,Cash,East,0
37.0,147700.0,12.1,58.44,2.0,0.0,17.31,,6.2,0.0,Month-to-month,None,UPI,East,0
38.0,133270.0,24.2,,1.0,2.0,18.53,0.0,6.7,8.3,Month-to-month,None,UPI,South,0
42.0,38877.0,35.5,106.36,4.0,1.0,14.84,1.0,7.3,,Month-to-month,Fiber,AutoPay,East,0
33.0,72115.0,13.4,59.02,1.0,0.0,4.16,1.0,6.2,15.8,Month-to-month,None,AutoPay,North,0
,19943.0,16.2,120.12,3.0,,37.73,0.0,5.5,10.1,One year,5G,Bank Transfer,West,0
41.0,54094.0,17.7,48.79,2.0,0.0,21.7,3.0,5.8,8.7,Month-to-month,Fiber,UPI,West,0
41.0,86961.0,47.6,,4.0,3.0,40.21,5.0,5.6,17.7,Month-to-month,Fiber,UPI,Central,1
37.0,20372.0,53.4,66.42,0.0,2.0,16.27,2.0,5.6,29.2,Two year,Fiber,AutoPay,West,0
47.0,95249.0,11.1,77.6,35.0,3.0,17.7,3.0,8.7,16.3,One year,5G,Bank Transfer,North,0
30.0,64826.0,25.2,103.65,3.0,2.0,23.55,0.0,6.1,11.1,Month-to-month,,Bank Transfer,West,0
44.0,42866.0,28.9,74.76,,1.0,21.95,1.0,5.6,9.8,One year,5G,Credit Card,North,0
58.0,63159.0,27.1,119.98,3.0,2.0,23.15,2.0,4.8,5.4,One year,DSL,UPI,West,1
37.0,55648.0,21.7,119.52,,0.0,11.66,1.0,6.5,11.1,Two year,,UPI,,0
29.0,21520.0,12.6,65.51,2.0,2.0,23.64,1.0,6.4,11.4,One year,Fiber,Bank Transfer,North,0
18.0,40693.0,36.6,111.78,4.0,1.0,16.11,0.0,5.0,15.3,,Fiber,AutoPay,,0
,100616.0,14.4,53.22,2.0,2.0,19.72,2.0,7.0,3.8,One year,DSL,Credit Card,Central,0
,45250.0,16.8,92.4,7.0,0.0,16.91,2.0,8.4,21.6,One year,Fiber,Credit Card,Central,0
36.0,33970.0,12.2,82.52,1.0,1.0,18.05,0.0,4.5,11.4,Month-to-month,DSL,Cash,West,0
49.0,45955.0,19.7,110.74,4.0,0.0,7.03,1.0,5.3,13.9,Two year,DSL,AutoPay,East,1
26.0,28235.0,18.4,74.97,1.0,2.0,23.78,0.0,9.9,7.5,One year,Fiber,Credit Card,South,0
36.0,44069.0,65.6,43.79,2.0,1.0,26.06,2.0,5.7,4.4,Month-to-month,DSL,Bank Transfer,Central,0
34.0,145931.0,,28.21,4.0,1.0,8.4,1.0,5.8,4.8,Month-to-month,Fiber,AutoPay,North,1
41.0,70827.0,46.2,101.9,3.0,0.0,14.56,1.0,6.3,2.6,Month-to-month,Fiber,,East,0
46.0,45526.0,20.5,92.32,1.0,1.0,10.45,3.0,6.6,18.5,Month-to-month,DSL,UPI,South,0
39.0,56015.0,3.6,95.72,2.0,1.0,,1.0,7.2,9.7,One year,DSL,UPI,East,0
43.0,62055.0,,72.94,2.0,2.0,14.9,0.0,6.9,23.8,One year,5G,AutoPay,South,1
46.0,66813.0,28.4,62.16,1.0,1.0,25.49,1.0,8.1,22.0,One year,DSL,Credit Card,North,0
39.0,39078.0,46.3,71.13,4.0,,20.94,1.0,7.3,13.3,One year,5G,Credit Card,Central,0
34.0,66332.0,15.6,85.73,3.0,0.0,22.73,1.0,6.2,6.6,One year,Fiber,AutoPay,Central,0
,172135.0,36.9,86.29,0.0,2.0,28.48,0.0,7.4,1.5,One year,DSL,,South,1
55.0,79498.0,58.5,77.21,1.0,3.0,15.29,0.0,6.9,14.3,Month-to-month,None,UPI ,East,0
46.0,57426.0,80.5,113.7,1.0,1.0,,0.0,4.0,9.9,Month-to-month,None,AutoPay,North,0
31.0,18000.0,21.6,47.97,1.0,2.0,31.72,2.0,3.7,0.0,One year,5G,Cash,East,0
46.0,191640.0,43.1,123.96,1.0,1.0,17.97,2.0,6.2,2.6,One year,,Credit Card,West,1
33.0,93278.0,13.9,66.61,1.0,,6.72,2.0,9.8,10.6,Two year,DSL,Credit Card,South,0
32.0,57440.0,37.7,,1.0,2.0,18.73,1.0,9.8,23.5,Month-to-month,DSL,Credit Card,Central,0
33.0,,21.6,108.71,2.0,,17.99,2.0,5.1,20.2,One year,Fiber,UPI,West,0
34.0,44114.0,78.1,100.05,2.0,1.0,15.22,1.0,,14.3,Month-to-month,Fiber,AutoPay,West,0
21.0,44224.0,6.4,76.9,0.0,0.0,21.06,4.0,7.3,9.0,Month-to-month,DSL,UPI,Central,0
46.0,128750.0,41.7,68.45,1.0,2.0,28.68,2.0,5.6,10.3,Month-to-month,None,Cash,Central,1
42.0,19906.0,25.5,80.74,2.0,2.0,8.17,0.0,4.2,14.8,Month-to-month,Fiber,Credit Card,North,0
33.0,25709.0,23.8,51.86,0.0,2.0,2.81,0.0,5.5,19.4,Month-to-month,DSL,Bank Transfer,North,1
51.0,52656.0,25.4,69.45,3.0,1.0,9.33,1.0,8.5,6.3,Month-to-month,5G,Credit Card,South,1
37.0,57760.0,25.6,101.62,4.0,3.0,13.5,0.0,5.8,3.9,Month-to-month,Fiber,AutoPay,South,0
44.0,26871.0,8.3,136.81,4.0,2.0,27.46,3.0,5.3,10.9,Month-to-month,DSL,UPI,Central,1
28.0,34708.0,24.1,78.75,2.0,1.0,6.69,1.0,9.3,28.4,,None,Credit Card,Central,0
28.0,38908.0,32.4,92.01,2.0,0.0,1.0,2.0,7.6,17.4,Two year,5G,Credit Card,North,0
63.0,61772.0,74.7,56.46,4.0,0.0,19.05,1.0,5.8,19.4,Month-to-month,5G,,South,1
,27782.0,51.5,70.62,1.0,2.0,15.27,0.0,7.4,4.2,Two year,Fiber,Credit Card,East,0
23.0,45312.0,39.0,99.77,1.0,2.0,1.13,0.0,6.9,11.6,Month-to-month,Fiber,Credit Card,,1
20.0,150588.0,17.6,85.96,5.0,3.0,3.45,0.0,,6.4,One year,DSL,Bank Transfer,North,1
36.0,87571.0,4.9,37.66,3.0,1.0,29.03,0.0,4.4,3.9,Month-to-month,Fiber,UPI,Central,0
18.0,500000.0,8.7,31.15,0.0,2.0,23.81,1.0,8.3,,Month-to-month,Fiber,Cash,Central,1
50.0,134208.0,66.0,-5.0,1.0,0.0,23.72,,6.5,0.3,One year,,Credit Card,North,0
42.0,47547.0,50.2,20.0,0.0,0.0,22.65,5.0,8.8,14.8,Month-to-month,Fiber,UPI,North,0
52.0,80651.0,12.9,32.4,3.0,0.0,5.26,3.0,6.1,14.6,Two year,DSL,Cash,East,0
45.0,18000.0,30.8,89.02,3.0,3.0,,4.0,8.5,1.9,One year,Fiber,AutoPay,North,1
70.0,50168.0,31.4,105.82,3.0,1.0,9.91,3.0,5.5,12.9,One year,DSL,UPI,West,1
25.0,19218.0,26.3,113.09,2.0,1.0,2.89,3.0,4.3,19.6,Month-to-month,Fiber,Bank Transfer,East,1
31.0,55733.0,88.2,68.18,2.0,2.0,17.53,1.0,9.1,1.3,Two year,Fiber,Cash,South,0
49.0,87195.0,4.8,35.39,2.0,0.0,16.38,1.0,,17.3,Month-to-month,5G,Cash,Central,0
38.0,56353.0,37.8,66.77,4.0,1.0,20.1,1.0,6.9,7.3,Month-to-month,Fiber,UPI,North,1
39.0,92037.0,8.5,27.48,1.0,2.0,12.2,2.0,8.8,12.5,Two year,5G,AutoPay,North,1
46.0,50766.0,38.2,123.12,2.0,2.0,24.51,4.0,9.3,25.6,One year,5G,Cash,South,0
39.0,65132.0,24.1,76.77,4.0,1.0,9.39,2.0,7.3,0.0,Month-to-month,Fiber,Bank Transfer,East,0
53.0,47960.0,25.9,36.42,1.0,0.0,15.45,2.0,8.0,8.4, MONTH-TO-MONTH ,Fiber,AutoPay,North,0
19.0,54398.0,34.7,125.11,3.0,0.0,22.04,3.0,6.8,17.5,Two year,Fiber,Credit Card,East,0
38.0,1000000.0,49.6,45.87,,0.0,11.94,2.0,6.9,0.0,Two year,5G,Cash,North,0
31.0,39311.0,32.7,74.46,3.0,1.0,11.73,1.0,7.7,29.4,,Fiber,AutoPay,Central,1
31.0,18774.0,,78.01,3.0,,27.59,2.0,4.6,14.4,Month-to-month,DSL,Bank Transfer,North,0
43.0,24785.0,22.8,140.0,2.0,1.0,14.43,2.0,6.9,1.2,Month-to-month,Fiber,Bank Transfer,Central,0
30.0,117690.0,10.0,40.38,3.0,1.0,20.85,3.0,8.3,18.4,Two year,5G,AutoPay,East,1
25.0,37659.0,27.5,71.48,,0.0,27.79,0.0,6.8,29.1,Month-to-month,5G,Credit Card,South,0
25.0,35805.0,11.7,109.98,2.0,1.0,13.53,2.0,8.2,13.6,Month-to-month,Fiber,UPI,West,1
61.0,124146.0,33.6,45.46,1.0,2.0,24.89,1.0,6.2,8.8,Month-to-month,None,Bank Transfer,North,1
18.0,36052.0,37.1,61.27,2.0,3.0,14.75,,,0.0,Month-to-month,DSL,Bank Transfer,North,0
31.0,40869.0,43.8,27.27,2.0,1.0,,1.0,6.2,6.1,Month-to-month,None,AutoPay,West,0
49.0,54525.0,,82.64,,2.0,6.03,2.0,10.0,12.2,Month-to-month,None,Bank Transfer,South,0
47.0,53410.0,8.0,108.91,1.0,1.0,15.99,2.0,5.2,24.2,Month-to-month,None,UPI,East,1
46.0,124508.0,20.8,82.61,3.0,1.0,32.98,0.0,6.0,4.7,Month-to-month,5G,,South,0
26.0,51411.0,27.7,106.27,2.0,2.0,21.19,0.0,4.7,6.4,Month-to-month,Fiber,Credit Card,West,1
26.0,231236.0,12.0,127.62,1.0,2.0,22.83,1.0,6.5,0.5,Month-to-month,Fiber,Bank Transfer,North,1
49.0,66240.0,37.8,66.66,0.0,0.0,1.0,0.0,4.6,9.5,Month-to-month,Fiber,UPI,North,1
29.0,60932.0,31.5,115.98,2.0,0.0,19.29,1.0,4.9,11.9,Month-to-month,DSL,,North,0
41.0,75664.0,24.3,81.82,1.0,1.0,29.02,,4.7,11.1,Two year,Fiber,Credit Card,,0
39.0,53698.0,7.6,77.92,2.0,1.0,22.32,0.0,5.1,19.3,Month-to-month,5G,Credit Card,North,0
52.0,21892.0,13.7,,5.0,2.0,13.93,2.0,5.6,11.8,One year,Fiber,Cash,West,1
33.0,145819.0,23.5,83.53,4.0,1.0,,2.0,6.0,16.7,Month-to-month,None,Bank Transfer,West,0
33.0,35610.0,21.2,52.09,2.0,,1.0,0.0,5.7,11.3,Month-to-month,DSL,Cash,West,0
25.0,111635.0,3.7,93.86,1.0,2.0,3.25,1.0,4.5,2.1,Month-to-month,Fiber,UPI,East,1
50.0,60139.0,8.0,122.86,3.0,1.0,23.71,1.0,6.1,13.3,Month-to-month,Fiber,Credit Card,West,0
41.0,,24.9,65.62,2.0,0.0,33.61,3.0,7.1,13.4,Month-to-month,,UPI,Central,0
34.0,41886.0,21.4,49.58,3.0,2.0,12.18,4.0,5.6,2.9,Month-to-month,DSL,UPI,West,1
25.0,225386.0,30.9,91.6,0.0,0.0,15.76,0.0,5.8,9.6,One year,Fiber,Bank Transfer,East,0
37.0,66118.0,96.4,139.54,6.0,1.0,,1.0,5.4,10.3,Month-to-month,5G,AutoPay,North,0
45.0,72673.0,44.5,95.21,3.0,0.0,15.71,0.0,10.0,8.1,One year,DSL,AutoPay,East,0
42.0,93962.0,23.2,79.25,1.0,3.0,29.75,,9.1,19.5,Month-to-month,Fiber,Credit Card,West,0
48.0,42123.0,21.7,67.76,3.0,0.0,21.92,2.0,5.6,12.2,Month-to-month,5G,Bank Transfer,South,0
27.0,81142.0,77.8,146.2,1.0,0.0,16.18,0.0,7.3,11.0,Two year,DSL,AutoPay,Central,0
24.0,142826.0,27.6,69.35,1.0,0.0,16.63,1.0,7.6,15.2,Month-to-month,5G,Bank Transfer,Central,0
26.0,54601.0,18.8,94.12,2.0,1.0,11.68,1.0,6.0,4.3,Month-to-month,Fiber,AutoPay,West,0
45.0,50813.0,31.2,77.94,2.0,3.0,16.88,4.0,7.0,17.2,One year,Fiber,AutoPay,North,1
33.0,137547.0,12.4,98.39,2.0,1.0,12.38,0.0,8.7,6.2,Month-to-month,5G,Cash,South,1
37.0,32277.0,23.8,78.25,1.0,0.0,30.06,1.0,4.7,16.0,One year,Fiber,UPI,West,0
44.0,67651.0,46.8,52.04,3.0,1.0,31.28,3.0,,10.3,Month-to-month,DSL,Credit Card,South,0
47.0,75114.0,22.3,45.64,4.0,0.0,16.83,2.0,5.2,6.5,Two year,5G,Cash,West,0
28.0,37695.0,54.5,68.75,3.0,0.0,20.61,1.0,7.9,17.4,Month-to-month,DSL,Bank Transfer,Central,0
51.0,83694.0,33.3,81.71,5.0,2.0,13.61,0.0,3.8,9.2,Month-to-month,DSL,Credit Card,Central,1
41.0,66845.0,27.3,37.92,1.0,1.0,16.71,1.0,,20.1,One year,Fiber,UPI,North,0
56.0,500000.0,15.4,76.53,3.0,0.0,10.17,2.0,9.2,0.0,One year,Fiber,Bank Transfer,South,1
31.0,40528.0,12.0,87.63,3.0,1.0,7.43,1.0,9.2,18.0,Month-to-month,,AutoPay,Central,0
46.0,50215.0,38.8,28.57,2.0,0.0,27.72,2.0,5.2,7.9,,DSL,Cash,South,1
18.0,121385.0,27.0,48.29,3.0,2.0,26.44,1.0,,14.6,One year,5G,Cash,Central,0
43.0,78243.0,57.3,68.65,0.0,2.0,27.35,3.0,9.1,11.9,Month-to-month,,AutoPay,East,1
40.0,83349.0,19.9,71.7,3.0,0.0,17.24,3.0,6.4,19.4,One year,Fiber,AutoPay,Central,0
53.0,35925.0,12.3,79.9,4.0,0.0,28.36,1.0,9.3,5.5,Two year,5G,Bank Transfer,North,0
42.0,116032.0,19.9,39.83,1.0,0.0,15.23,2.0,7.4,10.7,One year,None,Bank Transfer,North,0
32.0,44838.0,87.3,110.22,3.0,1.0,19.2,1.0,6.9,17.9,Month-to-month,Fiber,Bank Transfer,West,0
41.0,63253.0,38.2,76.94,,2.0,20.35,0.0,5.4,19.2,One year,Fiber,UPI ,West,0
54.0,33700.0,22.1,50.05,2.0,2.0,15.23,0.0,9.2,2.3,Month-to-month,,Cash,Central,0
47.0,49324.0,23.1,33.91,1.0,1.0,15.74,0.0,5.2,6.9,Month-to-month,None,Cash,Central,0
37.0,30013.0,27.5,48.1,2.0,0.0,34.8,0.0,8.4,15.8,One year,DSL,Cash,North,0
46.0,57351.0,8.9,113.93,1.0,0.0,13.82,,7.8,17.6,Month-to-month,5G,Credit Card,East,0
,98586.0,5.6,100.3,2.0,0.0,4.89,1.0,8.2,7.3,One year,DSL,AutoPay,Central,0
47.0,51061.0,75.2,70.92,1.0,3.0,18.09,,7.3,4.7,Two year,DSL,UPI,South,0
26.0,163097.0,11.6,90.73,,2.0,11.63,,4.5,17.2,Two year,Fiber,Bank Transfer,Central,0
18.0,56500.0,18.5,450.0,3.0,1.0,24.03,,4.9,25.0,Month-to-month,DSL,Bank Transfer,North,0
,86312.0,5.5,,0.0,0.0,,3.0,7.3,12.0,Month-to-month,Fiber,Cash,West,0
18.0,74933.0,28.4,77.73,3.0,0.0,16.73,0.0,7.5,7.2,,Fiber,UPI,North,0
46.0,29831.0,15.8,61.62,2.0,0.0,24.51,3.0,4.1,7.8,Month-to-month,,UPI,West,1
58.0,102598.0,17.5,57.37,1.0,2.0,29.36,1.0,8.6,15.6,Month-to-month,Fiber,Credit Card,North,0
33.0,53716.0,33.3,102.5,2.0,0.0,16.21,1.0,10.0,3.2,Two year,Fiber,AutoPay,,0
52.0,53740.0,75.2,38.72,3.0,3.0,20.39,0.0,4.2,12.3,Month-to-month,5G,Credit Card,West,1
,1500000.0,5.5,64.57,2.0,5.0,3.34,,8.8,3.1,Month-to-month,None,AutoPay,South,1
18.0,35439.0,37.4,121.51,0.0,0.0,18.09,3.0,9.3,15.2,One year,Fiber,AutoPay,North,0
36.0,129493.0,73.1,81.41,2.0,1.0,22.12,2.0,6.1,17.1,One year,Fiber,Bank Transfer,South,0
18.0,37318.0,16.2,51.37,2.0,0.0,18.43,1.0,5.6,14.8,Month-to-month,DSL,AutoPay,Central,0
,66709.0,63.1,88.11,4.0,2.0,18.94,1.0,10.0,4.2,Month-to-month,5G,AutoPay,South,0
37.0,77506.0,,66.8,3.0,1.0,19.63,0.0,7.4,4.1,Month-to-month,,AutoPay,Central,0
36.0,73919.0,27.4,70.27,2.0,0.0,14.86,,5.6,18.5,One year,Fiber,Cash,North,1
47.0,74182.0,33.5,81.99,0.0,1.0,20.23,0.0,5.1,27.9,,Fiber,AutoPay,South,1
27.0,108413.0,21.7,35.51,6.0,1.0,17.21,0.0,,1.5,Month-to-month,DSL,Credit Card,West,0
49.0,32279.0,39.2,108.5,1.0,0.0,20.06,3.0,5.5,4.8,,Fiber,UPI,East,0
43.0,18000.0,23.3,129.1,3.0,0.0,16.44,2.0,6.2,17.4,One year,DSL,Bank Transfer,West,0
28.0,32493.0,34.5,123.58,2.0,0.0,23.25,0.0,6.2,0.0,Month-to-month,5G,,North,0
18.0,59663.0,18.8,57.65,4.0,0.0,25.88,2.0,5.0,10.4,One year,5G,Bank Transfer,South,0
27.0,74891.0,10.9,75.06,1.0,0.0,25.4,1.0,6.6,12.3,One year,Fiber,AutoPay,East,0
,44740.0,55.7,116.0,4.0,1.0,25.11,1.0,7.5,,One year,5G,Credit Card,Central,0
39.0,250000.0,34.8,59.16,5.0,1.0,15.53,2.0,4.4,3.5,One year,DSL,UPI,North,0
18.0,68252.0,19.9,98.41,1.0,,4.48,,5.9,0.0,Month-to-month,DSL,Bank Transfer,North,0
31.0,58685.0,27.1,76.93,3.0,2.0,20.17,2.0,7.8,11.8,Month-to-month,Fiber,Credit Card,North,0
18.0,28478.0,29.5,73.06,2.0,1.0,27.14,0.0,8.0,13.7,,Fiber,Credit Card,East,1
36.0,71266.0,21.8,66.4,0.0,3.0,7.22,1.0,3.6,12.2,,5G, UPI,South,0
40.0,25748.0,15.0,91.02,,3.0,13.61,1.0,2.5,25.6,One year,DSL,AutoPay,East,0
30.0,103806.0,23.7,76.38,1.0,0.0,16.01,2.0,7.8,26.2,Month-to-month,Fiber,AutoPay,East,0
,47613.0,49.5,95.81,2.0,,21.88,2.0,5.6,17.4,,Fiber,Credit Card,South,1
49.0,91132.0,41.1,94.66,2.0,2.0,12.1,2.0,9.9,28.0,Month-to-month,Fiber,Cash,Central,0
33.0,39360.0,20.1,67.05,1.0,2.0,26.17,0.0,7.2,13.9,Two year,5G,Credit Card,Central,0
36.0,93314.0,11.8,20.0,3.0,2.0,,0.0,6.0,7.8,Two year,Fiber,Bank Transfer,North,1
42.0,51240.0,29.9,96.7,3.0,0.0,11.5,0.0,5.3,3.4,Month-to-month,DSL,UPI,East,0
35.0,36994.0,7.2,57.39,0.0,0.0,2.99,1.0,9.6,21.1,Month-to-month,DSL,Cash,Central,0
28.0,35690.0,38.9,74.72,1.0,1.0,27.9,1.0,6.0,12.6,Two year,5G,AutoPay,Central,0
27.0,58683.0,24.5,84.56,2.0,1.0,13.44,1.0,6.0,1.2,Month-to-month,DSL,AutoPay,North,0
35.0,51644.0,10.8,97.18,0.0,3.0,18.14,1.0,3.3,0.0,One year,None,Cash,West,0
47.0,34639.0,6.0,80.32,0.0,1.0,14.8,2.0,8.2,17.8,One year,Fiber,Cash,Central,0
39.0,29797.0,31.6,82.84,1.0,4.0,5.69,3.0,6.9,1.2,Month-to-month,DSL,,West,1
42.0,55598.0,15.6,69.72,3.0,2.0,23.05,2.0,6.0,15.8,Month-to-month,Fiber,AutoPay,West,1
44.0,32094.0,9.5,95.26,2.0,0.0,6.68,0.0,4.5,17.2,Two year,5G,Bank Transfer,South,0
25.0,56533.0,19.0,88.55,3.0,0.0,7.0,2.0,,5.5,Month-to-month,DSL,Bank Transfer,,1
23.0,31610.0,18.3,49.3,3.0,1.0,25.13,2.0,4.4,0.4,Month-to-month,Fiber,Credit Card,West,0
48.0,46559.0,26.2,74.72,1.0,1.0,12.96,3.0,6.3,5.2,Two year,DSL,UPI,Central,0
20.0,108510.0,39.8,61.43,1.0,2.0,14.83,1.0,8.0,,One year,Fiber,AutoPay,North,0
27.0,25163.0,43.9,58.15,1.0,1.0,36.12,0.0,4.6,6.8,Month-to-month,DSL,UPI,West,0
54.0,40432.0,48.6,82.85,1.0,2.0,,4.0,9.7,21.7,Month-to-month,Fiber,AutoPay,North,0
38.0,39853.0,17.7,112.93,2.0,1.0,10.59,0.0,5.8,24.2,Month-to-month,None,Cash,South,0
53.0,117638.0,14.7,60.87,1.0,0.0,11.47,1.0,7.0,5.4,Month-to-month,DSL,AutoPay,East,1
53.0,56218.0,12.4,66.93,4.0,0.0,11.8,0.0,3.8,0.0,Month-to-month,,Bank Transfer,East,0
39.0,49641.0,12.4,57.31,2.0,1.0,21.24,2.0,6.8,17.8,Two year,Fiber,Bank Transfer,Central,0
18.0,32328.0,9.7,63.38,2.0,1.0,15.86,1.0,3.9,1.8,One year,Fiber,AutoPay,South,0
45.0,56045.0,37.1,113.64,2.0,1.0,21.83,2.0,7.0,10.9,Month-to-month,5G,Credit Card,North,1
34.0,46823.0,31.0,57.05,,0.0,18.36,2.0,10.0,19.3,month-to-month,Fiber,Credit Card,West,0
32.0,40167.0,28.7,110.79,1.0,1.0,8.99,3.0,8.5,5.8,One year,,,North,0
30.0,70565.0,16.1,66.11,3.0,0.0,18.53,3.0,8.5,0.0,Month-to-month,5G,Cash,Central,0
34.0,63945.0,12.1,,2.0,1.0,15.42,0.0,3.5,10.3,Month-to-month,,UPI,South,0
53.0,128187.0,31.9,73.68,2.0,1.0,18.07,1.0,7.2,6.6,One year,5G,Bank Transfer,North,0
33.0,47219.0,30.8,66.79,2.0,0.0,16.99,,6.5,28.4,Month-to-month,DSL,Credit Card,West,0
69.0,18000.0,32.5,115.82,1.0,1.0,8.86,0.0,7.1,10.9,Two year,,Cash,Central,0
54.0,18000.0,35.6,95.49,3.0,2.0,29.47,0.0,7.6,6.2,One year,DSL,UPI,East,0
38.0,121599.0,23.3,92.55,0.0,0.0,15.33,2.0,2.5,12.9,Month-to-month,Fiber,UPI,North,0
37.0,29296.0,19.0,93.16,2.0,0.0,12.42,3.0,4.9,16.5,Month-to-month,None,Cash,East,1
42.0,31140.0,23.9,67.08,5.0,1.0,9.91,1.0,4.9,8.1,Month-to-month,Fiber,Bank Transfer,South,0
36.0,39333.0,17.1,73.44,2.0,0.0,19.93,1.0,7.4,12.6,Month-to-month,5G,Credit Card,Central,1
4.0,30373.0,12.2,85.86,1.0,1.0,10.69,2.0,7.8,18.6,Two year,5G,AutoPay,South,1
40.0,121946.0,69.3,115.75,,0.0,6.96,1.0,10.0,18.6,Month-to-month,DSL,Bank Transfer,East,0
49.0,250000.0,61.5,52.77,2.0,0.0,20.25,0.0,4.4,3.0,Two year,Fiber,Credit Card,South,0
30.0,57272.0,21.8,123.09,2.0,0.0,25.22,1.0,8.4,13.5,Month-to-month,None,UPI,Central,0
40.0,110077.0,14.4,47.79,3.0,2.0,25.26,3.0,6.6,12.5,One year,Fiber,AutoPay,Central,1
41.0,177784.0,20.5,66.15,,1.0,,0.0,3.6,7.6,Month-to-month,Fiber,AutoPay,West,0
25.0,48721.0,17.5,60.94,1.0,3.0,14.87,0.0,6.7,20.7,Month-to-month,DSL,UPI,West,0
41.0,43236.0,28.6,63.37,2.0,0.0,5.11,1.0,9.7,0.0,One year,Fiber,UPI,South,0
34.0,98480.0,26.9,75.49,5.0,0.0,16.0,3.0,7.2,,One year,5G,Bank Transfer,West,0
40.0,,38.5,111.41,6.0,1.0,9.84,1.0,7.6,6.1,Month-to-month,5G,Cash,North,0
39.0,50995.0,,88.51,4.0,2.0,16.19,0.0,4.9,12.0,One year,Fiber,AutoPay,South,1
65.0,61801.0,34.9,80.77,2.0,2.0,12.34,1.0,7.2,19.0,One year,None,AutoPay,East,0
42.0,111742.0,31.9,64.67,6.0,2.0,22.02,3.0,5.6,22.1,Month-to-month,5G,Credit Card,East,0
37.0,141887.0,23.8,87.1,5.0,2.0,18.73,2.0,6.5,14.7,One year,5G,Bank Transfer,West,0
26.0,30975.0,26.9,32.12,1.0,0.0,13.82,0.0,6.8,0.0,One year,Fiber,UPI,East,0
30.0,69348.0,12.2,111.19,2.0,1.0,18.56,2.0,10.0,6.0,One year,DSL,Credit Card,East,0
35.0,122028.0,29.2,83.24,0.0,1.0,12.98,0.0,6.6,11.7,One year,5G,Credit Card,Central,0
47.0,75114.0,22.3,45.64,4.0,0.0,16.83,2.0,5.2,6.5,Two year,5G,Cash,West,0
37.0,68949.0,36.6,35.87,3.0,1.0,6.76,2.0,6.5,9.2,Month-to-month,5G,Bank Transfer,Central,0
33.0,,24.5,75.04,1.0,0.0,12.6,0.0,5.8,14.9,Month-to-month,Fiber,Credit Card,Central,0
50.0,72355.0,4.8,93.36,5.0,0.0,19.23,1.0,8.9,15.4,Month-to-month,5G,AutoPay,West,1
36.0,25724.0,27.3,47.06,0.0,0.0,10.59,2.0,4.0,14.0,Month-to-month,Fiber,UPI,North,0
31.0,31312.0,53.1,80.03,2.0,0.0,24.42,,,24.4,Month-to-month,Fiber,AutoPay,East,1
37.0,53360.0,68.6,46.67,3.0,0.0,9.54,,7.3,9.5,Month-to-month,Fiber,AutoPay,Central,0
40.0,25973.0,23.0,86.71,3.0,3.0,18.67,1.0,6.8,6.2,Month-to-month,5G,UPI,South,1
47.0,27397.0,40.4,90.47,0.0,2.0,14.71,0.0,,21.1,One year,Fiber,Cash,Central,0
35.0,77794.0,29.6,97.51,2.0,1.0,15.8,0.0,5.2,20.8,Month-to-month,DSL,Cash,Central,0
51.0,67639.0,11.0,139.89,2.0,1.0,22.35,1.0,6.1,8.2,Month-to-month,Fiber,Bank Transfer,south ,1
45.0,54534.0,14.9,77.25,4.0,1.0,31.93,2.0,8.2,11.2,Month-to-month,5G,AutoPay,East,0
37.0,30065.0,42.3,88.82,3.0,1.0,13.1,2.0,6.2,11.8,Month-to-month,Fiber,Credit Card,South,0
33.0,73304.0,44.3,54.49,2.0,0.0,,0.0,4.4,14.6,Two year,DSL,Credit Card,South,0
26.0,40142.0,23.9,99.91,3.0,0.0,17.44,0.0,7.5,14.5,Two year,Fiber,UPI,East,0
24.0,48260.0,22.8,70.6,2.0,0.0,21.73,0.0,7.6,0.0,One year,DSL,AutoPay,East,0
63.0,1000000.0,38.6,72.28,0.0,0.0,25.03,0.0,6.8,2.4,One year,5G,AutoPay,South,0
37.0,29306.0,6.2,20.0,3.0,2.0,16.74,3.0,6.9,1.6,Month-to-month,DSL,UPI,Central,0
38.0,28936.0,30.8,36.01,4.0,2.0,15.48,2.0,6.6,0.0,Month-to-month,Fiber,UPI,,1
39.0,28905.0,17.4,89.13,1.0,1.0,19.74,0.0,8.1,22.0,Month-to-month,None,Credit Card,East,0
45.0,47997.0,9.2,78.74,4.0,0.0,18.37,4.0,7.9,4.0,Two year,Fiber,Credit Card,East,0
37.0,92912.0,20.4,45.82,5.0,1.0,17.21,2.0,6.7,1.9,Month-to-month,Fiber,AutoPay,West,0
39.0,152216.0,14.6,101.86,0.0,1.0,7.67,2.0,7.6,21.0,Month-to-month,Fiber,Cash,East,0
38.0,53224.0,20.5,98.06,1.0,2.0,13.07,0.0,7.0,7.3,Two year,Fiber,Cash,West,0
47.0,39566.0,61.0,54.42,3.0,1.0,300.0,3.0,5.6,22.8,One year,DSL,AutoPay,East,0
3.0,75781.0,30.4,69.79,5.0,0.0,6.03,2.0,7.5,12.8,Two year,None,UPI,South,0
33.0,38629.0,,73.05,4.0,0.0,23.09,2.0,3.7,18.2,Month-to-month,Fiber,Credit Card,Central,0
24.0,24664.0,17.8,71.55,1.0,2.0,12.73,0.0,7.3,12.8,Month-to-month,Fiber,UPI,West,1
40.0,50207.0,,65.67,4.0,1.0,22.88,1.0,3.7,,Month-to-month,Fiber,UPI,Central,1
48.0,75811.0,54.9,850.0,4.0,1.0,23.19,0.0,5.2,,One year,None,Credit Card,East,0
27.0,25163.0,43.9,58.15,1.0,1.0,36.12,0.0,4.6,6.8,Month-to-month,DSL,UPI,West,0
25.0,29573.0,26.9,,4.0,1.0,8.49,1.0,6.4,9.7,Two year,5G,Credit Card,West,0
,139842.0,15.8,79.88,0.0,2.0,,2.0,6.9,19.8,Month-to-month,DSL,Cash,North,1
36.0,71291.0,30.8,77.03,2.0,2.0,19.75,2.0,6.6,11.9,One year,5G,UPI,East,1
29.0,83729.0,14.1,77.48,2.0,1.0,24.11,0.0,2.0,2.6,Month-to-month,DSL,Bank Transfer,South,1
43.0,43726.0,10.7,,,0.0,19.86,,5.9,15.1,Two year,Fiber,UPI,West,1
43.0,61707.0,12.1,86.07,2.0,0.0,21.26,0.0,9.4,12.9,Two year,5G,Credit Card,West,0
29.0,131062.0,8.2,74.29,2.0,2.0,12.66,1.0,4.3,16.4,Two year,5G,UPI,West,0
57.0,56114.0,46.8,83.81,0.0,,17.67,0.0,9.6,0.0,Month-to-month,5G,AutoPay,Central,0
38.0,40909.0,54.1,101.82,1.0,,20.7,0.0,,17.0,Two year,Fiber,Credit Card,South,0
58.0,43012.0,29.4,24.15,2.0,1.0,26.39,3.0,,28.2,One year,FIBER,Bank Transfer,North,0
46.0,32904.0,28.7,71.98,1.0,2.0,,0.0,,16.4,Month-to-month,DSL,Bank Transfer,West,1
20.0,90299.0,29.8,81.29,1.0,3.0,13.77,2.0,5.0,14.7,Month-to-month,DSL,Cash,North,0
46.0,48321.0,44.0,78.56,2.0,1.0,10.76,1.0,9.7,8.5,One year,Fiber,UPI,West,0
52.0,114058.0,13.2,60.82,,0.0,18.07,1.0,3.5,10.7,One year,DSL,Bank Transfer,East,0
21.0,124551.0,21.7,117.14,1.0,0.0,19.74,1.0,8.1,13.6,Month-to-month,5G,Credit Card,South,0
18.0,52971.0,,75.06,0.0,1.0,14.33,3.0,7.8,,Month-to-month,5G,Credit Card,Central,0
,48625.0,39.0,113.18,4.0,1.0,13.24,0.0,6.5,6.5,Month-to-month,DSL,Credit Card,East,0
40.0,,37.4,76.97,3.0,1.0,19.04,1.0,,0.0,Month-to-month,Fiber,Cash, SOUTH,1
49.0,51126.0,26.6,58.64,2.0,0.0,6.18,3.0,9.2,13.1,Two year,Fiber,Cash,East,1
44.0,26433.0,26.3,63.83,1.0,,9.93,2.0,8.4,8.0,Two year,Fiber,Credit Card,West,0
30.0,58356.0,22.8,41.26,1.0,1.0,16.79,1.0,6.3,15.7,Month-to-month,5G,UPI,South,0
42.0,43649.0,25.0,42.72,1.0,0.0,22.24,0.0,6.7,10.0,One year,5G,,Central,0
37.0,55817.0,19.2,93.98,3.0,1.0,25.94,1.0,7.0,,Month-to-month,5G,Cash,South,0
50.0,79625.0,27.7,58.29,1.0,1.0,13.37,0.0,7.6,0.0,Month-to-month,Fiber,Cash,,1
,37891.0,47.3,71.91,3.0,0.0,6.45,1.0,10.0,7.0,Month-to-month,DSL,AutoPay,East,0
32.0,37885.0,11.6,22.74,3.0,0.0,1.0,1.0,,4.5,Month-to-month,Fiber,Bank Transfer,West,0
60.0,76627.0,11.3,55.75,3.0,0.0,26.61,1.0,6.3,5.7,Month-to-month,DSL,Bank Transfer,,0
42.0,31672.0,38.1,80.48,1.0,1.0,31.43,1.0,7.1,2.4,Two year,None,UPI,West,0
27.0,124796.0,12.3,101.72,4.0,1.0,12.98,1.0,5.4,17.4,Month-to-month,Fiber,UPI,North,0
35.0,77594.0,6.2,88.71,1.0,2.0,34.25,0.0,10.0,17.0,Month-to-month,Fiber, UPI,South,1
44.0,61863.0,21.7,108.57,1.0,0.0,20.65,0.0,6.5,19.8,One year,Fiber,Credit Card,East,1
40.0,28877.0,35.2,86.14,2.0,0.0,23.9,2.0,10.0,3.0,One year,Fiber,Bank Transfer,East,0
55.0,141548.0,17.9,44.02,4.0,1.0,23.29,1.0,5.4,12.8,Month-to-month,5G,UPI,West,0
51.0,32341.0,39.0,66.59,1.0,0.0,20.66,0.0,5.9,22.9,Two year,Fiber,UPI,Central,0
36.0,46556.0,38.2,124.75,2.0,0.0,19.86,2.0,5.8,36.0,Two year,5G,Bank Transfer,South,0
45.0,49935.0,12.4,35.89,2.0,1.0,31.49,0.0,10.0,6.7,Month-to-month,DSL,Cash,Central,0
42.0,37538.0,23.4,101.83,,1.0,22.67,0.0,7.7,0.3,Month-to-month,DSL,Credit Card,,0
36.0,30280.0,20.8,35.87,2.0,0.0,23.09,1.0,6.5,9.7,Month-to-month,DSL,Cash,East,0
42.0,83852.0,41.4,106.81,6.0,1.0,34.38,2.0,6.7,10.1,Two year,DSL,Cash,North,0
50.0,1000000.0,46.9,85.08,5.0,1.0,10.29,1.0,8.8,10.6,Month-to-month,DSL,,South,0
43.0,250000.0,36.1,93.35,3.0,0.0,17.68,3.0,5.0,27.1,Month-to-month,Fiber,Cash,East,1
50.0,38554.0,16.7,120.16,1.0,1.0,21.67,1.0,4.3,20.0,Month-to-month,DSL,UPI,South,1
22.0,96812.0,41.1,96.3,4.0,0.0,19.85,0.0,6.1,6.5,Month-to-month,DSL,UPI,West,0
41.0,46929.0,5.6,88.21,4.0,0.0,25.37,2.0,6.7,10.2,,DSL,Bank Transfer,South,0
44.0,96698.0,25.5,92.7,,0.0,7.49,1.0,8.1,5.7,One year,Fiber,UPI,West,1
,53077.0,14.4,36.97,2.0,1.0,10.17,2.0,8.4,21.1,Month-to-month,Fiber,Cash,Central,1
26.0,29483.0,31.4,81.12,3.0,1.0,1.0,2.0,4.0,19.6,Month-to-month,Fiber,UPI,West,0
33.0,,9.7,58.44,2.0,0.0,25.75,0.0,6.0,12.6,Month-to-month,5G,AutoPay,Central,0
42.0,26226.0,7.8,127.53,2.0,2.0,29.94,3.0,5.7,9.2,Month-to-month,Fiber,,East,1
35.0,37561.0,,91.13,4.0,1.0,26.18,1.0,5.3,19.9,Two year,Fiber,Cash,South,0
,38601.0,24.1,100.88,2.0,2.0,4.58,,2.5,19.1,One year,Fiber,Cash,West,0
28.0,31665.0,36.1,91.84,1.0,0.0,13.69,1.0,7.7,13.9,Month-to-month,5G,AutoPay,Central,0
29.0,28224.0,34.4,122.08,3.0,2.0,31.7,2.0,5.2,7.9,,DSL,UPI,North,0
,25437.0,24.9,87.64,1.0,2.0,20.85,0.0,5.1,9.6,Month-to-month,DSL,UPI,West,0
27.0,90417.0,28.4,87.65,3.0,1.0,11.84,2.0,8.7,18.7,Month-to-month,DSL,Bank Transfer,South,0
49.0,41924.0,28.6,76.46,2.0,1.0,,1.0,,0.0,Two year,DSL,UPI,North,0
30.0,39289.0,68.4,61.22,3.0,0.0,8.36,2.0,8.1,20.0,One year,DSL,AutoPay,West,0
54.0,44192.0,28.4,69.84,3.0,0.0,12.32,2.0,7.2,4.6,Month-to-month,Fiber,Credit Card,South,0
26.0,109092.0,40.9,70.11,1.0,1.0,17.82,1.0,9.2,10.9,Month-to-month,Fiber,Bank Transfer,East,0
44.0,38378.0,51.4,113.01,1.0,,15.15,,9.1,0.0,Month-to-month,Fiber,Credit Card,East,0
39.0,51886.0,47.8,89.49,3.0,,31.83,0.0,7.0,15.7,One year,DSL,upi,West,1
25.0,37563.0,,20.0,4.0,1.0,21.81,2.0,8.2,17.3,Month-to-month,5G,Credit Card,,0
18.0,93923.0,12.6,,4.0,1.0,10.6,1.0,8.2,15.6,One year,5G,Bank Transfer,East,0
29.0,47329.0,55.7,32.83,3.0,0.0,24.02,3.0,5.4,0.0,One year,Fiber,Cash,South,0
36.0,50029.0,12.0,80.53,3.0,0.0,26.41,0.0,6.5,1.4,One year,Fiber,AutoPay,,0
37.0,35634.0,31.3,77.02,2.0,0.0,5.48,0.0,5.9,6.9,Month-to-month,Fiber,Bank Transfer,South,0
39.0,146053.0,30.8,60.85,1.0,1.0,25.44,1.0,6.6,4.6,Month-to-month,Fiber,Credit Card,West,0
32.0,171655.0,15.8,-20.0,4.0,1.0,21.57,2.0,6.3,0.0,Month-to-month,5G,Cash,Central,1
29.0,82827.0,39.6,38.85,4.0,1.0,27.27,1.0,5.0,9.2,Month-to-month,Fiber,UPI,West,0
22.0,,10.5,77.27,1.0,2.0,2.53,4.0,6.7,1.7,Two year,Fiber,upi,South,1
27.0,38646.0,27.4,87.81,4.0,0.0,9.76,3.0,9.8,15.0,Month-to-month,Fiber,Bank Transfer,West,0
33.0,161233.0,31.4,22.3,3.0,1.0,21.1,0.0,7.4,28.2,Month-to-month,5G,AutoPay,Central,0
35.0,,,76.45,4.0,1.0,30.45,2.0,5.2,5.1,One year,DSL,UPI,South,0
54.0,42659.0,8.0,125.09,3.0,0.0,19.37,2.0,6.8,4.3,Month-to-month,Fiber,UPI,West,1
64.0,72541.0,47.4,26.91,4.0,1.0,22.15,0.0,5.1,15.4,Month-to-month,5G,UPI,Central,0
36.0,59627.0,22.5,100.34,1.0,1.0,15.51,0.0,,11.3,Month-to-month,None,AutoPay,North,0
31.0,71077.0,28.5,92.13,2.0,1.0,22.8,2.0,8.1,9.5,One year,DSL,Credit Card,Central,0
20.0,161812.0,53.0,89.93,1.0,2.0,,1.0,5.0,0.0,Month-to-month,Fiber,UPI,East,0
,91129.0,28.8,60.6,2.0,1.0,27.52,3.0,10.0,9.7,One year,DSL,UPI,West,0
18.0,29772.0,31.6,125.14,2.0,1.0,16.41,,5.7,0.3,One year,Fiber,Bank Transfer,North,0
43.0,187489.0,24.9,98.13,2.0,1.0,23.2,1.0,5.0,16.2,Month-to-month,DSL,UPI,South,0
52.0,73066.0,31.4,88.23,2.0,3.0,12.23,0.0,9.5,9.6,Month-to-month,5G,Bank Transfer,South,1
49.0,100651.0,45.9,59.4,2.0,2.0,25.47,5.0,6.3,11.7,Month-to-month,5G,Cash,South,0
35.0,178724.0,33.5,,4.0,0.0,25.16,0.0,5.4,8.2,Month-to-month,Fiber,Bank Transfer,South,1
46.0,41346.0,13.4,80.49,2.0,0.0,25.05,0.0,3.5,10.0,Month-to-month,None,Credit Card,West,1
41.0,18000.0,16.1,,3.0,0.0,5.76,2.0,6.2,10.6,,5G,AutoPay,East,1
54.0,83210.0,33.8,53.53,5.0,2.0,14.5,0.0,6.6,16.2,Month-to-month,Fiber,Cash,,0
,48549.0,37.9,100.54,2.0,1.0,18.23,0.0,9.7,12.3,Month-to-month,Fiber,Cash,Central,0
25.0,75900.0,31.1,32.93,1.0,3.0,22.69,0.0,,8.7,Month-to-month,Fiber,UPI,Central,0
50.0,223795.0,60.0,49.32,3.0,3.0,16.28,0.0,7.3,0.8,One year,DSL,UPI,North,0
32.0,43576.0,22.7,93.92,2.0,0.0,10.6,2.0,6.3,18.0,Month-to-month,Fiber,Credit Card,,0
34.0,26252.0,31.3,26.31,2.0,2.0,14.34,2.0,6.0,23.3,Two year,Fiber,Cash,West,0
27.0,66873.0,40.1,,5.0,3.0,17.87,1.0,5.7,18.1,One year,Fiber,Cash,East,1
34.0,54698.0,19.4,49.02,2.0,1.0,220.0,0.0,6.4,3.0,Two year,DSL,Cash,North,0
35.0,54330.0,34.8,97.89,2.0,1.0,31.0,3.0,5.5,12.4,Two year,Fiber,,South,0
25.0,74599.0,57.9,45.67,1.0,1.0,2.02,2.0,4.5,16.6,Month-to-month,DSL,AutoPay,North,0
51.0,36552.0,29.2,75.57,2.0,2.0,15.1,3.0,3.5,0.6,,Fiber,Bank Transfer,West,1
30.0,104487.0,28.2,89.94,0.0,0.0,20.47,1.0,5.4,2.2,Two year,None,AutoPay,East,1
47.0,62202.0,,121.44,2.0,2.0,25.2,0.0,4.1,17.4,Month-to-month,Fiber,Credit Card,West,0
38.0,61502.0,32.9,88.65,,1.0,7.73,1.0,8.8,11.7,Month-to-month,Fiber,UPI,Central,0
27.0,36189.0,14.9,107.67,1.0,0.0,15.31,1.0,5.3,14.2,One year,Fiber,UPI,East,0
38.0,25793.0,38.9,31.04,2.0,0.0,10.46,2.0,5.4,3.8,Two year,None,AutoPay,South,0
36.0,73173.0,44.2,45.59,3.0,2.0,150.0,3.0,7.0,0.0,One year,Fiber,AutoPay,South,0
59.0,108731.0,34.2,114.58,3.0,1.0,9.0,1.0,6.6,0.3,Two year,Fiber,Credit Card,South,0
20.0,99335.0,27.7,84.78,2.0,0.0,5.37,2.0,7.7,10.1,Month-to-month,5G,Bank Transfer,North,1
27.0,,28.2,114.79,1.0,0.0,10.06,1.0,5.1,0.0,Month-to-month,5G,AutoPay,Central,0
21.0,50096.0,,63.72,0.0,0.0,18.5,2.0,8.6,17.8,Month-to-month,Fiber,UPI,North,0
31.0,51319.0,35.7,74.0,2.0,0.0,35.48,1.0,6.6,12.2,Month-to-month,5G,AutoPay,Central,0
29.0,41179.0,16.8,44.89,3.0,2.0,18.95,0.0,8.0,16.1,Month-to-month,None,,Central,0
40.0,51931.0,29.7,114.16,3.0,0.0,26.63,2.0,5.6,14.6,One year,5G,AutoPay,Central,0
43.0,42755.0,23.7,80.53,3.0,0.0,20.39,1.0,6.7,19.5,One year,DSL,Credit Card,West,1
33.0,48846.0,20.1,116.19,2.0,0.0,29.86,1.0,7.8,13.3,One year,None,Cash,North,1
31.0,56967.0,24.0,68.73,5.0,0.0,9.02,3.0,7.0,13.8,Month-to-month,Fiber,Credit Card,North,0
18.0,20039.0,42.9,75.89,2.0,1.0,12.93,3.0,3.3,2.0,Month-to-month,DSL,AutoPay,Central,1
45.0,40341.0,37.7,60.46,3.0,1.0,13.78,1.0,5.8,16.5,One year,Fiber,Bank Transfer,North,1
41.0,95712.0,47.5,64.82,2.0,,11.13,0.0,8.0,22.2,Two year,5G,Cash,South,0
41.0,34806.0,7.9,75.57,3.0,1.0,23.22,2.0,6.8,8.7,Two year,Fiber,Credit Card,South,0
32.0,134746.0,10.2,57.93,5.0,1.0,16.0,3.0,7.6,23.2,Month-to-month,DSL,Credit Card,South,0
24.0,50184.0,76.3,49.0,6.0,0.0,26.16,1.0,5.2,23.9,Month-to-month,Fiber,Bank Transfer,East,0
36.0,138160.0,51.0,92.23,,0.0,16.22,1.0,6.2,16.9,,None,UPI,south ,1
35.0,47247.0,38.5,44.42,2.0,0.0,11.62,3.0,6.4,0.0,Month-to-month,None,Bank Transfer,West,0
3.0,66272.0,44.2,82.53,4.0,,15.36,1.0,6.1,10.7,Month-to-month,Fiber,Cash,West,0
32.0,134746.0,10.2,57.93,5.0,1.0,16.0,3.0,7.6,23.2,Month-to-month,DSL,Credit Card,South,0
45.0,44456.0,18.3,62.37,1.0,1.0,34.78,0.0,8.5,7.3,Two year,Fiber,Credit Card,West,0
,23341.0,26.8,99.4,2.0,1.0,25.58,1.0,7.5,,One year,5G,AutoPay,East,1
36.0,76374.0,56.6,82.93,3.0,2.0,18.33,0.0,5.3,12.1,Month-to-month,None,Cash,West,0
,45802.0,18.8,,1.0,0.0,32.6,1.0,1.0,18.3,Two year,DSL,Bank Transfer,Central,1
29.0,40770.0,21.7,45.82,1.0,1.0,14.66,2.0,4.6,16.4,One year,5G,Cash,North,0
36.0,118319.0,7.7,51.17,1.0,3.0,21.46,2.0,6.7,1.7,Month-to-month,Fiber,Cash,East,1
18.0,,16.9,,5.0,1.0,21.33,0.0,6.3,2.7,Month-to-month,5G,Cash,North,0
31.0,30725.0,17.7,51.76,4.0,2.0,19.34,1.0,5.7,19.8,Month-to-month,5G,UPI,East,0
50.0,,44.1,35.92,1.0,1.0,15.2,2.0,8.8,15.7,Month-to-month,5G,Cash,East,0
3.0,76218.0,23.9,73.03,0.0,1.0,20.23,0.0,5.3,10.6,Month-to-month,DSL,UPI,West,0
47.0,,8.8,72.36,2.0,1.0,17.06,0.0,8.3,22.1,Month-to-month,DSL,UPI,East,0
,59280.0,21.0,56.23,1.0,2.0,20.21,3.0,6.4,8.7,Month-to-month,Fiber,UPI,Central,0
43.0,,10.4,113.87,,0.0,8.13,1.0,4.6,,Month-to-month,5G,Credit Card,Central,0
34.0,22060.0,29.4,71.28,3.0,0.0,4.03,1.0,7.4,14.4,One year,Fiber,AutoPay,East,0
42.0,42645.0,14.3,151.98,,3.0,21.19,2.0,4.0,19.0,One year,5G,Cash,Central,0
18.0,66007.0,41.0,90.62,3.0,1.0,35.94,1.0,8.1,12.0,One year,DSL,Credit Card,East,1
37.0,31162.0,46.5,85.62,3.0,0.0,19.37,2.0,3.1,25.9,One year,None,AutoPay,East,0
40.0,36055.0,20.6,60.94,3.0,2.0,,1.0,10.0,24.2,One year,Fiber,,Central,0
34.0,40465.0,20.8,75.42,2.0,0.0,1.9,0.0,6.6,14.0,Two year,,AutoPay,North,0
7.0,32572.0,24.8,42.7,3.0,0.0,16.56,0.0,5.9,0.0,Month-to-month,Fiber,UPI,South,1
19.0,31592.0,,81.73,1.0,2.0,19.91,0.0,2.8,5.2,Month-to-month,Fiber,Bank Transfer,East,0
41.0,24501.0,47.9,53.96,1.0,1.0,14.21,2.0,7.0,0.0,Month-to-month,Fiber,,Central,0
35.0,123669.0,21.9,78.2,1.0,1.0,20.7,2.0,7.5,19.9,Two year,DSL,Credit Card,Central,0
60.0,41208.0,11.6,72.22,1.0,1.0,7.99,2.0,6.5,14.0,Two year,Fiber,UPI,South,0
21.0,120437.0,16.2,44.73,7.0,0.0,13.96,1.0,5.9,15.2,One year,5G,UPI,East,0
34.0,57032.0,29.4,51.25,,2.0,30.18,1.0,7.3,6.5,Month-to-month,DSL,Credit Card,East,0
38.0,65921.0,33.1,89.79,3.0,0.0,28.77,1.0,3.2,31.6,Month-to-month,DSL,Cash,North,0
25.0,51030.0,42.3,91.74,2.0,1.0,23.65,2.0,3.3,14.1,Two year,5G,Bank Transfer,South,0
41.0,49199.0,61.6,94.67,5.0,1.0,20.15,,6.6,,Month-to-month,DSL,UPI,North,1
18.0,29146.0,76.5,73.5,1.0,0.0,19.85,1.0,4.6,14.1,One year,5G,Cash,South,0
38.0,176716.0,16.9,99.12,4.0,0.0,1.0,1.0,7.8,15.3,Month-to-month,Fiber,UPI,West,0
36.0,52915.0,26.4,69.0,2.0,1.0,13.87,1.0,3.4,20.2,Month-to-month,DSL,AutoPay, SOUTH,1
40.0,59594.0,36.9,65.11,4.0,0.0,12.29,1.0,3.2,13.1,Month-to-month,DSL,Cash,Central,1
28.0,49593.0,49.6,119.0,35.0,0.0,29.17,0.0,5.6,10.8,Month-to-month,None,UPI,West,0
39.0,26518.0,6.4,92.04,0.0,0.0,20.24,0.0,6.8,20.7,,5G,UPI,East,1
29.0,83694.0,6.3,130.03,2.0,1.0,15.57,,8.6,9.5,Month-to-month,5G,Cash,North,0
28.0,104794.0,5.1,49.61,3.0,1.0,7.24,1.0,5.0,0.0,Month-to-month,5G,AutoPay,North,0
26.0,50062.0,17.0,67.34,3.0,2.0,18.09,1.0,8.0,23.2,Month-to-month,5G,Cash,North,0
50.0,97893.0,10.3,45.55,0.0,2.0,28.25,0.0,3.5,12.6,One year,Fiber,UPI,West,0
22.0,18000.0,14.9,98.26,0.0,1.0,17.68,0.0,4.3,14.8,Month-to-month,DSL,UPI,West,0
4.0,59188.0,21.3,103.8,4.0,0.0,,0.0,4.7,27.7,One year,5G,AutoPay,West,0
49.0,47624.0,11.0,60.56,2.0,3.0,26.14,1.0,7.6,18.1,Month-to-month,5G,Cash,South,1
41.0,105213.0,9.2,101.92,0.0,4.0,16.2,,7.1,22.8,Month-to-month,Fiber,AutoPay,West,1
32.0,54874.0,14.9,78.33,1.0,0.0,30.65,1.0,3.1,11.5,Month-to-month,Fiber,Credit Card,South,0
32.0,90678.0,30.3,87.22,3.0,0.0,16.09,0.0,4.1,18.4,Month-to-month,Fiber,Credit Card,Central,0
26.0,23716.0,33.2,118.48,0.0,1.0,2.16,1.0,10.0,0.0,Month-to-month,DSL,Credit Card,North,0
47.0,48515.0,24.0,73.09,2.0,2.0,19.24,2.0,3.7,,One year,Fiber,,Central,1
20.0,38243.0,22.2,73.8,0.0,2.0,15.65,2.0,4.2,15.0,Two year,Fiber,Credit Card,South,0
41.0,53861.0,34.6,47.51,1.0,0.0,16.44,1.0,7.3,2.5,Month-to-month,Fiber,AutoPay,Central,0
41.0,45928.0,36.7,110.39,3.0,0.0,3.06,0.0,8.4,7.7,Two year,DSL,UPI,East,0
33.0,54408.0,37.9,111.38,7.0,,9.18,,6.6,4.0,Month-to-month,5G,Cash,South,0
30.0,39079.0,19.2,109.72,2.0,1.0,10.01,0.0,5.9,8.9,One year,Fiber,Bank Transfer,West,1
46.0,45169.0,45.7,115.41,4.0,2.0,27.43,,6.1,28.3,One year,,UPI,South,0
27.0,91338.0,32.1,61.9,0.0,2.0,16.65,2.0,4.9,4.7,Two year,Fiber,Cash,South,0
31.0,40422.0,9.5,47.79,0.0,1.0,20.53,1.0,6.5,23.9,Month-to-month,Fiber,AutoPay,North,0
28.0,125042.0,15.1,68.68,1.0,1.0,16.58,0.0,5.2,1.6,Two year,Fiber,UPI,North,0
56.0,22842.0,47.2,96.96,2.0,0.0,20.53,2.0,,12.8,,DSL,Cash,South,0
43.0,18077.0,7.8,76.19,2.0,1.0,9.79,0.0,10.0,14.9,One year,DSL,Credit Card,West,0
36.0,43891.0,12.6,50.2,4.0,1.0,15.19,1.0,5.6,0.0,Two year,Fiber,UPI,East,0
19.0,65171.0,33.3,20.0,3.0,0.0,16.95,1.0,6.8,2.1,Two year,Fiber,AutoPay,North,0
,47071.0,39.7,120.48,0.0,1.0,8.09,2.0,4.2,17.7,One year,DSL,AutoPay,,1
33.0,60862.0,24.4,56.82,1.0,1.0,19.09,2.0,5.7,18.6,Two year,DSL,UPI,East,0
44.0,55540.0,,77.56,6.0,1.0,22.68,3.0,7.0,0.5,Month-to-month,5G,Bank Transfer,South,1
25.0,71440.0,25.8,93.98,0.0,1.0,19.32,0.0,9.2,3.5,Month-to-month,,Bank Transfer,Central,0
33.0,43002.0,17.9,44.25,2.0,2.0,,0.0,5.4,13.8,Two year,None,UPI,West,0
47.0,78582.0,18.7,93.07,,1.0,21.75,0.0,5.5,17.4,Month-to-month,DSL,Bank Transfer,South,1
42.0,61298.0,27.0,83.36,6.0,0.0,8.43,1.0,4.5,18.9,Month-to-month,Fiber,Bank Transfer,East,0
24.0,93772.0,23.8,85.79,4.0,0.0,5.69,1.0,4.4,12.5,Month-to-month,5G,UPI,North,0
39.0,44345.0,31.4,64.07,4.0,0.0,3.83,1.0,6.1,,Month-to-month,,UPI,West,0
39.0,43895.0,20.8,84.53,2.0,3.0,15.51,1.0,7.2,15.3,One year,Fiber,Credit Card,East,1
47.0,26722.0,14.7,72.19,3.0,2.0,,0.0,9.0,15.2,Two year,DSL,Credit Card,West,0
33.0,54273.0,46.7,94.99,6.0,1.0,,2.0,7.6,16.8,One year,Fiber,AutoPay,South,0
29.0,47499.0,62.4,83.29,3.0,2.0,32.81,,9.2,36.4,Two year,5G,Bank Transfer,North,0
43.0,23847.0,15.6,35.33,4.0,0.0,17.46,0.0,5.9,14.7,Month-to-month,Fiber,AutoPay,North,0
36.0,61504.0,7.4,60.66,4.0,1.0,13.59,1.0,3.8,5.7,One year,DSL,UPI,West,1
34.0,30136.0,18.9,47.11,2.0,2.0,21.97,0.0,5.6,17.0,One year,Fiber,AutoPay,North,1
45.0,36349.0,36.5,600.0,4.0,1.0,13.25,0.0,4.5,16.3,One year,Fiber,Bank Transfer,Central,0
38.0,69558.0,42.9,74.02,1.0,1.0,17.65,5.0,5.2,25.2,Month-to-month,Fiber,Bank Transfer,Central,1
38.0,49550.0,40.9,72.72,50.0,0.0,27.81,1.0,3.5,16.2,Month-to-month,FIBER,UPI,Central,1
26.0,62998.0,8.4,92.48,5.0,1.0,24.94,0.0,,9.7,Month-to-month,DSL,Bank Transfer,North,0
30.0,45465.0,16.6,93.7,1.0,1.0,23.03,,7.9,11.6,Month-to-month,Fiber,Cash,South,0
40.0,82991.0,,84.27,2.0,2.0,22.89,2.0,6.6,23.6,Month-to-month,DSL,UPI,South,1
41.0,,7.1,48.79,1.0,,,3.0,,8.0,Two year,Fiber,Credit Card,North,0
57.0,84877.0,47.0,36.73,0.0,1.0,19.76,1.0,5.7,14.6,Month-to-month,Fiber,AutoPay,North,0
45.0,1500000.0,24.8,43.9,1.0,3.0,,1.0,8.2,5.7,month-to-month,DSL,UPI,East,0
35.0,25744.0,27.4,71.49,4.0,0.0,7.31,1.0,6.3,12.7,One year,DSL,Credit Card,North,1
18.0,24626.0,30.0,56.94,4.0,0.0,22.03,4.0,6.6,27.7,Month-to-month,Fiber,Cash,East,0
,40830.0,22.2,128.55,2.0,0.0,15.78,,8.2,6.7,Month-to-month,Fiber,UPI,South,0
40.0,48719.0,,75.93,0.0,2.0,21.86,2.0,,15.2,Month-to-month,Fiber,Credit Card,West,0
53.0,54029.0,19.7,,1.0,0.0,5.93,0.0,7.8,21.3,One year,Fiber,AutoPay,Central,0
34.0,120029.0,13.9,73.31,2.0,,9.32,0.0,5.6,24.6,Month-to-month,DSL,Bank Transfer,East,0
27.0,48600.0,27.8,77.92,1.0,1.0,22.44,1.0,7.8,0.0,Month-to-month,DSL,Credit Card,Central,0
51.0,27875.0,23.2,70.29,2.0,2.0,5.86,1.0,8.8,7.1,One year,5G,Cash,North,0
38.0,36127.0,16.8,59.9,4.0,0.0,12.89,0.0,5.8,18.1,One year,Fiber,AutoPay,South,0
7.0,151123.0,4.0,73.88,2.0,1.0,34.26,0.0,6.2,26.5,Month-to-month,DSL,AutoPay,East,1
39.0,170025.0,21.0,94.34,1.0,1.0,29.18,1.0,5.8,15.5,,Fiber,Cash,North,1
30.0,29680.0,35.5,77.42,7.0,1.0,33.24,2.0,5.5,31.1,Month-to-month,DSL,Credit Card,West,0
42.0,71040.0,8.3,54.16,4.0,2.0,9.84,1.0,4.6,27.6,Two year,5G,AutoPay,East,0
47.0,43984.0,19.1,63.78,1.0,2.0,5.71,0.0,5.8,8.9,One year,DSL,UPI,Central,1
45.0,24064.0,31.9,67.93,2.0,1.0,10.66,1.0,7.2,22.4,One year,Fiber,Cash,West,0
58.0,53042.0,,95.72,2.0,1.0,35.54,2.0,7.1,19.7,Two year,DSL,UPI,West,0
59.0,74684.0,39.3,66.24,1.0,1.0,12.56,0.0,6.8,27.4,Two year,Fiber,Bank Transfer,North,1
18.0,36744.0,17.6,82.52,2.0,1.0,31.03,0.0,5.1,18.3,One year,Fiber,Credit Card,West,0
26.0,76309.0,19.0,68.31,2.0,0.0,3.51,,5.8,0.0,Month-to-month,DSL,Credit Card,South,0
45.0,42198.0,26.7,78.07,1.0,2.0,23.04,6.0,7.6,16.3,One year,Fiber,,North,0
,55407.0,24.9,89.41,2.0,2.0,,1.0,3.5,3.5,Month-to-month,None,Cash,North,0
37.0,29948.0,,88.63,2.0,0.0,28.59,2.0,10.0,7.0,Two year,None,Cash,East,0
36.0,49782.0,35.7,83.63,1.0,0.0,16.12,0.0,6.3,11.6,Month-to-month,DSL,Cash,North,0
32.0,37032.0,10.0,80.52,,0.0,9.25,2.0,8.9,11.6,Two year,Fiber,UPI,East,1
49.0,68363.0,35.3,73.3,2.0,2.0,16.56,0.0,4.6,0.0,Month-to-month,DSL,Cash,West,0
30.0,54087.0,9.8,65.91,2.0,2.0,10.21,0.0,8.2,18.3,One year,Fiber,Bank Transfer,Central,0
45.0,73000.0,29.7,80.02,1.0,1.0,23.88,1.0,3.9,0.0,Month-to-month,Fiber,Credit Card,West,0
52.0,31541.0,34.3,78.79,2.0,4.0,14.28,,6.4,7.9,month-to-month,Fiber,UPI,Central,1
47.0,67775.0,120.0,76.81,4.0,2.0,9.53,1.0,6.5,13.0,Month-to-month,None,Cash,South,0
29.0,138135.0,29.5,76.42,4.0,3.0,12.21,1.0,5.5,26.9,Two year,5G,Bank Transfer,,0
31.0,123996.0,11.2,47.12,1.0,1.0,28.2,3.0,6.1,7.4,Month-to-month,DSL,Cash,Central,1
45.0,42044.0,22.6,65.31,3.0,1.0,19.53,0.0,6.1,9.0,Month-to-month,Fiber,,North,0
53.0,19052.0,10.8,101.17,2.0,0.0,22.96,3.0,9.5,9.9,Two year,5G,upi,East,1
43.0,95192.0,38.4,59.62,3.0,0.0,31.42,4.0,5.9,15.5,Month-to-month,Fiber,,East,0
19.0,46879.0,13.0,94.16,1.0,0.0,17.59,,5.8,0.0,Month-to-month,5G,Cash,North,0
59.0,61538.0,27.6,58.67,1.0,0.0,25.0,1.0,4.9,15.0,One year,,UPI,North,0
30.0,91532.0,10.3,94.33,2.0,0.0,12.03,0.0,9.1,16.2,Month-to-month,5G,Credit Card,Central,0
34.0,39674.0,21.0,64.08,0.0,2.0,19.32,2.0,5.5,20.4,Month-to-month,Fiber,UPI,North,1
48.0,30011.0,47.4,81.78,4.0,1.0,1.0,0.0,3.6,0.8,One year,Fiber,Credit Card,Central,0
35.0,61881.0,72.5,57.33,1.0,0.0,32.47,0.0,5.0,14.2,Two year,None,UPI,Central,0
37.0,21134.0,26.6,83.13,4.0,2.0,18.24,0.0,4.3,12.9,Month-to-month,DSL,Bank Transfer,North,0
63.0,77447.0,11.2,57.92,1.0,2.0,12.53,0.0,2.8,11.7,Month-to-month,5G,Cash,South,0
22.0,25854.0,,76.36,3.0,0.0,1.75,2.0,6.6,19.9,One year,Fiber,Credit Card,North,0
,24712.0,,116.87,3.0,0.0,23.91,2.0,9.2,10.1,Month-to-month,DSL,Cash,East,0
30.0,51315.0,16.1,101.56,,1.0,9.91,0.0,9.1,17.6,One year,Fiber,Cash,South,0
37.0,58177.0,27.8,54.87,2.0,1.0,8.41,1.0,,13.8,One year,DSL,Credit Card,South,0
27.0,45845.0,26.1,85.03,1.0,0.0,23.66,0.0,5.7,21.4,Month-to-month,,Credit Card,Central,0
39.0,27015.0,28.8,64.87,5.0,5.0,1.18,2.0,7.0,15.3,Month-to-month,DSL,Cash,West,1
55.0,28661.0,24.6,79.4,2.0,0.0,25.14,3.0,3.1,15.7,One year,DSL,Bank Transfer,North,1
27.0,57826.0,35.6,91.56,3.0,1.0,15.41,0.0,6.6,0.0,month-to-month,5G,UPI,Central,0
47.0,107851.0,15.6,61.2,1.0,0.0,13.15,2.0,4.6,8.5,Two year,Fiber,AutoPay,North,0
32.0,48443.0,19.8,76.21,5.0,1.0,22.08,0.0,2.6,18.6,Month-to-month,None,upi,North,0
49.0,63673.0,58.9,47.73,2.0,2.0,16.75,0.0,,6.7,One year,Fiber,Bank Transfer,South,0
47.0,47612.0,25.9,87.89,1.0,0.0,2.89,1.0,7.3,7.0,Month-to-month,5G,Bank Transfer,West,1
29.0,87703.0,5.5,82.09,3.0,1.0,17.65,2.0,3.2,13.4,Month-to-month,Fiber,Bank Transfer,North,0
33.0,82070.0,18.3,114.42,0.0,1.0,9.75,0.0,5.5,,Month-to-month,DSL,Bank Transfer,East,0
18.0,44973.0,52.5,69.91,2.0,3.0,19.21,4.0,6.0,1.1,Month-to-month,Fiber,AutoPay,East,0
41.0,54672.0,36.0,116.2,3.0,1.0,,0.0,1.0,17.1,Month-to-month,Fiber,Bank Transfer,South,0
41.0,24035.0,15.9,117.14,4.0,2.0,4.61,1.0,9.0,5.3,Month-to-month,5G,AutoPay,Central,0
200.0,42850.0,42.5,79.38,,1.0,21.24,3.0,6.1,18.3,Two year,5G,AutoPay,Central,0
23.0,76111.0,44.2,77.58,2.0,0.0,19.21,0.0,8.3,9.7,Two year,DSL,Credit Card,West,0
27.0,98665.0,28.4,81.02,3.0,4.0,13.12,1.0,6.9,6.0,One year,Fiber,AutoPay,South,1
38.0,35284.0,15.8,62.31,2.0,2.0,27.45,3.0,8.6,14.5,,Fiber,,East,1
41.0,49686.0,7.4,84.81,2.0,1.0,24.84,2.0,6.1,7.7,One year,Fiber,AutoPay,North,1
61.0,42853.0,11.8,59.28,2.0,1.0,35.17,1.0,6.0,0.0,One year,DSL,Credit Card,South,1
44.0,87586.0,67.9,84.26,2.0,2.0,18.05,0.0,5.4,4.3,Two year,5G,UPI,West,0
22.0,78279.0,8.2,64.1,1.0,1.0,27.15,0.0,4.5,16.3,Month-to-month,Fiber,UPI,East,0
31.0,18000.0,7.5,96.08,3.0,0.0,15.54,2.0,5.3,8.7,,Fiber,AutoPay,North,0
56.0,140862.0,8.4,,4.0,0.0,13.55,1.0,7.5,20.7,Month-to-month,5G,Cash,East,0
38.0,69060.0,24.9,81.08,2.0,1.0,20.39,1.0,5.7,4.5,Month-to-month,DSL,Credit Card,North,0
54.0,29279.0,55.5,108.9,0.0,1.0,33.48,3.0,6.0,10.5,One year,Fiber,AutoPay,West,0
32.0,22240.0,8.0,106.17,2.0,4.0,24.33,,9.7,19.4,,Fiber,Bank Transfer,North,1
42.0,149001.0,45.8,89.43,3.0,0.0,33.66,3.0,8.3,26.3,Month-to-month,5G,Credit Card,East,0
52.0,57007.0,18.1,82.15,2.0,0.0,22.75,2.0,8.6,11.1,Month-to-month,,UPI,West,0
31.0,75165.0,20.9,106.16,4.0,0.0,,4.0,6.2,21.4,One year,Fiber,,West,0
41.0,32215.0,28.4,76.51,1.0,0.0,15.73,1.0,7.6,3.6,Month-to-month,DSL,AutoPay,East,1
37.0,104557.0,39.1,61.21,4.0,1.0,9.07,2.0,6.6,18.5,Two year,Fiber,Credit Card,Central,0
30.0,30122.0,38.2,89.46,0.0,0.0,9.95,0.0,9.3,0.0,One year,DSL,UPI,Central,0
26.0,,71.1,109.94,2.0,1.0,6.84,2.0,,3.5,One year,Fiber,Credit Card,South,0
40.0,75311.0,15.2,99.35,3.0,1.0,1.0,0.0,4.9,11.3,One year,DSL,Bank Transfer,,1
39.0,26843.0,10.1,50.63,0.0,0.0,19.93,2.0,7.5,21.8,Month-to-month,None,UPI,West,1
24.0,25488.0,9.7,77.96,0.0,2.0,23.48,1.0,6.7,12.7,One year,,Cash,South,0
49.0,21681.0,7.8,92.09,2.0,0.0,28.36,2.0,7.7,21.1,One year,,,South,1
42.0,50047.0,3.0,93.02,1.0,1.0,19.12,0.0,8.9,12.1,One year,Fiber,Bank Transfer,East,0
,46987.0,9.5,112.02,6.0,0.0,10.62,0.0,10.0,13.3,Month-to-month,5G,Cash,East,0
36.0,103540.0,55.7,108.83,4.0,1.0,29.4,,5.9,10.8,Month-to-month,5G,UPI,North,0
46.0,66554.0,10.6,91.17,2.0,,24.9,0.0,10.0,3.1,One year,5G,Credit Card,East,0
35.0,23069.0,26.1,62.13,2.0,1.0,21.18,1.0,8.1,,Month-to-month,Fiber,Credit Card,Central,0
22.0,124483.0,36.6,46.65,2.0,3.0,20.8,0.0,6.9,5.6,Month-to-month,Fiber,Bank Transfer,Central,0
18.0,1500000.0,17.5,123.64,,1.0,10.53,0.0,8.0,19.2,One year,Fiber,AutoPay,East,0
34.0,48732.0,31.3,,2.0,0.0,,0.0,7.0,,Two year,DSL,Bank Transfer,North,0
56.0,32759.0,7.0,85.33,1.0,1.0,15.87,0.0,5.9,2.4,Month-to-month,Fiber,Credit Card,Central,1
35.0,94025.0,43.2,95.8,1.0,0.0,15.44,0.0,7.7,0.0,Month-to-month,Fiber,AutoPay,East,0
37.0,29546.0,46.2,103.22,3.0,2.0,20.23,1.0,6.6,17.7,One year,DSL,UPI,West,0
19.0,63335.0,20.7,70.47,4.0,0.0,5.74,0.0,8.3,14.0,Month-to-month,Fiber,UPI,West,0
39.0,33623.0,23.8,75.59,,2.0,27.28,1.0,8.3,8.4,Month-to-month,None,UPI,Central,0
58.0,60128.0,13.9,53.28,5.0,1.0,24.67,0.0,7.7,13.8,Month-to-month,Fiber,,South,1
3.0,64902.0,14.4,118.56,2.0,0.0,20.69,2.0,7.4,4.9,One year,Fiber,UPI,South,0
35.0,106954.0,45.0,50.93,5.0,0.0,,1.0,7.3,19.9,Month-to-month,Fiber,UPI,Central,0
23.0,76056.0,30.3,51.15,0.0,1.0,31.05,0.0,10.0,3.5,Two year,DSL,UPI,East,0
26.0,66247.0,6.4,91.25,3.0,0.0,17.26,1.0,8.5,8.6,One year,Fiber,AutoPay,Central,0
19.0,61354.0,27.1,94.54,3.0,1.0,17.57,2.0,5.5,6.7,Two year,Fiber,Cash,West,0
41.0,33342.0,29.0,33.2,2.0,2.0,42.08,2.0,3.9,24.1,Month-to-month,Fiber,UPI,Central,0
53.0,45095.0,20.0,46.83,2.0,0.0,,2.0,6.8,7.2,Month-to-month,None,Bank Transfer,West,0
27.0,38428.0,33.8,48.68,2.0,1.0,26.48,2.0,6.2,,Month-to-month,None,Bank Transfer,West,0
54.0,176328.0,31.2,63.9,1.0,3.0,8.96,2.0,5.0,,One year,None,Credit Card,East,1
46.0,98671.0,14.8,58.31,2.0,1.0,19.74,3.0,7.4,21.6,One year,5G,UPI,Central,0
46.0,52160.0,19.2,70.11,2.0,0.0,12.97,1.0,5.2,4.2,Two year,DSL,Credit Card,South,0
40.0,79644.0,31.1,44.36,0.0,2.0,11.14,1.0,6.5,17.5,One year,5G,Bank Transfer,South,0
,18000.0,17.7,82.85,3.0,1.0,,,9.9,0.0,Two year,None,Cash,West,0
23.0,50871.0,19.3,51.55,9.0,0.0,,3.0,5.1,12.0,Month-to-month,Fiber,UPI,South,0
31.0,90281.0,11.6,89.3,4.0,2.0,23.57,1.0,8.6,,Month-to-month,Fiber,Cash,East,1
35.0,45581.0,,82.86,1.0,1.0,23.2,0.0,8.5,9.7,Two year,5G,UPI,Central,0
33.0,133397.0,41.4,53.58,1.0,0.0,24.57,0.0,8.4,11.7,Month-to-month,Fiber,AutoPay,Central,0
25.0,56043.0,7.6,74.01,4.0,1.0,23.17,1.0,6.1,19.7,Month-to-month,DSL,AutoPay,North,0
45.0,76496.0,58.2,60.53,0.0,1.0,29.68,2.0,6.7,11.4,Month-to-month,DSL,Credit Card,East,0
44.0,119492.0,25.8,49.91,4.0,3.0,17.35,0.0,7.5,21.9,One year,DSL,Credit Card,East,0
24.0,54053.0,72.3,88.96,3.0,1.0,23.69,0.0,5.3,16.7,One year,5G,Bank Transfer,East,0
53.0,92029.0,52.2,100.62,2.0,0.0,19.66,1.0,4.2,10.9,Two year,None,AutoPay,West,1
37.0,24878.0,31.4,64.98,1.0,1.0,22.22,1.0,8.2,8.7,One year,Fiber,UPI,East,0
41.0,43287.0,32.5,83.95,2.0,2.0,25.29,1.0,5.7,6.6,Month-to-month,Fiber,Credit Card,East,0
24.0,40015.0,24.0,73.12,0.0,2.0,19.32,1.0,5.7,23.3,Two year,5G,UPI,Central,0
,125491.0,25.7,64.66,1.0,0.0,22.44,1.0,4.7,,One year,5G,AutoPay,Central,0
33.0,54230.0,39.6,65.64,3.0,0.0,17.92,0.0,1.5,0.5,Two year,5G,AutoPay,North,0
40.0,27193.0,13.9,99.02,1.0,1.0,18.77,2.0,8.0,14.3,Month-to-month,DSL,AutoPay,West,0
39.0,29105.0,30.1,98.98,2.0,0.0,29.06,4.0,6.3,16.6,Month-to-month,Fiber,Cash,Central,1
39.0,22749.0,15.3,90.1,3.0,0.0,24.5,,5.3,0.0,One year,None,upi,West,0
38.0,69337.0,26.9,39.55,2.0,1.0,25.67,2.0,8.5,17.8,Month-to-month,None,AutoPay,Central,0
29.0,39572.0,12.2,123.36,1.0,1.0,12.08,2.0,6.9,15.7,Month-to-month,DSL,UPI,West,1
29.0,78012.0,28.9,71.3,5.0,1.0,,3.0,9.3,22.9,One year,Fiber,UPI,Central,0
40.0,141769.0,69.5,97.19,2.0,0.0,28.31,0.0,6.5,12.4,One year,DSL,Bank Transfer,South,0
38.0,100006.0,18.3,65.18,1.0,1.0,,0.0,6.0,7.3,Month-to-month,5G,Credit Card,Central,1
41.0,42884.0,22.7,119.6,1.0,0.0,10.52,1.0,8.1,13.0,Month-to-month,None,Cash,Central,1
26.0,43864.0,85.2,51.94,3.0,1.0,30.22,1.0,5.9,15.0,Two year,DSL,UPI,South,0
38.0,32020.0,39.2,84.86,1.0,1.0,22.41,0.0,7.7,3.6,month-to-month,Fiber,AutoPay,Central,0
42.0,68667.0,44.2,110.09,2.0,0.0,1.0,2.0,3.6,4.6,Month-to-month,DSL,Bank Transfer,East,0
53.0,88020.0,13.0,120.67,2.0,1.0,1.0,0.0,7.7,3.1,Two year,DSL,UPI,South,0
30.0,35394.0,13.0,73.58,2.0,1.0,20.54,,8.1,0.0,Two year,5G,Credit Card,Central,0
,74608.0,60.1,71.82,3.0,0.0,19.81,2.0,3.2,9.8,Two year,Fiber,Cash,South,0
26.0,53616.0,9.2,79.4,1.0,0.0,20.17,0.0,5.0,14.9,One year,None,Credit Card,West,0
40.0,25474.0,5.2,59.49,1.0,1.0,17.75,1.0,3.4,9.8,Month-to-month,,Cash,North,1
27.0,27932.0,33.3,73.97,2.0,1.0,18.5,1.0,8.1,21.5,Month-to-month,DSL,Cash,East,0
32.0,26434.0,16.8,96.23,0.0,0.0,26.28,1.0,5.6,18.8,One year,Fiber,Credit Card,West,0
18.0,28628.0,28.5,42.97,0.0,0.0,13.82,3.0,7.8,3.7,Two year,Fiber,AutoPay,West,0
34.0,179460.0,13.6,82.02,1.0,4.0,30.85,0.0,4.0,5.6,Two year,DSL,Credit Card,East,1
18.0,25335.0,29.5,57.46,25.0,1.0,14.09,1.0,,3.5,,DSL,Credit Card,Central,1
46.0,56985.0,45.5,52.12,1.0,2.0,9.79,2.0,6.6,10.4,Two year,DSL,Credit Card,South,1
52.0,33322.0,35.0,94.35,3.0,1.0,22.94,1.0,7.2,21.3,Month-to-month,Fiber,Cash,South,0
41.0,39394.0,22.0,52.27,1.0,3.0,14.67,0.0,,7.5,Month-to-month,5G,Cash,South,0
34.0,38224.0,40.9,73.01,2.0,0.0,9.03,0.0,6.7,10.1,Month-to-month,Fiber,Cash,Central,0
,128799.0,27.5,100.1,1.0,2.0,,1.0,10.0,25.9,Month-to-month,DSL,Credit Card,West,0
32.0,24421.0,51.5,38.93,2.0,1.0,26.76,0.0,5.0,3.2,Two year,Fiber,Cash,South,0
20.0,49469.0,59.8,94.82,2.0,0.0,9.68,,5.6,0.4,Two year,Fiber,Bank Transfer,Central,0
26.0,65960.0,22.6,64.27,5.0,0.0,17.16,2.0,7.5,6.7,Month-to-month,Fiber,AutoPay,West,0
37.0,50954.0,35.7,62.22,2.0,2.0,20.76,2.0,5.7,2.3,One year,5G,Credit Card,South,1
45.0,26372.0,19.7,54.74,2.0,1.0,26.99,1.0,8.7,11.4,One year,None,Cash,,0
40.0,38839.0,42.3,84.84,1.0,1.0,9.38,0.0,6.7,11.1,One year,Fiber,Bank Transfer,Central,0
32.0,70493.0,14.5,115.2,1.0,0.0,11.21,2.0,6.1,9.9,One year,Fiber,UPI,Central,0
44.0,43556.0,,42.17,2.0,2.0,17.02,0.0,4.2,11.5,One year,Fiber,Credit Card,Central,1
34.0,59696.0,24.3,59.19,2.0,0.0,31.91,2.0,6.5,11.8,Month-to-month,Fiber,UPI,North,0
42.0,30558.0,32.2,45.98,3.0,2.0,26.52,0.0,8.6,12.2,One year,Fiber,AutoPay,West,0
,52939.0,66.3,99.73,2.0,2.0,24.19,0.0,4.5,15.8,One year,Fiber,Credit Card,North,0
37.0,18000.0,37.9,53.26,5.0,0.0,15.65,2.0,4.4,24.6,Month-to-month,DSL,Bank Transfer,North,1
47.0,56756.0,29.5,81.65,4.0,1.0,14.65,2.0,9.6,9.6,One year,Fiber,UPI,South,1
29.0,31204.0,11.5,64.28,0.0,0.0,7.27,1.0,9.2,20.0,One year,Fiber,Credit Card,East,0
48.0,,10.9,111.94,3.0,1.0,1.0,1.0,8.2,14.1,Month-to-month,DSL,AutoPay,East,1
49.0,79571.0,22.3,65.36,2.0,0.0,22.75,2.0,6.3,0.0,One year,Fiber,AutoPay,East,0
26.0,154017.0,21.5,,,2.0,32.32,1.0,7.0,13.6,Two year,5G,Cash,Central,0
37.0,88487.0,28.5,75.56,1.0,2.0,17.93,1.0,7.9,12.3,Month-to-month,Fiber,Bank Transfer,South,0
50.0,76787.0,17.9,66.73,2.0,0.0,3.51,1.0,5.5,20.9,One year,DSL,UPI,Central,0
35.0,174332.0,48.9,90.98,0.0,1.0,25.0,3.0,5.8,0.0,Month-to-month,Fiber,Bank Transfer,East,1
44.0,67903.0,30.0,59.18,1.0,0.0,,1.0,6.6,11.7,Month-to-month,Fiber,AutoPay,West,0
4.0,80163.0,12.0,66.24,0.0,0.0,7.08,2.0,5.4,16.3,,None,Credit Card,West,0
31.0,128285.0,21.9,52.13,1.0,,16.0,0.0,6.6,10.2,One year,fiber,Cash,South,0
48.0,22062.0,56.0,73.16,1.0,1.0,17.45,2.0,6.9,12.4,Month-to-month,DSL,Cash,North,0
59.0,48289.0,18.3,36.15,2.0,0.0,26.8,2.0,7.4,13.9,Month-to-month,DSL,Credit Card,,0
36.0,22308.0,14.5,88.12,1.0,1.0,23.9,0.0,5.9,3.2,Month-to-month,Fiber,AutoPay,East,1
45.0,46082.0,23.7,83.42,,2.0,19.55,0.0,5.5,27.4,Two year,DSL,Bank Transfer,North,0
48.0,64230.0,25.1,66.76,0.0,1.0,13.73,0.0,8.5,0.0,Month-to-month,DSL,Bank Transfer,West,0
60.0,41468.0,,104.78,2.0,0.0,17.89,4.0,6.6,2.6,Two year,DSL,AutoPay,West,0
46.0,48975.0,30.2,105.08,3.0,1.0,8.02,2.0,9.0,5.7,One year,DSL,UPI,West,0
18.0,69843.0,24.6,80.5,1.0,0.0,25.0,,7.1,9.8,Two year,Fiber,AutoPay,East,0
55.0,31635.0,7.2,88.5,2.0,1.0,19.12,0.0,7.3,19.8,Month-to-month,Fiber,Bank Transfer,North,1
45.0,37028.0,7.8,98.19,3.0,0.0,150.0,2.0,5.1,15.1,Month-to-month,Fiber,Cash,,1
23.0,99921.0,18.5,51.89,1.0,1.0,27.42,1.0,6.9,13.7,,DSL,AutoPay,,0
26.0,77415.0,34.1,59.27,2.0,0.0,,3.0,8.3,19.4,Month-to-month,Fiber,Bank Transfer,Central,0
39.0,47716.0,15.6,70.36,2.0,1.0,17.15,2.0,7.0,5.7,Month-to-month,Fiber,,East,0
35.0,23557.0,33.9,600.0,1.0,1.0,22.75,1.0,9.8,15.4,Two year,5G,UPI,West,0
47.0,50998.0,12.4,20.0,1.0,0.0,21.72,2.0,8.1,15.6,Two year,DSL,UPI,East,0
63.0,83510.0,20.0,68.8,4.0,0.0,15.04,1.0,4.9,9.2,,Fiber,Cash,South,0
56.0,30284.0,7.0,123.91,2.0,1.0,3.56,2.0,5.6,,Month-to-month,DSL,Credit Card,West,1
43.0,40041.0,61.9,92.5,2.0,0.0,15.05,0.0,6.4,11.9,Two year,None,Bank Transfer,West,0
,64877.0,14.6,103.11,1.0,3.0,22.71,3.0,6.3,10.6,Month-to-month,Fiber,Bank Transfer,East,1
36.0,149707.0,7.7,92.8,2.0,0.0,6.2,3.0,6.8,8.3,,DSL,Credit Card,North,0
25.0,50210.0,7.4,48.78,4.0,1.0,30.9,0.0,7.1,18.6,Two year,DSL,AutoPay,Central,0
59.0,92687.0,6.0,87.95,3.0,0.0,27.87,2.0,5.0,12.2,Month-to-month,Fiber,UPI,Central,0
21.0,109447.0,8.9,78.88,3.0,2.0,17.35,2.0,7.4,14.5,One year,Fiber,Bank Transfer,North,0
43.0,,33.5,90.3,4.0,2.0,32.68,2.0,9.6,12.3,One year,DSL,Cash,East,0
7.0,57410.0,4.1,95.87,5.0,0.0,,2.0,4.1,12.6,One year,,UPI,West,0
37.0,54574.0,23.8,101.9,3.0,1.0,19.42,,7.4,17.9,One year,,AutoPay,West,0
42.0,46655.0,13.5,74.17,5.0,0.0,21.35,2.0,5.0,0.0,One year,Fiber,UPI,West,0
44.0,95752.0,21.2,115.24,4.0,3.0,21.21,2.0,8.7,22.5,Month-to-month,Fiber,Credit Card,,1
57.0,42131.0,16.4,87.97,2.0,0.0,18.8,1.0,2.9,6.8,One year,,Cash,East,0
31.0,81032.0,12.1,35.59,3.0,5.0,10.15,1.0,6.0,15.9,One year,Fiber ,Cash,North,0
45.0,42874.0,39.4,86.91,0.0,1.0,20.64,4.0,2.4,16.2,Month-to-month,Fiber,AutoPay,North,1
38.0,122987.0,15.9,128.25,1.0,0.0,13.32,2.0,8.5,20.5,Two year,DSL,Cash,West,0
38.0,128582.0,7.4,136.94,4.0,0.0,25.79,1.0,10.0,7.1,Month-to-month,Fiber,UPI,Central,0
30.0,69629.0,40.3,111.43,,0.0,4.66,2.0,5.1,13.9,One year,None,AutoPay,West,0
53.0,106388.0,15.8,121.8,3.0,4.0,22.52,0.0,7.3,,Month-to-month,Fiber,,Central,0
23.0,35132.0,33.9,70.85,5.0,,21.69,0.0,6.4,0.3,Month-to-month,DSL,Credit Card,East,0
29.0,59510.0,93.5,101.0,0.0,1.0,5.43,0.0,7.8,18.0,Month-to-month,,Credit Card,South,0
50.0,158195.0,26.8,112.52,0.0,1.0,12.22,2.0,5.6,31.0,Month-to-month,DSL,Cash,North,0
18.0,45849.0,13.1,77.78,2.0,1.0,6.35,1.0,7.0,17.3,One year,Fiber,Cash,East,0
40.0,,46.1,101.34,1.0,1.0,,2.0,5.4,21.2,Two year,DSL,Credit Card,South,1
43.0,20620.0,11.7,118.82,1.0,,22.04,,7.1,0.0,Month-to-month,Fiber,Cash,North,1
,128762.0,22.3,60.75,3.0,0.0,20.87,0.0,7.5,21.2,One year,Fiber,,Central,0
48.0,123038.0,25.8,42.61,3.0,1.0,28.78,,7.9,22.7,Month-to-month,Fiber,Credit Card,South,1
45.0,27165.0,26.9,64.14,2.0,1.0,2.27,5.0,3.7,10.6,Two year,DSL,UPI,South,0
