id,surgery,age,hospital_number,rectal_temp,pulse,respiratory_rate,temp_of_extremities,peripheral_pulse,mucous_membrane,capillary_refill_time,pain,peristalsis,abdominal_distention,nasogastric_tube,nasogastric_reflux,nasogastric_reflux_ph,rectal_exam_feces,abdomen,packed_cell_volume,total_protein,abdomo_appearance,abdomo_protein,surgical_lesion,lesion_1,lesion_2,lesion_3,cp_data,outcome
0,yes,adult,530001,38.1,132,24,cool,reduced,dark_cyanotic,more_3_sec,depressed,absent,slight,slight,less_1_liter,6.5,decreased,distend_small,57,8.5,serosanguious,3.4,yes,2209,0,0,no,died
1,yes,adult,533836,37.5,88,12,cool,normal,pale_cyanotic,more_3_sec,mild_pain,absent,moderate,,more_1_liter,2,absent,distend_small,33,64,serosanguious,2,yes,2208,0,0,no,euthanized
2,yes,adult,529812,38.3,120,28,cool,reduced,pale_pink,less_3_sec,extreme_pain,hypomotile,moderate,slight,,3.5,,distend_large,37,6.4,serosanguious,3.4,yes,5124,0,0,no,lived
3,yes,adult,5262541,37.1,72,30,cold,reduced,pale_pink,more_3_sec,mild_pain,hypomotile,moderate,slight,more_1_liter,2,decreased,distend_small,53,7,cloudy,3.9,yes,2208,0,0,yes,lived
4,no,adult,5299629,38,52,48,normal,normal,normal_pink,less_3_sec,alert,hypomotile,,slight,less_1_liter,7,normal,normal,47,7.3,cloudy,2.6,no,0,0,0,yes,lived
5,no,adult,529642,38.1,56,32,normal,normal,bright_pink,less_3_sec,depressed,hypomotile,,,more_1_liter,5,decreased,firm,49,8,cloudy,2.8,no,0,0,0,yes,lived
6,yes,adult,534787,38.3,36,16,cool,reduced,normal_pink,less_3_sec,severe_pain,normal,slight,,more_1_liter,2,decreased,,43,75,cloudy,1,no,3111,0,0,yes,euthanized
7,no,adult,529461,39.2,114,24,cool,reduced,pale_cyanotic,more_3_sec,mild_pain,hypomotile,moderate,slight,,4.5,absent,distend_small,57,7.6,serosanguious,4.5,yes,2207,0,0,yes,died
8,no,adult,528742,37.4,48,12,cool,reduced,normal_pink,less_3_sec,alert,hypermotile,slight,slight,more_1_liter,7,normal,firm,40,7.8,cloudy,2.6,no,0,0,0,yes,lived
9,yes,adult,529640,38.3,129,48,cool,reduced,pale_pink,less_3_sec,depressed,absent,moderate,slight,,4.4,,,57,4.9,cloudy,2.9,yes,3209,0,0,yes,died
10,yes,adult,529642,38.3,84,48,cool,normal,pale_cyanotic,less_3_sec,depressed,absent,moderate,slight,more_1_liter,5.3,absent,distend_small,46,7.5,cloudy,2,yes,2208,0,0,yes,died
11,yes,adult,528682,39.3,84,30,cool,reduced,pale_cyanotic,more_3_sec,depressed,absent,moderate,,more_1_liter,2,absent,distend_large,65,8,clear,2,yes,3205,0,0,no,euthanized
12,yes,adult,530028,38.1,164,36,warm,normal,pale_pink,less_3_sec,alert,hypomotile,moderate,slight,less_1_liter,6,decreased,distend_small,44,6.7,serosanguious,3.6,no,3205,0,0,yes,lived
13,yes,adult,528548,38,66,12,cool,reduced,normal_pink,less_3_sec,depressed,hypomotile,moderate,slight,,4.5,absent,distend_large,60,7.4,serosanguious,3.9,yes,2124,0,0,yes,lived
14,yes,adult,528134,38,124,88,cool,reduced,bright_red,less_3_sec,depressed,hypomotile,,slight,more_1_liter,7,,,39,13,serosanguious,6.6,yes,2206,0,0,yes,lived
15,no,adult,528305,38.3,44,24,warm,normal,pale_pink,less_3_sec,alert,hypermotile,,slight,,3,normal,,33,6.5,cloudy,3.6,no,31110,0,0,yes,lived
16,yes,adult,534885,37.8,60,16,cool,,normal_pink,less_3_sec,depressed,normal,,,more_1_liter,2,normal,,37,75,,1,yes,2208,0,0,no,euthanized
17,yes,adult,5290482,38.8,72,24,cold,reduced,pale_cyanotic,less_3_sec,depressed,hypomotile,moderate,,more_1_liter,4.5,absent,distend_large,52,7.4,serosanguious,3.3,no,3205,0,0,yes,lived
18,yes,adult,5279822,38.1,96,48,cool,reduced,dark_cyanotic,more_3_sec,,,,slight,more_1_liter,5,,,72,6.8,,3.6,yes,2205,0,0,no,died
19,yes,adult,5299629,37.5,70,36,cool,reduced,bright_red,more_3_sec,depressed,hypomotile,,slight,less_1_liter,7.5,normal,normal,35,8.4,serosanguious,4.5,yes,7111,0,0,yes,died
20,yes,adult,533692,37.8,48,16,cool,reduced,normal_pink,less_3_sec,extreme_pain,hypomotile,,slight,more_1_liter,2,absent,distend_large,53,53,clear,2,yes,3205,0,0,no,euthanized
21,yes,adult,535208,37.5,96,24,cool,reduced,dark_cyanotic,more_3_sec,severe_pain,absent,moderate,slight,more_1_liter,2,,distend_small,66,65,serosanguious,2,yes,2208,0,0,no,euthanized
22,yes,adult,528523,38,66,12,normal,normal,pale_pink,less_3_sec,mild_pain,hypomotile,slight,,,3,absent,distend_small,44,6.1,serosanguious,3.6,yes,2208,0,0,yes,lived
23,yes,young,529893,38.7,88,20,warm,normal,pale_cyanotic,less_3_sec,depressed,hypermotile,slight,significant,less_1_liter,7,increased,normal,34,6.1,cloudy,2.6,yes,7111,0,0,no,died
24,yes,adult,534145,38.1,129,48,cool,reduced,pale_pink,less_3_sec,depressed,absent,moderate,,more_1_liter,2,,distend_large,57,66,serosanguious,2,no,3205,0,0,no,euthanized
25,yes,adult,530233,37.6,96,48,cool,reduced,pale_cyanotic,less_3_sec,extreme_pain,absent,moderate,slight,,4.5,absent,,45,4.6,cloudy,2.8,yes,3207,0,0,yes,died
26,yes,adult,529399,39.1,84,48,cool,reduced,dark_cyanotic,less_3_sec,mild_pain,absent,moderate,slight,more_1_liter,5,decreased,normal,59,8.4,serosanguious,3.3,no,4206,0,0,yes,lived
27,yes,adult,530354,38,92,28,cool,reduced,bright_red,less_3_sec,depressed,hypomotile,moderate,significant,more_1_liter,2,,,46,5.3,serosanguious,2,yes,3111,0,0,no,lived
28,yes,adult,528503,39.4,124,32,cold,reduced,pale_cyanotic,less_3_sec,,absent,moderate,slight,more_1_liter,5,decreased,normal,48,7.3,serosanguious,3.4,no,2209,0,0,yes,euthanized
29,no,young,529796,40.3,114,36,cool,reduced,pale_cyanotic,more_3_sec,depressed,hypomotile,moderate,significant,,7,absent,distend_small,47,7.5,serosanguious,4.5,yes,2113,0,0,no,died
30,no,adult,529642,37.6,48,28,cool,normal,normal_pink,less_3_sec,mild_pain,hypomotile,slight,slight,more_1_liter,6.5,normal,firm,49,7,clear,3.6,no,0,0,0,yes,lived
31,no,adult,529796,38.5,60,40,cool,reduced,bright_red,more_3_sec,depressed,hypomotile,moderate,slight,more_1_liter,5.5,absent,normal,45,8.6,serosanguious,4.1,yes,0,0,0,yes,died
32,yes,adult,527916,38,129,96,cool,reduced,dark_cyanotic,more_3_sec,depressed,absent,slight,,more_1_liter,5,absent,distend_small,73,8.4,serosanguious,4.1,yes,2206,0,0,yes,euthanized
33,yes,adult,530360,38,64,24,normal,normal,pale_pink,less_3_sec,mild_pain,hypomotile,moderate,significant,,3.5,absent,distend_large,47,7.5,cloudy,2.6,yes,3209,0,0,yes,died
34,yes,adult,528298,37.2,96,24,cold,normal,pale_pink,less_3_sec,mild_pain,hypomotile,moderate,slight,,4.5,,distend_small,31.5,6.1,serosanguious,5.3,yes,3209,0,0,yes,lived
35,yes,adult,533871,38.5,80,16,cool,reduced,pale_cyanotic,more_3_sec,depressed,absent,moderate,slight,less_1_liter,2,absent,distend_large,54,67,clear,2,yes,3205,0,0,no,lived
36,yes,adult,529388,37.2,68,12,normal,normal,pale_pink,less_3_sec,mild_pain,absent,moderate,slight,more_1_liter,7,absent,distend_large,49,7,cloudy,2.6,yes,2124,0,0,no,lived
37,yes,adult,527563,37.6,92,20,cool,reduced,pale_cyanotic,less_3_sec,mild_pain,absent,moderate,slight,,3,absent,distend_small,48,6,serosanguious,3.4,yes,2209,0,0,yes,lived
38,yes,adult,528548,38.2,68,24,normal,,bright_pink,less_3_sec,mild_pain,hypomotile,moderate,slight,,3,normal,distend_large,45,7,cloudy,3.6,yes,3113,0,0,yes,lived
39,yes,adult,534163,38.1,140,68,cool,reduced,bright_pink,less_3_sec,depressed,hypomotile,,slight,,2,absent,distend_large,39,64,,2,yes,3205,0,0,no,euthanized
40,yes,adult,529827,37.1,84,30,cool,reduced,bright_red,less_3_sec,mild_pain,hypomotile,,slight,more_1_liter,5,absent,distend_small,30,6,serosanguious,2.9,yes,2205,0,0,yes,died
41,yes,adult,527563,37.8,52,24,normal,reduced,pale_pink,less_3_sec,severe_pain,absent,,slight,more_1_liter,5.7,normal,,48,7.2,clear,3.7,yes,2112,0,0,no,died
42,yes,adult,529399,37.6,84,30,cold,reduced,pale_cyanotic,more_3_sec,depressed,absent,moderate,,more_1_liter,1,absent,distend_small,55,8.1,serosanguious,3.9,yes,2208,0,0,no,lived
43,yes,adult,535196,38,130,16,cool,reduced,pale_cyanotic,more_3_sec,severe_pain,absent,severe,slight,,2,,distend_large,52,65,serosanguious,2,no,3205,1400,0,no,euthanized
44,yes,adult,527563,39.1,120,18,normal,reduced,bright_red,more_3_sec,depressed,hypomotile,moderate,slight,,5.3,decreased,other,64,8,cloudy,3.9,yes,2208,0,0,no,lived
45,no,adult,534787,38,56,14,normal,normal,normal_pink,less_3_sec,mild_pain,hypomotile,,,less_1_liter,2,normal,normal,57,65,cloudy,2,no,0,0,0,yes,lived
46,yes,adult,533871,37.2,72,30,cold,reduced,pale_cyanotic,more_3_sec,extreme_pain,absent,severe,,more_1_liter,2,,distend_large,60,70,serosanguious,2,yes,3205,0,0,no,lived
47,yes,adult,528548,38.1,66,12,cool,reduced,bright_red,less_3_sec,mild_pain,hypomotile,,slight,,3.5,increased,distend_large,44,7.5,cloudy,3.6,yes,2124,0,0,yes,lived
48,yes,adult,535176,38.4,80,35,normal,normal,pale_pink,less_3_sec,mild_pain,hypomotile,moderate,significant,less_1_liter,3.5,absent,distend_small,50,85,cloudy,1.3,yes,3205,0,0,no,euthanized
49,yes,adult,528742,37.7,48,16,cool,normal,pale_cyanotic,less_3_sec,mild_pain,hypomotile,slight,slight,less_1_liter,4.5,decreased,firm,35,7.5,serosanguious,4.5,yes,3205,0,0,no,lived
50,yes,adult,529045,37.7,60,12,cool,reduced,pale_cyanotic,more_3_sec,extreme_pain,hypomotile,moderate,slight,less_1_liter,6,increased,normal,45,7.5,serosanguious,1.4,yes,4206,0,0,no,died
51,no,adult,527518,37.6,108,96,cold,reduced,pale_cyanotic,more_3_sec,severe_pain,absent,severe,slight,more_1_liter,4.5,,distend_small,52,6.1,cloudy,3.7,no,3205,0,0,no,euthanized
52,yes,adult,5290482,36.1,88,40,cool,reduced,pale_cyanotic,less_3_sec,mild_pain,absent,slight,,more_1_liter,5,absent,distend_large,44,7.5,serosanguious,5.3,yes,4205,0,0,yes,died
53,yes,adult,534787,38,36,16,cool,normal,pale_pink,less_3_sec,severe_pain,absent,severe,significant,more_1_liter,2,decreased,,37,75,cloudy,1,no,3111,0,0,no,euthanized
54,yes,adult,527463,37.6,96,18,cool,reduced,bright_red,more_3_sec,mild_pain,absent,slight,slight,more_1_liter,5,,distend_small,69,8.1,serosanguious,2,yes,2208,0,0,no,lived
55,no,adult,529172,38.2,56,40,cool,normal,pale_cyanotic,less_3_sec,mild_pain,hypomotile,moderate,slight,,7.5,,,47,7.2,clear,2.5,no,8300,0,0,yes,lived
56,yes,adult,528996,38.6,52,20,normal,normal,normal_pink,less_3_sec,mild_pain,hypomotile,slight,,more_1_liter,5.7,normal,firm,48,7.2,clear,5,no,0,0,0,yes,lived
57,yes,adult,528548,38.1,52,96,cool,reduced,bright_red,less_3_sec,mild_pain,hypomotile,moderate,slight,,4.4,increased,distend_large,43,6.1,cloudy,3.6,yes,2124,0,0,yes,lived
58,yes,adult,533887,38.2,88,24,cool,reduced,bright_pink,less_3_sec,depressed,absent,moderate,,,2,absent,distend_large,66,64,serosanguious,2,yes,4205,3111,2209,no,euthanized
59,no,adult,528904,37.7,96,30,cool,reduced,pale_pink,more_3_sec,extreme_pain,absent,severe,significant,less_1_liter,4,absent,distend_large,66,75,serosanguious,2,yes,4205,0,0,no,died
60,yes,adult,535407,37.2,80,36,cool,reduced,normal_pink,less_3_sec,mild_pain,hypomotile,slight,slight,more_1_liter,2,absent,,50,60,serosanguious,2,yes,1400,0,0,no,euthanized
61,yes,adult,527563,38.1,52,24,normal,normal,pale_pink,less_3_sec,severe_pain,hypomotile,,slight,more_1_liter,7,normal,,54,7.5,cloudy,2.6,yes,5400,0,0,no,died
62,yes,adult,533902,38.1,80,51,cool,reduced,pale_pink,less_3_sec,depressed,absent,,slight,more_1_liter,2,absent,normal,54,82,serosanguious,2,yes,7209,0,0,no,lived
63,yes,adult,523190,38,84,24,warm,reduced,pale_pink,more_3_sec,mild_pain,absent,moderate,slight,less_1_liter,4.5,normal,distend_large,36,6.6,clear,3.9,yes,3115,0,0,no,lived
64,yes,young,534073,37.5,66,13,,,,,,,,slight,more_1_liter,5,decreased,,40,4.5,,0.1,yes,11124,0,0,no,lived
65,no,adult,534135,37.2,48,24,normal,normal,normal_pink,less_3_sec,severe_pain,hypomotile,slight,,more_1_liter,1,normal,,42,75,clear,1,no,0,0,0,no,lived
66,yes,young,5290409,39.2,164,24,cold,reduced,dark_cyanotic,more_3_sec,extreme_pain,absent,slight,,more_1_liter,5,absent,,72,6.2,,3.2,yes,4207,0,0,no,died
67,no,adult,529160,38.4,48,28,normal,normal,normal_pink,less_3_sec,alert,hypomotile,,slight,slight,7,decreased,other,49,8.1,cloudy,1.5,no,3111,0,0,yes,lived
68,yes,adult,534917,37.8,52,16,normal,reduced,normal_pink,less_3_sec,depressed,absent,,slight,more_1_liter,2,,distend_small,46,81,clear,2,yes,2205,0,0,no,lived
69,yes,adult,534784,38.6,120,16,cool,reduced,pale_pink,more_3_sec,depressed,hypomotile,moderate,,less_1_liter,2,,distend_large,57,62,serosanguious,2,yes,2209,0,0,no,euthanized
70,no,adult,5299253,38.1,108,48,cold,reduced,pale_pink,less_3_sec,extreme_pain,absent,moderate,,,2,decreased,distend_large,52,6,serosanguious,2,yes,4205,0,0,no,lived
71,yes,adult,534004,38,52,24,cool,reduced,pale_cyanotic,less_3_sec,severe_pain,absent,severe,slight,more_1_liter,2,decreased,distend_small,57,82,serosanguious,2,yes,2209,0,0,yes,euthanized
72,yes,adult,534115,37.2,88,20,cold,reduced,pale_cyanotic,more_3_sec,extreme_pain,absent,moderate,slight,more_1_liter,2,absent,distend_large,65,82,,2,no,3205,0,0,no,euthanized
73,yes,adult,529667,37.8,30,12,normal,normal,bright_red,less_3_sec,depressed,hypomotile,moderate,slight,more_1_liter,6.5,absent,distend_large,46,6.5,serosanguious,4.4,yes,3205,0,0,yes,died
74,yes,adult,5297159,39.2,100,24,cool,reduced,pale_cyanotic,more_3_sec,extreme_pain,absent,severe,slight,,3,,,60,7.5,serosanguious,3,yes,2124,0,0,yes,died
75,yes,adult,529388,38.2,66,16,cool,reduced,bright_red,less_3_sec,depressed,hypomotile,moderate,slight,,3,absent,distend_large,36,6.6,serosanguious,3.4,yes,31110,0,0,yes,died
76,no,adult,529427,37.5,88,24,normal,reduced,bright_red,less_3_sec,mild_pain,hypomotile,,,less_1_liter,4,normal,,69,8.2,cloudy,5,no,3111,3112,0,yes,lived
77,yes,young,5279822,37.2,64,28,warm,normal,bright_pink,less_3_sec,mild_pain,hypomotile,slight,slight,more_1_liter,5.5,normal,,54,7.7,cloudy,3.3,yes,2208,0,0,yes,died
78,yes,adult,527463,38,104,40,cold,reduced,pale_cyanotic,more_3_sec,mild_pain,hypomotile,moderate,slight,more_1_liter,5.4,absent,distend_small,53,7.3,cloudy,2.3,yes,2209,0,0,no,died
79,yes,adult,527677,38.4,52,12,cool,reduced,pale_pink,less_3_sec,mild_pain,hypomotile,slight,slight,more_1_liter,6.5,normal,distend_small,54,6.1,serosanguious,3.6,yes,2208,0,0,no,lived
80,yes,adult,530612,38.5,76,28,normal,normal,bright_pink,less_3_sec,mild_pain,hypomotile,slight,slight,,5.5,normal,distend_small,40,6.5,cloudy,3.2,yes,2208,0,0,yes,lived
81,no,adult,535415,38,146,36,cool,reduced,bright_red,less_3_sec,depressed,absent,moderate,,more_1_liter,2,absent,distend_small,57,66,serosanguious,2,yes,3205,0,0,yes,euthanized
82,yes,young,530561,38.2,120,48,cool,reduced,bright_red,less_3_sec,depressed,,slight,slight,,4.5,,,37,6.1,cloudy,2.6,yes,1400,0,0,yes,died
83,no,adult,528682,38.4,52,21,,,pale_pink,less_3_sec,,,,,more_1_liter,5.5,normal,,43,6.8,clear,3.6,no,0,0,0,no,lived
84,yes,adult,530242,37.2,108,12,cool,reduced,pale_cyanotic,more_3_sec,depressed,absent,slight,slight,more_1_liter,6,decreased,firm,52,8.2,serosanguious,7.4,yes,2207,0,0,yes,euthanized
85,yes,young,529172,38.1,124,24,cool,reduced,bright_red,more_3_sec,depressed,absent,slight,slight,,7,decreased,,47,7.5,clear,2.6,yes,9400,0,0,yes,lived
86,yes,adult,530002,39.4,100,51,cool,reduced,pale_cyanotic,more_3_sec,extreme_pain,absent,moderate,significant,less_1_liter,2,absent,distend_small,57,8.5,serosanguious,3.9,yes,4205,0,0,no,died
87,yes,adult,534784,39.4,48,40,cool,reduced,normal_pink,less_3_sec,depressed,hypomotile,moderate,,less_1_liter,2,,distend_small,49,74,serosanguious,2,yes,2206,0,0,no,lived
88,no,adult,5289419,38.4,52,20,cool,normal,pale_cyanotic,less_3_sec,mild_pain,hypomotile,slight,slight,more_1_liter,4,absent,distend_small,48,7.7,serosanguious,4.3,no,2124,0,0,yes,lived
89,no,adult,528548,38.3,104,40,cool,reduced,pale_cyanotic,more_3_sec,severe_pain,absent,moderate,slight,,3,absent,distend_large,54,7.4,serosanguious,3.6,no,3113,0,0,yes,died
90,yes,adult,529498,38.5,88,24,cold,reduced,pale_cyanotic,more_3_sec,depressed,absent,moderate,slight,more_1_liter,4.5,decreased,distend_small,54,7.5,cloudy,2.6,yes,2205,0,0,no,lived
91,no,adult,529126,38.7,54,36,normal,,bright_pink,less_3_sec,depressed,hypermotile,,slight,less_1_liter,7,normal,distend_small,39,6,cloudy,2.6,no,300,0,0,yes,lived
92,no,adult,529667,38.3,64,30,normal,reduced,pale_pink,more_3_sec,mild_pain,hypomotile,moderate,slight,less_1_liter,7.5,decreased,distend_large,47,7.2,,0.1,no,0,0,0,no,lived
93,no,adult,5291409,38.6,50,24,warm,normal,normal_pink,less_3_sec,alert,normal,slight,significant,,7,normal,,46,5.9,clear,1,no,0,0,0,no,lived
94,yes,adult,5287179,37.5,114,36,cool,reduced,pale_pink,more_3_sec,depressed,hypomotile,moderate,slight,,7,decreased,distend_small,48,7.2,serosanguious,4.7,yes,2208,0,0,no,died
95,no,adult,530526,38.5,56,24,cool,reduced,pale_pink,less_3_sec,mild_pain,hypomotile,moderate,,more_1_liter,5,absent,distend_large,33,3.9,cloudy,3.9,yes,3111,0,0,yes,euthanized
96,yes,adult,530526,39.3,96,28,cold,reduced,dark_cyanotic,more_3_sec,extreme_pain,absent,moderate,,more_1_liter,2,absent,distend_small,65,13,serosanguious,3.9,yes,2208,0,0,yes,died
97,yes,adult,5290759,37.7,76,20,cool,reduced,pale_cyanotic,3,extreme_pain,hypomotile,moderate,significant,,3,absent,distend_large,53,6.5,serosanguious,3.9,yes,3205,0,0,no,lived
98,yes,adult,532110,39.2,104,51,cold,reduced,pale_cyanotic,less_3_sec,depressed,absent,severe,slight,more_1_liter,5,absent,distend_small,47,7.5,serosanguious,2.6,yes,2111,0,0,no,lived
99,yes,adult,528996,38.1,54,18,normal,normal,normal_pink,less_3_sec,alert,hypomotile,,,,3,decreased,other,39,7,clear,3,yes,3111,0,0,no,lived
100,yes,adult,534293,39.4,104,30,cool,reduced,dark_cyanotic,more_3_sec,mild_pain,hypomotile,moderate,,more_1_liter,5.5,absent,distend_large,65,75,serosanguious,2.6,yes,2207,0,0,no,lived
101,no,adult,534280,38.3,52,20,,reduced,pale_cyanotic,less_3_sec,mild_pain,hypomotile,,,more_1_liter,2,,distend_small,53,86,clear,2,no,2209,0,0,yes,euthanized
102,yes,adult,528214,40.3,114,36,cool,reduced,bright_red,more_3_sec,depressed,hypomotile,moderate,slight,,4.4,absent,distend_small,68,7.7,serosanguious,4.8,yes,2209,0,0,no,died
103,no,adult,527933,39.1,72,30,cool,reduced,bright_pink,less_3_sec,depressed,hypomotile,moderate,significant,,2,decreased,distend_large,44,7.3,cloudy,2,yes,3300,0,0,yes,died
104,yes,adult,530612,38.6,42,20,warm,normal,pale_pink,less_3_sec,depressed,absent,moderate,,more_1_liter,5.4,,,43,8.1,serosanguious,4.4,yes,2205,0,0,yes,lived
105,no,adult,5283431,38,54,24,normal,normal,normal_pink,less_3_sec,mild_pain,hypomotile,,slight,less_1_liter,7,decreased,distend_large,41,7.5,clear,6,no,3112,3112,0,yes,lived
106,yes,adult,534917,37.1,84,40,cool,reduced,pale_cyanotic,less_3_sec,mild_pain,absent,severe,significant,less_1_liter,2,absent,distend_large,75,81,clear,2,yes,2112,0,0,no,lived
107,yes,adult,528743,37.9,52,14,cool,reduced,pale_cyanotic,less_3_sec,mild_pain,hypomotile,moderate,,less_1_liter,3,absent,distend_large,37,4,serosanguious,3.4,yes,2208,0,0,yes,lived
108,yes,adult,529766,38.9,96,24,cool,reduced,dark_cyanotic,more_3_sec,depressed,hypomotile,slight,slight,more_1_liter,7.5,decreased,distend_small,69,13,serosanguious,6.5,yes,2208,0,0,yes,died
109,no,adult,529304,38.1,48,40,cool,reduced,pale_cyanotic,more_3_sec,extreme_pain,absent,moderate,slight,more_1_liter,6.5,absent,distend_small,54,8.1,serosanguious,4.1,yes,3205,0,0,no,died
110,yes,adult,530401,38,84,40,cold,reduced,dark_cyanotic,more_3_sec,depressed,absent,moderate,,less_1_liter,4,decreased,distend_large,75,7.2,serosanguious,4.3,yes,3205,0,0,yes,died
111,yes,adult,527702,38,88,24,cool,reduced,normal_pink,less_3_sec,mild_pain,hypomotile,moderate,,more_1_liter,5.7,decreased,distend_small,36,6.6,serosanguious,3.7,yes,2205,0,0,no,died
112,yes,adult,529849,37.8,48,32,cool,,normal_pink,less_3_sec,mild_pain,hypomotile,slight,slight,more_1_liter,7,absent,distend_small,41,7,clear,1,yes,2124,0,0,no,lived
113,yes,adult,534157,38.4,40,16,cool,reduced,pale_pink,less_3_sec,mild_pain,absent,severe,slight,more_1_liter,2,absent,distend_large,52,77,serosanguious,2,yes,2209,0,0,no,euthanized
114,no,adult,534998,38.3,130,48,cool,reduced,pale_cyanotic,less_3_sec,depressed,absent,moderate,significant,more_1_liter,2,absent,distend_large,52,75,serosanguious,2,yes,3205,0,0,no,euthanized
115,no,adult,529340,38.3,48,28,cool,normal,bright_pink,less_3_sec,alert,hypomotile,slight,significant,,7.2,normal,firm,47,5.5,cloudy,4.1,no,0,0,0,yes,lived
116,yes,adult,528904,38,80,16,cool,reduced,bright_red,less_3_sec,extreme_pain,hypomotile,moderate,significant,,4.5,absent,distend_large,60,7.2,serosanguious,4.1,yes,7111,0,0,yes,died
117,yes,adult,528742,38.1,48,12,normal,normal,bright_red,less_3_sec,mild_pain,hypomotile,moderate,slight,,7.5,decreased,distend_small,48,8.6,serosanguious,2,yes,2208,0,0,yes,lived
118,yes,adult,530276,38,48,16,normal,normal,bright_pink,less_3_sec,mild_pain,hypomotile,slight,slight,,6.5,decreased,firm,42,7,clear,2.6,yes,400,0,0,no,lived
119,yes,adult,5290409,38.3,164,84,normal,normal,bright_pink,less_3_sec,depressed,,severe,,more_1_liter,5,decreased,,64,8,clear,6,yes,3205,0,0,yes,died
120,yes,young,530002,39.2,150,51,normal,reduced,bright_red,less_3_sec,,hypomotile,moderate,slight,more_1_liter,2,absent,normal,47,8.1,cloudy,2.2,no,1400,0,0,yes,died
121,no,adult,527927,37.2,42,16,,normal,normal_pink,less_3_sec,alert,hypermotile,slight,slight,less_1_liter,6.5,normal,normal,45,7.5,cloudy,7,no,2300,0,0,yes,lived
122,yes,adult,534886,38.1,92,36,cool,reduced,normal_pink,less_3_sec,mild_pain,hypomotile,moderate,slight,less_1_liter,4.5,decreased,distend_large,38,75,cloudy,1,no,2322,0,0,no,lived
123,yes,adult,5290409,39.2,114,48,cool,reduced,dark_cyanotic,more_3_sec,depressed,hypomotile,moderate,slight,more_1_liter,4.5,absent,distend_small,57,5.7,cloudy,6.6,no,2205,0,0,yes,died
124,yes,adult,527365,37.1,104,35,cold,reduced,dark_cyanotic,more_3_sec,depressed,absent,moderate,slight,more_1_liter,5,absent,distend_small,73,11,serosanguious,3.9,yes,2205,0,0,yes,died
125,yes,young,528641,39.1,164,84,cold,normal,bright_red,more_3_sec,depressed,hypomotile,,slight,less_1_liter,5,decreased,,40,7.2,serosanguious,5.3,yes,7209,0,0,yes,died
126,no,adult,528461,38.7,60,18,cool,normal,normal_pink,less_3_sec,mild_pain,hypomotile,slight,slight,more_1_liter,5.5,normal,firm,49,7.2,clear,1.3,no,0,0,0,no,lived
127,yes,adult,528469,38.3,104,40,normal,reduced,bright_red,more_3_sec,depressed,hypomotile,,slight,more_1_liter,6.5,normal,,64,9.1,cloudy,2.6,yes,2205,0,0,yes,died
128,yes,adult,527702,37.4,52,12,cool,normal,pale_pink,less_3_sec,mild_pain,hypomotile,slight,slight,more_1_liter,6.5,absent,distend_small,43,7.4,serosanguious,2.6,no,2209,0,0,no,euthanized
129,yes,adult,529607,38.3,84,36,cool,normal,pale_pink,less_3_sec,severe_pain,hypomotile,slight,,,7,normal,distend_large,45,6.5,cloudy,1.6,yes,7111,0,0,yes,died
130,yes,adult,533942,37.4,84,36,normal,reduced,pale_pink,less_3_sec,mild_pain,hypomotile,moderate,,more_1_liter,1,absent,distend_large,46,46,serosanguious,2,yes,7209,0,0,no,died
131,yes,adult,529272,38.3,132,28,,reduced,dark_cyanotic,more_3_sec,depressed,absent,slight,slight,more_1_liter,6.2,absent,distend_small,57,8,,5.2,yes,2112,0,0,no,lived
132,yes,adult,530233,37.8,96,48,cool,reduced,bright_red,more_3_sec,extreme_pain,hypomotile,moderate,significant,more_1_liter,4.5,absent,distend_small,53,6.5,serosanguious,2,yes,3205,0,0,no,died
133,yes,adult,5290409,39.1,164,84,normal,reduced,pale_pink,more_3_sec,depressed,absent,moderate,,more_1_liter,5,decreased,,48,7.2,,5.3,yes,2208,0,0,no,died
134,yes,adult,528682,38.3,66,16,cool,reduced,pale_cyanotic,less_3_sec,mild_pain,hypomotile,moderate,,,4,absent,distend_large,48,7,serosanguious,6,yes,3133,0,0,yes,lived
135,yes,adult,527365,38.1,68,12,normal,reduced,bright_pink,less_3_sec,extreme_pain,hypomotile,moderate,,,4.4,absent,,50,7.6,cloudy,2.9,yes,3205,0,0,yes,died
136,yes,adult,529796,37.9,88,28,cool,reduced,bright_red,more_3_sec,extreme_pain,absent,severe,slight,more_1_liter,6.5,normal,distend_large,60,6.1,serosanguious,3.4,yes,4205,0,0,no,died
137,yes,adult,535407,38,96,16,cool,reduced,bright_red,less_3_sec,severe_pain,hypomotile,moderate,significant,less_1_liter,2,absent,distend_large,60,69,cloudy,3,yes,2207,0,0,no,euthanized
138,yes,adult,529796,38,54,12,cool,reduced,normal_pink,less_3_sec,depressed,hypomotile,slight,significant,more_1_liter,5.2,,,39,7.5,clear,5,yes,4205,0,0,no,lived
139,yes,adult,527563,37.8,52,24,normal,normal,pale_pink,less_3_sec,mild_pain,absent,moderate,slight,more_1_liter,5,decreased,distend_large,48,7.5,clear,2,yes,5400,0,0,no,lived
140,yes,adult,535208,38.3,100,20,cold,reduced,pale_cyanotic,less_3_sec,depressed,absent,moderate,slight,more_1_liter,5.5,absent,distend_small,65,75,serosanguious,5,yes,2205,0,0,yes,lived
141,yes,adult,528183,38.3,45,12,cool,normal,pale_pink,less_3_sec,mild_pain,normal,slight,slight,more_1_liter,5.4,normal,distend_small,39,7,cloudy,1.5,yes,2112,0,0,yes,lived
142,yes,adult,527463,38.4,96,18,normal,reduced,dark_cyanotic,more_3_sec,mild_pain,absent,slight,slight,more_1_liter,5,,distend_small,49,8.9,serosanguious,6,yes,2208,0,0,yes,lived
143,yes,adult,529766,36.5,136,48,normal,normal,pale_pink,less_3_sec,mild_pain,hypomotile,moderate,slight,,4.5,decreased,distend_large,48,6.1,serosanguious,4.3,yes,2207,0,0,yes,died
144,no,adult,529796,38.1,76,24,cool,reduced,bright_pink,less_3_sec,depressed,hypomotile,moderate,slight,more_1_liter,6.5,absent,normal,73,8.1,clear,3.6,yes,7111,0,0,yes,lived
145,no,adult,528743,38,86,28,normal,normal,normal_pink,less_3_sec,mild_pain,normal,,slight,more_1_liter,5,normal,,48,7.6,cloudy,2.6,no,0,0,0,yes,euthanized
146,no,adult,535407,37.8,44,20,normal,normal,normal_pink,less_3_sec,depressed,hypermotile,,slight,more_1_liter,2,normal,distend_large,52,65,serosanguious,2.3,no,4300,0,0,yes,euthanized
147,yes,adult,533696,38.7,60,32,cold,reduced,bright_pink,more_3_sec,severe_pain,absent,moderate,significant,more_1_liter,2,absent,distend_large,53,64,serosanguious,2,yes,3111,0,0,no,euthanized
148,yes,adult,5287179,37.6,84,36,cool,reduced,pale_cyanotic,less_3_sec,severe_pain,absent,moderate,slight,,4.4,decreased,distend_small,44,4.9,cloudy,2.9,yes,2208,0,0,no,died
149,no,adult,529461,40.3,114,36,cool,reduced,normal_pink,more_3_sec,depressed,hypomotile,slight,slight,,7,normal,distend_small,57,8.2,serosanguious,4.5,yes,3205,0,0,yes,died
150,yes,young,529498,38.4,42,24,normal,normal,normal_pink,less_3_sec,mild_pain,normal,slight,significant,less_1_liter,6.5,absent,distend_small,39,5.9,cloudy,3.9,yes,2206,0,0,yes,died
151,yes,adult,528247,39.1,44,30,cool,normal,bright_pink,less_3_sec,mild_pain,hypomotile,moderate,slight,more_1_liter,5,normal,,47,8.6,serosanguious,4.5,yes,3111,0,0,yes,lived
152,yes,adult,535043,39.3,100,51,cool,absent,bright_red,more_3_sec,depressed,hypomotile,,,less_1_liter,2,,distend_small,66,13,serosanguious,2,yes,2113,0,0,no,euthanized
153,yes,adult,527563,37.8,86,24,normal,reduced,dark_cyanotic,more_3_sec,severe_pain,absent,,slight,more_1_liter,5.7,,distend_large,68,7.8,serosanguious,3.7,yes,5400,0,0,no,died
154,yes,adult,529340,37.7,72,36,normal,normal,pale_pink,less_3_sec,extreme_pain,hypomotile,moderate,slight,more_1_liter,7,decreased,distend_small,44,7.6,serosanguious,2.6,yes,4205,0,0,no,died
155,no,adult,530034,38,60,40,cool,normal,pale_pink,less_3_sec,extreme_pain,hypomotile,moderate,slight,less_1_liter,7.5,,,46,7.5,serosanguious,3.6,no,4205,0,0,yes,lived
156,yes,adult,530612,38.1,44,40,cool,normal,bright_red,less_3_sec,depressed,absent,slight,slight,less_1_liter,3,absent,distend_small,42,6.6,cloudy,3,yes,0,0,0,yes,died
157,yes,adult,529172,37.7,40,36,cool,normal,,less_3_sec,depressed,normal,,slight,less_1_liter,6.2,normal,normal,39,7.5,cloudy,2.6,yes,31110,0,0,yes,lived
158,yes,adult,534925,38.3,112,16,,,bright_red,,,absent,,,more_1_liter,2,absent,distend_small,51,57,cloudy,2,no,2208,0,0,yes,euthanized
159,yes,adult,530402,37.2,44,20,cool,normal,pale_cyanotic,less_3_sec,mild_pain,hypomotile,moderate,slight,,4,absent,distend_small,41,6.1,serosanguious,4.3,yes,2208,0,0,yes,died
160,yes,adult,534787,38,36,16,cool,normal,normal_pink,less_3_sec,severe_pain,normal,,significant,more_1_liter,2,,,37,75,cloudy,1,no,0,0,0,no,euthanized
161,yes,adult,535292,38.5,129,48,cool,reduced,pale_pink,less_3_sec,depressed,absent,moderate,,,2,,,57,66,serosanguious,2,yes,2206,0,0,no,lived
162,yes,adult,529493,37.8,40,48,cool,normal,pale_pink,less_3_sec,mild_pain,hypomotile,moderate,slight,less_1_liter,5.3,absent,distend_small,41,6.8,serosanguious,2.3,yes,2208,0,0,yes,lived
163,yes,adult,530354,37.3,42,12,cool,normal,pale_cyanotic,less_3_sec,mild_pain,hypomotile,moderate,slight,,4,absent,distend_small,54,6.6,serosanguious,3.9,yes,2208,0,0,yes,died
164,no,adult,530001,38,84,28,cool,reduced,pale_pink,less_3_sec,mild_pain,hypomotile,moderate,slight,less_1_liter,7,absent,distend_small,44,6.2,serosanguious,3.4,yes,2209,0,0,no,euthanized
165,no,adult,529272,38.1,112,84,cool,reduced,pale_cyanotic,more_3_sec,mild_pain,hypomotile,moderate,significant,less_1_liter,5,normal,distend_small,48,8,serosanguious,2.6,no,3133,0,0,no,died
166,no,adult,528996,39.3,54,20,cool,,normal_pink,less_3_sec,alert,hypomotile,,slight,more_1_liter,5,normal,normal,49,7.2,clear,5,no,0,0,0,yes,lived
167,yes,adult,529045,38.5,72,18,cold,reduced,bright_pink,less_3_sec,depressed,hypomotile,moderate,,,5.5,absent,distend_small,52,6.6,serosanguious,5,yes,2112,0,0,yes,died
168,yes,adult,528355,39.4,56,68,normal,normal,bright_red,less_3_sec,severe_pain,hypomotile,slight,,more_1_liter,6.5,normal,distend_small,54,7,clear,2.7,yes,2205,0,0,no,died
169,yes,adult,534197,39.3,92,35,cool,reduced,pale_pink,less_3_sec,severe_pain,hypomotile,moderate,slight,more_1_liter,2,absent,distend_small,55,75,serosanguious,2,yes,2205,0,0,no,died
170,yes,adult,528548,38.2,66,12,cool,reduced,bright_pink,less_3_sec,mild_pain,hypomotile,,slight,,3,normal,distend_large,44,6,cloudy,3.6,yes,2124,0,0,yes,lived
171,yes,adult,529498,38.2,96,48,cold,reduced,pale_cyanotic,more_3_sec,extreme_pain,absent,moderate,slight,more_1_liter,5.3,absent,distend_small,55,8.1,clear,2.2,yes,4205,0,0,no,died
172,yes,adult,530239,37.7,60,28,cool,normal,normal_pink,less_3_sec,severe_pain,absent,moderate,slight,more_1_liter,5.7,,distend_small,44,7.4,cloudy,1,yes,3025,0,0,no,died
173,no,adult,529796,38.2,92,40,cold,reduced,normal_pink,less_3_sec,depressed,absent,slight,significant,less_1_liter,7.2,absent,normal,47,8.6,clear,6.6,no,8300,0,0,yes,lived
174,yes,adult,529777,38.9,40,24,normal,normal,pale_pink,less_3_sec,mild_pain,hypomotile,slight,slight,more_1_liter,5.3,decreased,distend_small,36,6,clear,5.4,yes,2206,0,0,yes,lived
175,no,adult,530242,37.2,60,12,cool,absent,pale_cyanotic,less_3_sec,mild_pain,absent,slight,slight,more_1_liter,5,decreased,firm,52,7.5,cloudy,4.1,yes,2207,0,0,yes,euthanized
176,yes,adult,530478,38.3,44,21,cool,normal,bright_pink,more_3_sec,mild_pain,hypomotile,moderate,slight,,7,normal,distend_large,44,6.5,cloudy,4.4,yes,2209,0,0,yes,lived
177,no,adult,530002,39.3,66,18,cool,reduced,bright_red,less_3_sec,depressed,hypomotile,,significant,less_1_liter,1,,distend_large,50,7.2,,1,yes,3205,0,0,no,died
178,yes,adult,529893,39.5,66,24,normal,normal,normal_pink,less_3_sec,mild_pain,hypomotile,slight,,more_1_liter,5.5,,,48,6.8,cloudy,2.6,yes,8400,0,0,no,lived
179,yes,adult,534069,38.4,84,51,cool,reduced,pale_pink,less_3_sec,mild_pain,hypomotile,moderate,slight,less_1_liter,2,,distend_small,43,51,clear,1.6,yes,3205,0,0,no,euthanized
180,yes,adult,533928,37.2,60,12,normal,,pale_pink,less_3_sec,,absent,severe,slight,more_1_liter,2,,distend_large,52,75,serosanguious,2,yes,2209,0,0,no,euthanized
181,yes,adult,5287179,38.5,72,40,cool,reduced,pale_cyanotic,less_3_sec,mild_pain,hypomotile,moderate,slight,,7,decreased,distend_small,73,8.5,serosanguious,4.4,yes,2206,0,0,yes,lived
182,yes,adult,530002,37.8,112,20,cool,reduced,pale_cyanotic,more_3_sec,extreme_pain,absent,severe,significant,,4.5,absent,distend_large,54,7.3,cloudy,3.9,yes,4300,0,0,yes,died
183,no,young,529667,37.2,84,24,normal,normal,bright_pink,less_3_sec,depressed,hypomotile,moderate,slight,,7,normal,normal,44,7.6,clear,3,yes,7111,0,0,yes,died
184,no,adult,528996,38.8,52,20,warm,increased,normal_pink,less_3_sec,alert,normal,slight,significant,,7,normal,,33,6.5,cloudy,5.3,no,0,0,0,yes,lived
185,yes,adult,528570,38.3,54,50,cool,reduced,bright_red,less_3_sec,mild_pain,hypomotile,slight,slight,,3.5,decreased,distend_small,37.5,6.5,cloudy,3.6,yes,2209,0,0,yes,lived
186,yes,adult,528800,39.3,66,48,warm,reduced,bright_red,less_3_sec,mild_pain,hypomotile,moderate,slight,less_1_liter,4.5,absent,distend_small,54,7.5,cloudy,2.9,yes,2205,0,0,no,lived
187,yes,adult,528570,37.5,54,40,cool,reduced,pale_pink,less_3_sec,mild_pain,hypomotile,slight,slight,more_1_liter,3.5,absent,distend_small,45,6.5,serosanguious,3.5,yes,2209,0,0,no,died
188,no,adult,528668,38.2,60,28,cool,normal,pale_pink,less_3_sec,mild_pain,hypomotile,slight,slight,,7,decreased,firm,42,6.6,cloudy,2,no,3133,0,0,yes,lived
189,yes,adult,529796,38.4,54,12,cool,normal,normal_pink,less_3_sec,mild_pain,hypomotile,slight,slight,more_1_liter,5.3,decreased,,45,7.7,clear,1,yes,2209,0,0,no,lived
190,yes,adult,530693,38.9,88,24,cold,reduced,dark_cyanotic,more_3_sec,extreme_pain,absent,moderate,slight,more_1_liter,7,absent,distend_large,57,7.4,cloudy,1,no,3025,0,0,yes,died
191,yes,adult,528548,38.1,66,12,cool,reduced,bright_pink,less_3_sec,mild_pain,hypomotile,,slight,,3,increased,distend_large,44,6,cloudy,3.6,yes,2124,0,0,yes,lived
192,no,adult,528179,38.2,42,14,cool,normal,normal_pink,less_3_sec,mild_pain,normal,slight,slight,more_1_liter,7,absent,distend_small,33,6.6,cloudy,4.1,yes,2206,0,0,yes,lived
193,yes,adult,529272,37.6,68,9,cool,reduced,pale_pink,less_3_sec,depressed,hypomotile,slight,slight,less_1_liter,6.5,absent,distend_small,38,6,serosanguious,4.5,yes,2209,0,0,no,lived
194,no,adult,529849,36.8,52,16,normal,normal,normal_pink,less_3_sec,mild_pain,hypermotile,moderate,significant,more_1_liter,4,,,36,6.6,clear,6,no,3111,0,0,yes,lived
195,yes,adult,529304,39.5,104,24,cool,normal,bright_red,less_3_sec,depressed,hypomotile,severe,significant,,4.5,absent,distend_large,53,7.2,serosanguious,4.7,yes,3205,0,0,yes,died
196,yes,adult,533871,38.2,48,16,cool,reduced,pale_cyanotic,less_3_sec,severe_pain,absent,severe,significant,more_1_liter,2,absent,distend_large,72,64,serosanguious,2,yes,2208,0,0,no,euthanized
197,yes,adult,530360,37.2,84,24,cool,normal,pale_cyanotic,more_3_sec,severe_pain,hypomotile,moderate,slight,,7,absent,distend_large,45,7.5,serosanguious,3.2,yes,3205,0,0,yes,died
198,no,adult,528151,39.4,114,36,cool,reduced,bright_red,more_3_sec,depressed,hypomotile,slight,slight,more_1_liter,7,absent,distend_small,73,8.1,serosanguious,4.5,no,1111,0,0,yes,lived
199,yes,adult,533836,37.8,96,30,cold,reduced,pale_cyanotic,more_3_sec,extreme_pain,absent,severe,,,2,decreased,,68,64,serosanguious,2,yes,2209,0,0,yes,lived
200,yes,adult,530360,38.3,96,48,cool,reduced,pale_cyanotic,more_3_sec,extreme_pain,absent,slight,slight,more_1_liter,6.5,absent,distend_small,52,6.5,serosanguious,4.5,yes,2205,0,0,no,died
201,yes,adult,529498,38,88,48,cool,reduced,bright_red,less_3_sec,,,severe,,more_1_liter,2,normal,,57,4,cloudy,2,yes,7209,0,0,yes,euthanized
202,yes,adult,529849,37.8,60,80,cool,reduced,normal_pink,less_3_sec,mild_pain,hypomotile,,slight,less_1_liter,3,normal,,40,6,clear,3,yes,5206,0,0,yes,lived
203,no,young,529172,38.7,52,20,cool,normal,bright_red,less_3_sec,mild_pain,hypomotile,,,more_1_liter,5.5,,,47,7.2,cloudy,2.8,yes,11300,0,0,yes,died
204,yes,adult,530402,37.3,60,20,cool,reduced,pale_cyanotic,more_3_sec,extreme_pain,hypomotile,moderate,slight,,5,absent,distend_small,52,7.5,serosanguious,4.5,yes,2205,0,0,yes,died
205,yes,adult,530254,38.6,40,32,cool,normal,bright_red,less_3_sec,depressed,hypomotile,slight,slight,less_1_liter,4.5,absent,distend_small,41,6.6,serosanguious,4.5,yes,400,0,0,yes,died
206,yes,adult,528548,38,66,12,cool,reduced,bright_red,less_3_sec,mild_pain,hypomotile,,slight,,3,decreased,distend_large,44,6,cloudy,3.6,yes,2124,0,0,no,lived
207,yes,adult,534069,38,88,51,cool,reduced,pale_cyanotic,more_3_sec,extreme_pain,absent,severe,,less_1_liter,2,absent,distend_large,66,13,serosanguious,2,yes,3205,0,0,yes,euthanized
208,yes,adult,528890,38.5,80,44,cool,reduced,pale_pink,more_3_sec,depressed,hypomotile,moderate,slight,less_1_liter,7,decreased,normal,54,6.5,serosanguious,7.4,yes,7111,0,0,no,died
209,no,adult,534644,38.4,48,20,cool,,pale_pink,less_3_sec,,,slight,,more_1_liter,1,,,41,65,clear,2.3,no,0,0,0,no,lived
210,yes,adult,530255,38,66,24,normal,reduced,pale_pink,less_3_sec,mild_pain,hypomotile,moderate,,more_1_liter,2,absent,distend_small,47,7.5,serosanguious,2,yes,8400,0,0,no,lived
211,no,adult,528996,38.6,52,20,normal,normal,normal_pink,less_3_sec,mild_pain,hypomotile,slight,slight,,5,normal,firm,36,6.6,clear,5,no,0,0,0,yes,lived
212,no,adult,528742,38.6,48,28,normal,normal,normal_pink,less_3_sec,alert,normal,slight,slight,more_1_liter,5,normal,firm,49,7.5,cloudy,6,no,0,0,0,yes,lived
213,yes,adult,5290482,39.3,164,30,cool,reduced,pale_cyanotic,more_3_sec,depressed,hypomotile,moderate,slight,less_1_liter,4,absent,distend_small,75,7,serosanguious,4.1,yes,2209,0,0,yes,died
214,no,adult,5297159,38.3,96,28,cold,reduced,pale_cyanotic,more_3_sec,extreme_pain,absent,severe,,more_1_liter,5,,distend_large,66,7,serosanguious,3.9,yes,4205,0,0,no,died
215,yes,adult,530612,38.1,66,12,cool,reduced,bright_red,less_3_sec,mild_pain,hypomotile,,,,3,normal,distend_large,44,6,cloudy,3.6,yes,2208,0,0,yes,lived
216,no,adult,530561,38.4,48,16,normal,normal,pale_pink,less_3_sec,mild_pain,hypermotile,,,less_1_liter,7.5,normal,normal,47,7,cloudy,4.4,no,0,0,0,yes,lived
217,yes,adult,528996,36,96,30,cold,reduced,pale_cyanotic,more_3_sec,severe_pain,absent,moderate,slight,more_1_liter,6.5,decreased,distend_large,52,7.5,serosanguious,2.6,yes,2206,0,0,no,died
218,no,adult,530612,38.2,60,8,cool,normal,normal_pink,less_3_sec,mild_pain,hypermotile,slight,,less_1_liter,6.5,,,39,6.5,clear,1.6,no,2112,0,0,yes,lived
219,yes,adult,527916,38.1,136,48,cool,,pale_pink,less_3_sec,extreme_pain,absent,slight,slight,,4.5,decreased,distend_small,45,7,serosanguious,2,yes,2209,0,0,yes,lived
220,yes,adult,528247,37.5,40,36,normal,reduced,bright_red,less_3_sec,mild_pain,hypermotile,moderate,significant,less_1_liter,2,decreased,distend_large,44,5.9,clear,2,yes,2112,0,0,yes,lived
221,yes,adult,529663,40.3,114,36,cold,reduced,pale_cyanotic,more_3_sec,mild_pain,hypomotile,moderate,slight,,4,decreased,distend_small,50,7,serosanguious,4.1,yes,2208,0,0,yes,lived
222,yes,adult,535031,39.3,100,51,cool,reduced,dark_cyanotic,more_3_sec,depressed,absent,moderate,,,2,absent,distend_small,66,13,serosanguious,2,yes,2208,0,0,no,lived
223,yes,adult,534403,37.9,80,12,cool,reduced,bright_red,more_3_sec,depressed,hypomotile,moderate,,more_1_liter,2,absent,distend_large,57,56,serosanguious,1,yes,2205,0,0,no,euthanized
224,yes,adult,533871,37.8,72,42,cool,reduced,pale_cyanotic,less_3_sec,severe_pain,absent,severe,slight,,2,absent,distend_large,75,81,cloudy,2,yes,1400,0,0,no,euthanized
225,yes,adult,528305,38.3,96,36,cool,reduced,normal_pink,more_3_sec,mild_pain,hypomotile,moderate,slight,less_1_liter,5.5,absent,distend_large,41,7.4,cloudy,2.6,yes,3205,0,0,no,lived
226,yes,adult,534145,38.3,88,20,,,pale_pink,less_3_sec,depressed,absent,slight,,less_1_liter,2,absent,distend_small,46,81,clear,2,no,4124,0,0,no,lived
227,no,adult,530478,38.1,54,36,cool,normal,bright_pink,less_3_sec,severe_pain,hypomotile,moderate,slight,more_1_liter,5.4,normal,distend_large,44,7.2,cloudy,4.4,yes,2124,0,0,yes,lived
228,yes,adult,529642,37.3,48,18,normal,normal,pale_pink,less_3_sec,depressed,hypomotile,moderate,slight,more_1_liter,5.3,absent,distend_small,49,7.8,serosanguious,2.1,yes,2209,0,0,yes,lived
229,yes,adult,5299629,38.3,52,40,normal,normal,bright_pink,less_3_sec,alert,absent,,,,7,normal,normal,50,7,clear,5,yes,3111,0,0,no,lived
230,yes,adult,528804,37.8,96,48,cool,normal,normal_pink,less_3_sec,extreme_pain,hypomotile,moderate,slight,more_1_liter,2,,distend_large,36,7.7,serosanguious,1,yes,3205,0,0,no,died
231,no,adult,528872,37.6,48,18,normal,normal,normal_pink,less_3_sec,mild_pain,hypomotile,,slight,more_1_liter,5.4,absent,distend_small,48,6,serosanguious,4.3,no,2209,0,0,yes,lived
232,no,adult,528702,37.4,114,36,cool,reduced,bright_pink,more_3_sec,depressed,hypomotile,moderate,slight,,7,,distend_small,54,8,serosanguious,4.8,yes,2205,0,0,no,euthanized
233,yes,adult,528641,38.2,66,14,normal,normal,pale_pink,more_3_sec,mild_pain,hypomotile,moderate,slight,,3,normal,distend_large,33,6,clear,3.6,yes,2209,0,0,yes,lived
234,yes,adult,535166,39.3,112,40,cool,reduced,dark_cyanotic,more_3_sec,depressed,absent,moderate,slight,more_1_liter,2,absent,distend_small,65,86,serosanguious,2,yes,2205,0,0,yes,lived
235,yes,adult,529498,38.5,64,32,normal,normal,pale_pink,less_3_sec,mild_pain,hypomotile,slight,slight,less_1_liter,6.5,absent,distend_small,50,7.7,clear,3.6,yes,2205,0,0,no,died
236,yes,adult,535330,38.5,114,30,cool,reduced,pale_cyanotic,more_3_sec,depressed,absent,moderate,,more_1_liter,4,decreased,distend_small,57,69,serosanguious,2,yes,2206,0,0,no,lived
237,no,adult,528729,37.8,48,16,normal,normal,normal_pink,less_3_sec,alert,hypermotile,,slight,less_1_liter,4,normal,firm,49,6.6,cloudy,2,no,0,0,0,yes,lived
238,yes,adult,533942,37.8,88,36,cool,reduced,pale_pink,less_3_sec,mild_pain,hypomotile,moderate,,less_1_liter,2,absent,,39,62,serosanguious,2,yes,2206,0,0,no,lived
239,yes,adult,529888,37.2,60,40,cool,reduced,dark_cyanotic,more_3_sec,extreme_pain,absent,moderate,slight,less_1_liter,7,absent,distend_small,65,7.5,serosanguious,2.6,yes,2205,0,0,no,died
240,yes,adult,529475,38.3,88,20,cool,reduced,pale_cyanotic,more_3_sec,extreme_pain,absent,moderate,slight,,4.3,absent,distend_large,65,7,serosanguious,2,yes,4205,0,0,yes,euthanized
241,yes,adult,5294539,36,92,30,cool,reduced,pale_cyanotic,more_3_sec,severe_pain,absent,moderate,slight,more_1_liter,5.4,absent,distend_large,60,5.9,cloudy,3.6,yes,3205,0,0,no,euthanized
242,no,adult,533750,37.9,44,12,cool,normal,bright_red,less_3_sec,mild_pain,hypomotile,moderate,significant,,2,,other,53,64,serosanguious,2,yes,0,0,0,no,lived
243,yes,adult,528570,37.5,66,12,warm,,normal_pink,less_3_sec,,,moderate,slight,less_1_liter,2,absent,distend_large,43,8.7,cloudy,2,yes,2208,0,0,yes,euthanized
244,no,adult,528996,38.2,40,12,warm,normal,normal_pink,less_3_sec,alert,hypomotile,,slight,,7,normal,firm,48,5.9,clear,7,no,0,0,0,yes,lived
245,yes,adult,530334,38.5,64,24,cool,reduced,pale_pink,less_3_sec,mild_pain,absent,moderate,slight,less_1_liter,3,absent,distend_small,33,6.5,cloudy,3.6,yes,31110,0,0,yes,lived
246,yes,adult,5297159,39.3,108,18,cold,reduced,dark_cyanotic,more_3_sec,severe_pain,absent,severe,slight,less_1_liter,6.5,absent,distend_large,75,6.5,clear,5.3,yes,12208,0,0,no,died
247,no,adult,529045,38.7,42,12,normal,normal,pale_pink,less_3_sec,,hypermotile,,,more_1_liter,6,normal,,23,6.2,cloudy,7,no,0,0,0,yes,lived
248,yes,adult,529272,37.9,54,14,cold,reduced,pale_cyanotic,less_3_sec,mild_pain,absent,severe,slight,less_1_liter,7.2,absent,distend_small,43,8,cloudy,2.1,yes,2112,0,0,no,died
249,yes,adult,529461,39.1,88,24,normal,reduced,normal_pink,less_3_sec,depressed,hypomotile,slight,,more_1_liter,7,normal,distend_small,52,7.6,serosanguious,4.5,yes,2209,0,0,no,died
250,yes,adult,535130,37.2,42,12,normal,reduced,normal_pink,less_3_sec,mild_pain,absent,,,more_1_liter,2,decreased,distend_large,36,66,clear,2,yes,6112,0,0,no,lived
251,yes,adult,530276,38.2,88,20,cool,reduced,pale_pink,less_3_sec,mild_pain,hypomotile,moderate,slight,more_1_liter,5.5,absent,distend_small,44,8,clear,5.3,yes,2207,0,0,no,lived
252,no,adult,528570,39.5,52,16,,normal,,less_3_sec,mild_pain,,,slight,more_1_liter,5.5,,distend_small,30,6.7,cloudy,2.8,yes,3111,0,0,no,euthanized
253,yes,adult,535031,37.5,60,48,cool,reduced,bright_red,more_3_sec,severe_pain,absent,,,more_1_liter,2,normal,,75,81,cloudy,2,yes,2322,0,0,no,lived
254,yes,adult,528298,38.6,40,14,normal,normal,,less_3_sec,mild_pain,hypomotile,slight,slight,,7,normal,normal,40,7.2,cloudy,2.8,yes,3111,0,0,yes,lived
255,yes,adult,534145,35.4,52,24,cool,reduced,pale_cyanotic,more_3_sec,depressed,hypomotile,moderate,significant,,7,serosanguious,distend_small,57,69,serosanguious,2,yes,2124,0,0,no,lived
256,yes,adult,530478,37.8,104,35,cool,reduced,bright_red,less_3_sec,,hypomotile,moderate,slight,more_1_liter,6.5,,distend_small,75,10.2,cloudy,4.3,yes,2205,0,0,yes,died
257,yes,adult,529667,39,64,36,warm,normal,pale_pink,more_3_sec,mild_pain,hypomotile,slight,slight,,7,absent,distend_large,44,6.5,cloudy,6.6,yes,2208,0,0,yes,died
258,yes,young,529663,38,90,48,cool,reduced,pale_cyanotic,less_3_sec,extreme_pain,absent,moderate,significant,less_1_liter,4.5,decreased,,54,6.1,serosanguious,2.9,yes,3205,0,0,no,died
259,yes,adult,534157,38.2,88,30,cold,reduced,pale_pink,more_3_sec,depressed,hypomotile,moderate,significant,more_1_liter,2,absent,distend_small,53,75,serosanguious,2,yes,2209,0,0,no,euthanized
260,no,adult,530439,37.8,66,28,warm,normal,bright_red,more_3_sec,severe_pain,hypomotile,,slight,more_1_liter,4.5,absent,distend_large,54,8.6,clear,2.6,no,2124,0,0,no,lived
261,yes,adult,528469,38.1,92,36,cool,reduced,dark_cyanotic,less_3_sec,depressed,absent,,slight,more_1_liter,6.5,decreased,distend_small,60,8.1,cloudy,2.6,yes,2112,0,0,no,died
262,yes,adult,530242,37.2,108,12,cool,reduced,dark_cyanotic,more_3_sec,depressed,hypomotile,slight,,more_1_liter,6,decreased,distend_small,69,8.9,serosanguious,6,yes,2207,0,0,yes,died
263,yes,adult,534624,37.3,78,28,cool,reduced,bright_red,more_3_sec,depressed,hypomotile,,,more_1_liter,1,,distend_large,57,80,serosanguious,2,yes,4205,0,0,no,euthanized
264,yes,adult,530034,37.4,76,51,cool,absent,pale_cyanotic,more_3_sec,severe_pain,hypomotile,moderate,slight,more_1_liter,2,absent,distend_large,60,6.5,serosanguious,4.6,yes,2205,0,0,no,died
265,no,adult,529628,38.3,48,20,cool,normal,normal_pink,less_3_sec,alert,hypermotile,,,,1,normal,,48,7.6,cloudy,1,no,400,0,0,yes,lived
266,yes,adult,529663,38.3,60,14,normal,normal,normal_pink,less_3_sec,mild_pain,hypomotile,slight,slight,more_1_liter,7,absent,distend_small,41,6.6,clear,5,yes,2209,0,0,no,lived
267,yes,adult,528469,37.5,49,9,normal,normal,bright_pink,less_3_sec,alert,hypomotile,slight,slight,less_1_liter,6.5,normal,other,49,8,cloudy,7.6,no,400,0,0,yes,lived
268,yes,young,530402,40.3,114,36,cool,reduced,pale_cyanotic,more_3_sec,depressed,absent,severe,,,6.5,absent,distend_large,57,6,serosanguious,4.8,yes,2205,0,0,no,died
269,yes,adult,530366,38.4,88,40,normal,normal,pale_cyanotic,less_3_sec,mild_pain,hypomotile,moderate,slight,more_1_liter,7,absent,distend_large,44,6.1,serosanguious,3.9,no,5400,0,0,yes,died
270,yes,adult,529160,38.9,48,32,normal,normal,normal_pink,less_3_sec,mild_pain,hypomotile,moderate,slight,more_1_liter,4.5,decreased,normal,39,6.6,clear,2.6,yes,3111,0,0,yes,lived
271,yes,adult,535407,37.3,129,24,cool,normal,bright_pink,less_3_sec,depressed,absent,moderate,slight,more_1_liter,2,normal,distend_small,57,82,serosanguious,2,no,2205,0,0,no,euthanized
272,yes,adult,5290409,37.2,108,48,cold,reduced,pale_pink,more_3_sec,extreme_pain,hypomotile,moderate,slight,more_1_liter,5.4,decreased,distend_large,55,6.5,serosanguious,4.5,no,4205,0,0,yes,died
273,yes,adult,5287179,37.8,88,48,cool,reduced,pale_pink,less_3_sec,extreme_pain,absent,moderate,significant,,4.4,absent,distend_small,48,8.6,serosanguious,2.9,yes,2208,0,0,yes,died
274,yes,adult,528548,37.5,66,12,cool,reduced,bright_red,less_3_sec,mild_pain,hypomotile,,slight,,3,increased,distend_large,44,6,cloudy,3.6,yes,2124,0,0,yes,lived
275,no,young,529461,40.3,114,36,cool,reduced,bright_red,more_3_sec,depressed,hypomotile,severe,slight,,7,absent,distend_large,57,8.1,cloudy,2.3,yes,7400,0,0,yes,euthanized
276,yes,adult,529461,39.2,114,36,cool,reduced,pale_cyanotic,more_3_sec,depressed,hypomotile,slight,slight,,7,normal,distend_small,57,6.6,serosanguious,3.2,yes,2208,0,0,no,euthanized
277,yes,adult,535196,38.3,52,12,normal,normal,normal_pink,less_3_sec,mild_pain,hypomotile,slight,,more_1_liter,2,decreased,distend_small,41,61,clear,2,yes,2205,0,0,no,lived
278,no,adult,527677,39,86,20,cool,reduced,pale_cyanotic,,mild_pain,hypomotile,slight,,,5,absent,,48,6.6,serosanguious,5.3,yes,5400,0,0,yes,died
279,yes,adult,530233,37.3,64,48,cool,reduced,pale_pink,less_3_sec,severe_pain,hypomotile,moderate,slight,,4.5,normal,distend_large,48,7.6,cloudy,4.5,yes,3209,0,0,yes,died
280,no,young,535043,38.4,56,68,warm,increased,normal_pink,less_3_sec,depressed,hypomotile,,significant,,7,decreased,,41,77,clear,1,no,4300,0,0,no,lived
281,yes,adult,526639,38.2,64,40,cool,normal,bright_red,less_3_sec,mild_pain,hypomotile,slight,slight,more_1_liter,2,decreased,distend_large,41,6.6,cloudy,2,yes,300,0,0,yes,died
282,no,adult,5301219,39.6,72,48,cool,reduced,bright_red,more_3_sec,depressed,hypomotile,severe,,less_1_liter,4,absent,distend_large,66,7.5,cloudy,2.9,yes,1400,0,0,no,died
283,no,adult,528682,38,52,12,normal,normal,normal_pink,less_3_sec,alert,normal,,slight,,5.3,normal,normal,42,7.2,clear,5,no,3111,0,0,yes,lived
284,no,adult,529663,38.3,114,36,cool,reduced,pale_cyanotic,more_3_sec,depressed,absent,moderate,,,6.5,absent,distend_large,63,8.1,serosanguious,3.9,yes,3205,0,0,no,euthanized
285,yes,adult,528996,37.2,48,12,cool,reduced,normal_pink,less_3_sec,mild_pain,normal,slight,,more_1_liter,5.5,normal,distend_small,35,8,clear,5,yes,2112,0,0,yes,lived
286,yes,adult,535196,37.2,88,30,cool,reduced,pale_cyanotic,more_3_sec,depressed,absent,severe,,,2,,distend_large,57,66,serosanguious,2,yes,3205,0,0,no,euthanized
287,yes,adult,529703,39.2,64,90,normal,normal,bright_pink,less_3_sec,mild_pain,hypomotile,slight,slight,less_1_liter,7,absent,distend_small,39,6.7,serosanguious,4.5,yes,2208,0,0,yes,died
288,no,adult,530242,36.4,108,12,cool,reduced,pale_cyanotic,more_3_sec,depressed,hypomotile,moderate,slight,more_1_liter,7,decreased,normal,47,8.2,serosanguious,6,yes,2205,0,0,yes,died
289,yes,adult,529126,38,88,96,cool,reduced,pale_cyanotic,less_3_sec,depressed,hypomotile,slight,slight,less_1_liter,5.5,absent,distend_small,54,6.6,serosanguious,4.3,yes,2205,0,0,no,died
290,no,adult,528178,38.6,48,12,cool,normal,normal_pink,less_3_sec,alert,hypermotile,slight,,more_1_liter,5,normal,,43,7.2,clear,3.6,no,3111,0,0,yes,lived
291,yes,adult,529667,38.4,52,16,warm,normal,normal_pink,less_3_sec,alert,hypermotile,,slight,more_1_liter,5.5,,distend_large,45,7,clear,1,yes,7111,0,0,no,euthanized
292,yes,young,5290409,38.2,164,84,cold,normal,dark_cyanotic,more_3_sec,depressed,absent,severe,,less_1_liter,5,decreased,,48,7.4,serosanguious,3.4,yes,2208,0,0,yes,died
293,yes,adult,5287179,38.1,136,40,cool,reduced,normal_pink,less_3_sec,extreme_pain,hypomotile,moderate,significant,less_1_liter,4.4,absent,distend_small,47,4.9,serosanguious,3.9,yes,2209,0,0,no,died
294,yes,adult,529796,39.1,52,60,cool,reduced,bright_red,less_3_sec,depressed,hypomotile,moderate,slight,less_1_liter,1,decreased,distend_small,49,10.2,clear,1.6,yes,2124,0,0,no,lived
295,yes,adult,534163,38.6,60,44,cold,,dark_cyanotic,more_3_sec,depressed,absent,severe,,more_1_liter,2,normal,distend_large,55,80,serosanguious,2,yes,3205,0,0,no,euthanized
296,no,adult,527734,37.5,64,12,cool,reduced,bright_pink,less_3_sec,depressed,hypomotile,slight,,less_1_liter,4.5,normal,firm,43,6.6,cloudy,4.3,no,5400,0,0,yes,died
297,yes,adult,5287179,37.7,68,20,normal,normal,normal_pink,less_3_sec,mild_pain,hypomotile,slight,slight,,3,decreased,firm,39,7,clear,7,yes,3111,0,0,yes,lived
298,no,adult,529840,37.2,112,16,cool,reduced,bright_red,less_3_sec,depressed,hypomotile,slight,slight,more_1_liter,5,absent,distend_small,69,6,serosanguious,2.6,yes,2205,0,0,no,lived
299,no,adult,529642,38.5,48,16,normal,normal,normal_pink,less_3_sec,alert,hypomotile,,slight,more_1_liter,5,decreased,other,49,8.1,clear,5,no,3111,0,0,yes,lived
300,yes,adult,534753,38.6,60,30,cool,reduced,,less_3_sec,mild_pain,hypomotile,slight,,less_1_liter,1,absent,distend_small,33,70,serosanguious,1,yes,2209,0,0,yes,lived
301,yes,adult,534963,38.1,52,20,cool,reduced,pale_cyanotic,less_3_sec,severe_pain,absent,moderate,,more_1_liter,2,decreased,distend_small,26,75,cloudy,2,yes,2209,0,0,no,lived
302,yes,adult,529493,38.3,112,16,,,bright_red,more_3_sec,depressed,,,,more_1_liter,1,,distend_small,51,6,serosanguious,2,yes,2208,0,0,no,euthanized
303,yes,adult,534917,37.1,84,40,cool,,dark_cyanotic,more_3_sec,extreme_pain,absent,severe,,less_1_liter,2,absent,distend_large,75,81,clear,2,yes,1400,0,0,no,euthanized
304,yes,adult,528183,37.3,80,36,cool,reduced,pale_cyanotic,less_3_sec,extreme_pain,hypomotile,slight,,,2,increased,distend_small,44,6.8,serosanguious,10.1,yes,2205,0,0,yes,died
305,yes,adult,529667,39,64,36,cool,normal,pale_cyanotic,less_3_sec,mild_pain,hypomotile,,slight,less_1_liter,7,absent,distend_large,40,7,serosanguious,2,yes,2113,0,0,no,lived
306,yes,adult,533871,37.5,88,20,cool,reduced,pale_cyanotic,less_3_sec,,absent,moderate,slight,more_1_liter,2,absent,distend_small,35,65,serosanguious,2,yes,2208,0,0,no,euthanized
307,yes,young,529663,38,124,36,normal,reduced,bright_pink,less_3_sec,mild_pain,hypomotile,moderate,,,4,increased,,35,7.5,cloudy,4.3,yes,7111,0,0,yes,died
308,no,young,529461,38.6,108,40,normal,reduced,pale_pink,less_3_sec,depressed,hypomotile,moderate,,more_1_liter,5.5,absent,,37,7.8,serosanguious,4.3,no,1400,0,0,yes,died
309,yes,adult,530034,39.8,128,36,,reduced,pale_pink,more_3_sec,extreme_pain,hypomotile,moderate,slight,more_1_liter,5,absent,distend_large,52,6.5,serosanguious,3.4,yes,5400,0,0,no,died
310,yes,adult,529663,38,132,12,,reduced,bright_red,more_3_sec,depressed,absent,slight,slight,more_1_liter,7,absent,distend_small,75,7.5,serosanguious,6.6,yes,2206,0,0,yes,died
311,no,adult,534293,38.2,130,48,cold,reduced,pale_cyanotic,less_3_sec,depressed,absent,severe,,more_1_liter,2,,,65,82,cloudy,2,no,2209,1400,0,yes,euthanized
312,yes,adult,5291329,37.8,60,32,normal,normal,normal_pink,less_3_sec,mild_pain,hypomotile,moderate,slight,more_1_liter,2,decreased,distend_small,43,8,serosanguious,2.6,yes,2208,0,0,no,died
313,yes,adult,529160,38.3,132,32,,reduced,pale_cyanotic,more_3_sec,severe_pain,absent,severe,,more_1_liter,2,,,57,8.1,cloudy,2,no,3205,0,0,no,euthanized
314,yes,young,5287179,38.2,52,18,normal,normal,pale_pink,less_3_sec,severe_pain,hypomotile,,slight,more_1_liter,5.7,normal,,48,7.2,clear,2,yes,2205,0,0,no,died
315,yes,adult,534917,37.8,60,30,cool,reduced,pale_cyanotic,less_3_sec,extreme_pain,absent,slight,slight,,2,absent,,46,81,,2,yes,4205,0,0,no,lived
316,no,adult,529703,39,64,40,normal,normal,bright_red,less_3_sec,mild_pain,hypomotile,slight,slight,,7,decreased,firm,42,7.5,cloudy,2.3,no,5000,0,0,yes,lived
317,no,adult,533885,38.1,60,20,normal,,normal_pink,less_3_sec,mild_pain,hypomotile,slight,,less_1_liter,1,,distend_small,65,81,clear,2,yes,2205,0,0,no,euthanized
318,yes,adult,529518,39.2,86,28,cool,reduced,bright_red,less_3_sec,depressed,hypomotile,slight,,more_1_liter,5.4,decreased,distend_large,73,6.2,serosanguious,3.4,yes,5400,0,0,no,died
319,no,adult,529461,40.3,114,36,cool,reduced,pale_cyanotic,more_3_sec,depressed,absent,moderate,,,7,normal,distend_large,57,8,serosanguious,4.8,no,3025,0,0,yes,died
320,no,adult,534157,38.1,86,40,cool,,dark_cyanotic,less_3_sec,depressed,absent,moderate,significant,more_1_liter,2,,other,41,65,cloudy,2,no,2322,0,0,no,euthanized
321,yes,adult,528890,38.9,80,44,cool,reduced,pale_pink,more_3_sec,depressed,hypomotile,moderate,significant,less_1_liter,7,decreased,normal,54,54,serosanguious,2,yes,7111,0,0,no,died
322,yes,adult,530360,38.1,52,16,cool,reduced,pale_cyanotic,less_3_sec,severe_pain,absent,moderate,slight,less_1_liter,2,absent,distend_large,47,6.6,cloudy,2,yes,3209,0,0,no,euthanized
323,yes,adult,528548,38.1,66,12,cool,reduced,bright_red,less_3_sec,mild_pain,hypomotile,,slight,,3,increased,distend_large,44,6,clear,3.6,yes,2124,0,0,yes,lived
324,yes,adult,5297379,38.8,54,24,cold,normal,normal_pink,less_3_sec,depressed,hypomotile,moderate,slight,less_1_liter,6.5,decreased,distend_small,49,9,cloudy,4.3,yes,2206,0,0,yes,died
325,no,adult,529461,40.3,114,36,cool,reduced,bright_red,less_3_sec,depressed,hypomotile,moderate,slight,,7,absent,distend_large,57,8.7,cloudy,4.5,yes,7400,0,0,yes,died
326,yes,adult,533928,37.8,36,24,normal,,pale_pink,less_3_sec,,absent,severe,significant,,2,,,52,75,serosanguious,2,yes,2205,0,0,no,lived
327,yes,adult,533836,39.2,100,24,cold,reduced,bright_red,more_3_sec,depressed,absent,severe,,more_1_liter,2,absent,distend_large,68,64,serosanguious,2,yes,3205,0,0,no,lived
328,no,adult,528298,38,92,28,cold,reduced,normal_pink,less_3_sec,depressed,absent,,,more_1_liter,5,normal,normal,45,7.5,clear,5,no,8300,0,0,yes,euthanized
329,yes,adult,534519,38.8,52,16,normal,normal,,less_3_sec,mild_pain,absent,slight,,more_1_liter,1,decreased,distend_small,42,71,clear,2,no,2113,0,0,no,lived
330,no,adult,530002,38.2,129,51,cool,reduced,bright_red,more_3_sec,depressed,absent,moderate,,,2,absent,,57,8.5,serosanguious,2,yes,2208,0,0,yes,lived
331,yes,adult,534519,39,66,80,cool,reduced,bright_red,less_3_sec,mild_pain,hypomotile,slight,slight,,1,absent,distend_small,75,81,cloudy,2,yes,1400,0,0,yes,euthanized
332,yes,adult,5290409,38.2,40,84,cool,reduced,dark_cyanotic,less_3_sec,depressed,hypomotile,moderate,slight,less_1_liter,7,normal,normal,54,6.4,serosanguious,5.3,yes,7400,0,0,yes,died
333,no,adult,534787,38.3,120,32,cool,reduced,bright_red,more_3_sec,depressed,hypomotile,,,more_1_liter,2,,distend_large,64,86,clear,2,yes,4205,0,0,no,euthanized
334,yes,adult,521399,39.6,104,36,normal,reduced,dark_cyanotic,more_3_sec,severe_pain,absent,moderate,,more_1_liter,5,decreased,,59,7.5,cloudy,2.6,yes,1400,0,0,yes,died
335,yes,adult,534917,37.6,84,40,cool,reduced,normal_pink,less_3_sec,mild_pain,absent,slight,slight,more_1_liter,2,absent,distend_small,75,81,clear,2,yes,1400,0,0,yes,euthanized
336,no,adult,527518,38.2,52,12,normal,normal,pale_pink,more_3_sec,mild_pain,hypomotile,moderate,,more_1_liter,5.2,absent,distend_large,48,7.5,cloudy,3.3,yes,5205,0,0,yes,died
337,no,adult,535196,38.4,48,32,normal,normal,bright_red,less_3_sec,mild_pain,hypomotile,moderate,slight,more_1_liter,5,absent,distend_small,41,66,cloudy,3.3,yes,2207,0,0,yes,lived
338,yes,adult,529685,38.4,184,58,normal,normal,bright_pink,less_3_sec,depressed,hypomotile,,,,7,decreased,other,42,7.5,cloudy,1.7,yes,2124,0,0,yes,lived
339,no,adult,529272,38.6,52,16,normal,,pale_pink,less_3_sec,alert,,slight,slight,more_1_liter,5.5,normal,,55,7.2,cloudy,2.1,no,0,0,0,yes,lived
340,no,adult,529663,37.5,48,9,normal,normal,normal_pink,less_3_sec,alert,normal,,slight,more_1_liter,5.5,normal,firm,49,8,clear,5,no,0,0,0,yes,lived
341,yes,adult,528151,38.2,136,18,normal,reduced,bright_red,less_3_sec,mild_pain,hypomotile,slight,,more_1_liter,6.2,absent,distend_small,54,7.5,cloudy,5.3,yes,2112,0,0,yes,lived
342,yes,adult,530028,38.4,64,28,cool,reduced,bright_red,less_3_sec,mild_pain,absent,slight,slight,less_1_liter,4.5,absent,distend_small,50,7.2,serosanguious,3.6,yes,31110,0,0,yes,died
343,yes,adult,529183,37.9,48,14,normal,normal,normal_pink,less_3_sec,alert,hypomotile,slight,slight,more_1_liter,5.7,,,47,6.5,clear,5.3,no,3111,0,0,no,lived
344,no,adult,528548,38.1,54,28,normal,normal,pale_pink,less_3_sec,mild_pain,hypomotile,slight,,less_1_liter,3,,distend_small,43,7,clear,3.6,no,2124,0,0,yes,lived
345,no,adult,5297379,38,84,48,cool,reduced,pale_cyanotic,less_3_sec,extreme_pain,absent,moderate,,less_1_liter,4.5,,,49,6.6,serosanguious,2.6,yes,4205,0,0,no,died
346,no,adult,530301,38.6,104,12,cool,reduced,pale_pink,less_3_sec,depressed,hypomotile,slight,slight,more_1_liter,1,absent,distend_small,51,6.5,serosanguious,1,no,3111,0,0,no,euthanized
347,no,adult,527544,37.7,88,36,normal,normal,bright_pink,less_3_sec,depressed,hypermotile,,slight,more_1_liter,4,increased,firm,50,7,clear,3.9,no,0,0,0,no,lived
348,no,adult,529461,40.3,114,36,cool,reduced,normal_pink,more_3_sec,depressed,hypomotile,moderate,slight,more_1_liter,7,normal,distend_large,57,8.1,serosanguious,2.6,yes,7400,0,0,no,euthanized
349,yes,adult,529893,39.1,52,16,cool,,pale_pink,more_3_sec,mild_pain,hypomotile,slight,slight,less_1_liter,5.3,absent,distend_small,45,7.2,serosanguious,5.4,yes,2208,0,0,yes,lived
350,yes,adult,527709,38.9,48,24,cool,normal,normal_pink,less_3_sec,mild_pain,hypomotile,moderate,,less_1_liter,7,absent,distend_large,37,6.6,clear,1.4,yes,7209,0,0,yes,lived
351,no,adult,529796,37.5,48,28,warm,normal,normal_pink,less_3_sec,alert,hypermotile,,,less_1_liter,3.5,increased,other,44,9.1,clear,4.5,no,3111,0,0,yes,lived
352,yes,young,5294369,38.9,120,40,cool,reduced,bright_red,less_3_sec,mild_pain,hypomotile,moderate,slight,,7,,,47,54,serosanguious,2,yes,2124,0,0,no,lived
353,yes,adult,528523,38.1,66,12,cool,normal,bright_red,less_3_sec,mild_pain,hypomotile,slight,,,3,decreased,distend_small,50,7,cloudy,3.6,yes,2208,0,0,yes,lived
354,yes,adult,535043,39.3,88,51,cold,absent,dark_cyanotic,less_3_sec,mild_pain,absent,,,more_1_liter,2,,distend_small,66,13,serosanguious,2,yes,2113,0,0,yes,lived
355,no,young,528702,39.1,114,36,cool,normal,bright_pink,less_3_sec,depressed,hypomotile,moderate,slight,less_1_liter,4.4,normal,distend_small,47,6.2,cloudy,3.9,no,2208,0,0,yes,euthanized
356,no,adult,530478,38.1,60,16,normal,normal,normal_pink,less_3_sec,mild_pain,hypomotile,slight,slight,more_1_liter,6.5,normal,,42,7.2,clear,8,no,3111,0,0,yes,lived
357,yes,adult,5290759,37.2,108,30,,reduced,pale_pink,less_3_sec,depressed,absent,slight,slight,more_1_liter,5.3,,distend_small,40,8.6,serosanguious,4.3,yes,3111,0,0,yes,lived
358,yes,adult,528248,37.5,48,12,normal,normal,normal_pink,less_3_sec,depressed,hypomotile,,slight,more_1_liter,5.5,normal,distend_large,38,7.2,cloudy,2.6,no,31110,0,0,yes,lived
359,no,adult,528469,38.5,68,12,cool,normal,normal_pink,less_3_sec,mild_pain,hypomotile,slight,slight,,5.3,normal,distend_large,44,7,clear,1.6,no,0,0,0,yes,lived
360,yes,adult,530002,39.1,100,51,cool,reduced,dark_cyanotic,more_3_sec,extreme_pain,absent,severe,,,4.4,absent,distend_large,52,7.8,serosanguious,2.9,yes,2124,0,0,yes,lived
361,yes,adult,529642,40.8,108,12,cool,reduced,pale_cyanotic,less_3_sec,depressed,absent,slight,slight,,4,absent,distend_small,48,8.3,serosanguious,4.3,yes,2205,0,0,yes,died
362,no,adult,530002,38.5,52,51,normal,reduced,bright_pink,less_3_sec,alert,hypomotile,moderate,slight,more_1_liter,5.5,absent,distend_large,53,7.2,clear,2.9,yes,2124,0,0,no,lived
363,yes,adult,527758,38.1,84,20,,,normal_pink,less_3_sec,severe_pain,hypomotile,moderate,slight,more_1_liter,5,decreased,distend_small,49,9.1,cloudy,4.3,yes,2208,0,0,yes,lived
364,no,adult,529663,38.1,114,24,cool,reduced,dark_cyanotic,more_3_sec,depressed,hypomotile,moderate,,,4,absent,distend_small,57,6.1,serosanguious,4.4,yes,2208,0,0,yes,died
365,no,adult,529172,37.6,96,40,cool,reduced,pale_cyanotic,more_3_sec,severe_pain,absent,severe,slight,less_1_liter,4.5,decreased,distend_large,60,7.5,cloudy,2.8,no,4300,0,0,yes,died
366,yes,adult,534069,38.4,52,40,normal,reduced,bright_pink,less_3_sec,severe_pain,hypomotile,slight,slight,more_1_liter,7,absent,distend_small,40,7.5,cloudy,2.8,yes,1400,0,0,no,euthanized
367,yes,adult,535085,39.5,114,48,cool,reduced,dark_cyanotic,more_3_sec,depressed,absent,moderate,,more_1_liter,7,,,59,8,serosanguious,2,yes,2208,0,0,no,died
368,yes,adult,535043,37.4,100,51,cold,absent,dark_cyanotic,less_3_sec,severe_pain,absent,,,more_1_liter,2,,distend_small,66,13,serosanguious,2,yes,2208,0,0,no,euthanized
369,yes,adult,534933,37.5,84,36,cool,absent,bright_red,less_3_sec,depressed,absent,severe,,more_1_liter,2,absent,,48,64,cloudy,2,no,1400,0,0,no,euthanized
370,yes,adult,529428,39.4,108,24,cool,reduced,pale_cyanotic,more_3_sec,severe_pain,absent,moderate,slight,more_1_liter,7,,distend_small,52,6.5,serosanguious,4.5,yes,2124,0,0,no,euthanized
371,yes,adult,527933,38.1,48,16,normal,normal,normal_pink,less_3_sec,alert,hypomotile,,slight,,7,normal,distend_large,49,7.2,clear,8,yes,31110,0,0,yes,lived
372,no,adult,523190,38,112,36,cool,reduced,dark_cyanotic,more_3_sec,depressed,absent,moderate,slight,more_1_liter,5.2,absent,distend_small,73,8.5,serosanguious,8,yes,1400,0,0,yes,euthanized
373,no,adult,528729,38.1,48,24,normal,normal,pale_pink,less_3_sec,alert,normal,,slight,,7,normal,normal,49,8.5,clear,1.3,no,0,0,0,yes,lived
374,yes,adult,529667,39,64,36,cool,reduced,pale_cyanotic,more_3_sec,depressed,hypomotile,slight,slight,,7,normal,distend_large,59,8.5,serosanguious,2,yes,2113,0,0,no,lived
375,no,adult,529183,37.5,96,18,cold,reduced,dark_cyanotic,more_3_sec,depressed,hypomotile,moderate,slight,less_1_liter,4,decreased,distend_small,47,7.5,serosanguious,4.1,yes,2205,0,0,no,died
376,yes,adult,533928,37.3,60,24,normal,,pale_cyanotic,more_3_sec,,absent,severe,slight,,2,,distend_large,52,75,cloudy,2,yes,2205,0,0,yes,euthanized
377,yes,adult,529172,37.3,40,30,cool,reduced,pale_cyanotic,less_3_sec,severe_pain,absent,slight,slight,less_1_liter,6.5,absent,distend_small,51,8.1,serosanguious,4.3,yes,2208,0,0,yes,lived
378,yes,adult,5290482,38.2,52,20,cool,normal,bright_red,less_3_sec,alert,normal,,,more_1_liter,5,normal,distend_large,28,7.7,cloudy,4.3,yes,3111,0,0,yes,lived
379,yes,adult,530526,36.1,98,40,cool,reduced,pale_pink,less_3_sec,mild_pain,hypomotile,slight,significant,less_1_liter,7,absent,distend_small,47,7,serosanguious,3.2,yes,2208,0,0,yes,lived
380,yes,adult,533847,38.3,60,24,cool,reduced,pale_cyanotic,more_3_sec,extreme_pain,absent,severe,,,2,absent,distend_large,55,64,serosanguious,2,yes,3205,0,0,no,euthanized
381,yes,adult,5294369,38.7,100,20,normal,normal,normal_pink,less_3_sec,depressed,hypomotile,,slight,,7,normal,normal,40,7,clear,8,yes,3111,0,0,yes,lived
382,no,adult,528247,38,48,16,cool,reduced,pale_cyanotic,more_3_sec,alert,absent,slight,slight,,5,,other,48,7.2,clear,3.7,no,400,0,0,no,lived
383,yes,adult,528729,37,52,12,cool,normal,normal_pink,less_3_sec,mild_pain,normal,slight,slight,more_1_liter,5,normal,distend_small,44,8.1,cloudy,1.6,yes,2208,0,0,yes,lived
384,yes,adult,530251,38.6,88,14,cool,reduced,pale_pink,less_3_sec,mild_pain,absent,moderate,slight,less_1_liter,3.5,increased,distend_small,47,5.7,cloudy,3,yes,31110,0,0,yes,lived
385,yes,adult,533738,37.5,48,16,normal,normal,,less_3_sec,alert,normal,,slight,more_1_liter,5.5,,,36,56,cloudy,3.4,no,3113,0,0,no,lived
386,yes,adult,527706,37.8,84,32,cool,normal,pale_cyanotic,more_3_sec,severe_pain,absent,moderate,,more_1_liter,7,absent,distend_small,45,6.6,serosanguious,2.3,yes,2202,0,0,no,died
387,no,adult,521399,37.1,96,36,cool,normal,pale_cyanotic,more_3_sec,depressed,absent,slight,,more_1_liter,5,,distend_large,48,7.2,serosanguious,5.3,yes,1400,0,0,yes,died
388,yes,adult,534197,38.3,40,20,cool,reduced,normal_pink,less_3_sec,,hypomotile,moderate,slight,more_1_liter,1,normal,distend_small,41,60,serosanguious,2,yes,2209,0,0,no,euthanized
389,yes,adult,533836,37.8,100,48,cool,reduced,pale_cyanotic,more_3_sec,,absent,severe,,more_1_liter,2,,other,68,64,,2,yes,2205,0,0,no,euthanized
390,yes,adult,527698,38.5,164,36,cold,reduced,dark_cyanotic,less_3_sec,depressed,absent,slight,slight,,4,absent,distend_large,60,6.1,serosanguious,3.2,yes,3205,0,0,yes,died
391,yes,adult,528469,38.1,66,12,cool,reduced,bright_red,less_3_sec,severe_pain,hypomotile,,slight,,3,increased,distend_small,54,7.5,serosanguious,2.6,yes,2206,0,0,yes,died
392,yes,adult,527544,37.6,84,36,normal,reduced,pale_pink,less_3_sec,severe_pain,hypomotile,moderate,,more_1_liter,4.5,absent,distend_large,45,6.6,serosanguious,3.7,yes,12208,0,0,no,died
393,no,adult,529461,40.3,114,36,cool,reduced,normal_pink,more_3_sec,depressed,hypomotile,moderate,slight,,7,normal,distend_large,57,7.4,serosanguious,4.5,yes,3205,0,0,yes,died
394,yes,adult,534145,38.1,104,40,cool,normal,bright_red,more_3_sec,depressed,absent,slight,slight,more_1_liter,2,,,57,74,serosanguious,2,yes,2209,0,0,no,euthanized
395,yes,young,530693,37.8,96,21,cool,reduced,dark_cyanotic,less_3_sec,severe_pain,absent,moderate,significant,more_1_liter,4.5,,distend_large,44,7.4,serosanguious,4.7,yes,2112,0,0,yes,died
396,yes,adult,529461,37.9,84,36,cold,normal,normal_pink,less_3_sec,mild_pain,hypomotile,moderate,slight,less_1_liter,5.5,absent,distend_large,33,6.6,clear,10.1,yes,2205,0,0,no,died
397,yes,adult,528800,37.8,48,12,cool,normal,pale_cyanotic,less_3_sec,mild_pain,normal,slight,slight,more_1_liter,2,decreased,firm,50,7,serosanguious,5,yes,2205,0,0,yes,euthanized
398,yes,adult,529865,37.8,60,12,cool,reduced,normal_pink,less_3_sec,mild_pain,hypomotile,slight,significant,,6,decreased,distend_small,37,7,serosanguious,3.3,yes,2207,0,0,yes,lived
399,yes,adult,528548,38.3,96,28,cool,reduced,pale_cyanotic,more_3_sec,extreme_pain,absent,severe,,,4.3,absent,distend_large,65,7,serosanguious,2.8,yes,4205,0,0,yes,died
400,yes,adult,528570,38,66,12,cool,normal,bright_red,less_3_sec,severe_pain,hypomotile,,slight,,3,normal,distend_small,45,6,cloudy,2,yes,31110,0,0,yes,died
401,yes,adult,529373,38.7,48,16,cool,reduced,pale_cyanotic,less_3_sec,mild_pain,hypomotile,moderate,,,7,decreased,,44,6.6,serosanguious,2.3,yes,4205,0,0,yes,died
402,yes,adult,527563,37.6,72,30,normal,normal,pale_pink,less_3_sec,mild_pain,hypomotile,moderate,slight,more_1_liter,5.7,decreased,distend_large,48,6.8,,3.7,yes,5400,0,0,no,died
403,yes,young,5290409,38.1,66,12,normal,normal,bright_red,more_3_sec,mild_pain,hypomotile,,slight,more_1_liter,5,increased,,44,7.5,cloudy,2.6,yes,2112,0,0,yes,died
404,no,adult,529461,38.3,48,12,cool,normal,pale_cyanotic,less_3_sec,depressed,absent,slight,,more_1_liter,1.5,,firm,49,6,clear,2.6,no,5000,0,0,yes,lived
405,yes,adult,529399,38.1,88,12,cool,reduced,dark_cyanotic,less_3_sec,severe_pain,absent,slight,,more_1_liter,2,absent,distend_small,51,64,serosanguious,2,yes,2208,0,0,no,died
406,no,adult,528996,38.6,48,12,normal,normal,normal_pink,less_3_sec,alert,normal,,slight,more_1_liter,5,normal,normal,49,8.1,clear,5,no,0,0,0,yes,lived
407,yes,adult,534579,38.8,68,22,cool,reduced,bright_pink,less_3_sec,depressed,hypomotile,slight,slight,less_1_liter,2,absent,distend_small,75,81,,1,yes,2112,0,0,no,lived
408,yes,adult,535292,37.5,120,36,cold,reduced,dark_cyanotic,more_3_sec,,absent,moderate,,more_1_liter,2,absent,distend_large,69,82,clear,2,yes,3205,0,0,no,lived
409,no,adult,528620,38.3,52,16,warm,normal,normal_pink,less_3_sec,alert,normal,,,,4.3,normal,firm,37,7,clear,2.9,no,0,0,0,no,lived
410,yes,adult,529135,38.2,100,51,cool,reduced,pale_cyanotic,more_3_sec,extreme_pain,absent,severe,slight,more_1_liter,2,,distend_large,43,8.1,serosanguious,2,yes,4205,0,0,no,died
411,yes,adult,527526,36.1,96,21,cool,reduced,pale_pink,more_3_sec,depressed,absent,moderate,slight,more_1_liter,3,decreased,distend_small,48,6.6,serosanguious,3.6,yes,2209,0,0,yes,died
412,yes,adult,527463,37.5,104,18,normal,normal,dark_cyanotic,more_3_sec,mild_pain,absent,slight,slight,less_1_liter,5,,distend_small,69,8,serosanguious,5.3,yes,2208,0,0,yes,lived
413,yes,adult,534925,38.6,104,40,cold,reduced,bright_red,more_3_sec,depressed,hypomotile,moderate,slight,more_1_liter,2,absent,distend_small,71,85,,2,yes,2209,0,0,no,euthanized
414,yes,adult,529461,38.6,72,20,cool,reduced,bright_pink,more_3_sec,depressed,hypomotile,moderate,,,3,decreased,,40,7.6,serosanguious,2.6,yes,400,0,0,yes,died
415,no,adult,530242,37.2,108,12,cool,reduced,pale_cyanotic,more_3_sec,depressed,absent,slight,,more_1_liter,6,decreased,firm,52,8.2,serosanguious,7.4,yes,2207,0,0,yes,euthanized
416,no,adult,528996,38.6,52,20,normal,normal,normal_pink,less_3_sec,mild_pain,hypomotile,slight,,more_1_liter,5.5,normal,firm,36,6.6,clear,5,no,0,0,0,yes,lived
417,yes,adult,528729,38.4,66,32,cool,reduced,pale_pink,less_3_sec,mild_pain,hypomotile,moderate,slight,more_1_liter,5.5,normal,distend_large,41,6.4,serosanguious,4.3,yes,2208,0,0,no,lived
418,yes,adult,528996,37.1,48,12,cool,reduced,pale_pink,less_3_sec,mild_pain,hypomotile,slight,slight,less_1_liter,4,decreased,distend_small,42,6.3,serosanguious,3.9,yes,0,0,0,yes,lived
419,no,adult,529424,38.4,52,24,warm,normal,normal_pink,less_3_sec,alert,hypomotile,,significant,,7.5,,,37,6.8,clear,5,no,2124,0,0,no,lived
420,yes,young,529340,38.3,184,30,cool,reduced,pale_pink,less_3_sec,extreme_pain,absent,moderate,slight,,4,absent,distend_small,48,6.1,serosanguious,4.5,yes,2205,0,0,yes,died
421,yes,adult,534519,37.5,72,24,cool,reduced,dark_cyanotic,less_3_sec,depressed,hypomotile,moderate,,less_1_liter,2,absent,,75,81,cloudy,2,no,1400,0,0,no,euthanized
422,no,adult,528630,37.8,88,16,normal,,normal_pink,less_3_sec,depressed,hypomotile,,,more_1_liter,1,normal,,52,7,clear,2,no,3205,0,0,yes,euthanized
423,yes,adult,534280,37.2,88,24,cool,reduced,pale_cyanotic,more_3_sec,depressed,absent,severe,significant,more_1_liter,2,,distend_small,57,82,serosanguious,2,yes,2322,0,0,no,euthanized
424,yes,adult,530693,38.6,108,12,cool,,pale_cyanotic,more_3_sec,extreme_pain,absent,moderate,,less_1_liter,5.4,absent,distend_large,48,7.5,serosanguious,2,yes,3205,0,0,no,died
425,yes,adult,528006,35.4,88,32,cool,reduced,pale_cyanotic,more_3_sec,extreme_pain,hypomotile,moderate,slight,less_1_liter,4,decreased,distend_small,55,6.6,serosanguious,3.6,yes,2209,0,0,yes,euthanized
426,yes,adult,530310,39.5,88,28,cold,reduced,bright_red,less_3_sec,depressed,absent,severe,,less_1_liter,1,decreased,distend_large,54,7.6,serosanguious,3.4,no,4205,0,0,no,died
427,yes,adult,526802,37.5,48,16,normal,normal,normal_pink,less_3_sec,mild_pain,absent,moderate,slight,more_1_liter,5,decreased,distend_large,45,7.5,cloudy,2,yes,3124,0,0,no,lived
428,no,adult,528570,38.4,72,36,cool,reduced,bright_red,more_3_sec,depressed,hypomotile,moderate,significant,more_1_liter,2,absent,distend_large,64,8.2,cloudy,2.8,yes,7111,0,0,no,euthanized
429,yes,young,529667,39.4,120,48,cold,reduced,pale_cyanotic,more_3_sec,extreme_pain,absent,moderate,slight,less_1_liter,7,,,43,7.4,serosanguious,2.1,yes,2112,0,0,no,died
430,yes,adult,535029,37.1,84,20,cool,reduced,pale_pink,more_3_sec,depressed,absent,moderate,significant,less_1_liter,2,,,75,81,,2,no,1400,0,0,no,euthanized
431,yes,adult,528743,38.8,88,24,cold,reduced,normal_pink,less_3_sec,mild_pain,hypomotile,moderate,slight,less_1_liter,3,decreased,distend_large,37,4.5,cloudy,3.9,yes,7111,0,0,yes,died
432,yes,young,529388,38.9,96,12,cold,reduced,pale_cyanotic,less_3_sec,depressed,absent,slight,slight,more_1_liter,4.5,absent,distend_small,50,7.5,serosanguious,3.4,yes,2208,0,0,yes,died
433,no,adult,535330,38.2,129,48,cool,,pale_pink,less_3_sec,mild_pain,hypomotile,,slight,more_1_liter,2,,,57,66,,2,yes,2209,0,0,no,euthanized
434,yes,young,5287179,38.1,136,48,cool,reduced,pale_pink,less_3_sec,severe_pain,hypermotile,moderate,slight,,4.4,increased,,33,4.9,cloudy,2.9,yes,2205,0,0,yes,died
435,no,adult,532985,39.2,104,48,cool,reduced,dark_cyanotic,more_3_sec,extreme_pain,absent,severe,significant,more_1_liter,2,,,66,8.2,serosanguious,2,no,1400,0,0,yes,died
436,yes,adult,530310,38.5,36,18,normal,,normal_pink,less_3_sec,mild_pain,hypomotile,moderate,slight,,3,absent,distend_large,43,6.5,cloudy,3.2,yes,2208,0,0,yes,died
437,yes,adult,535043,39.7,108,51,cool,reduced,dark_cyanotic,more_3_sec,depressed,absent,slight,,more_1_liter,2,absent,distend_small,58,13,serosanguious,2,no,2113,0,0,yes,euthanized
438,yes,adult,528641,38.3,40,20,cool,normal,pale_pink,less_3_sec,mild_pain,hypomotile,moderate,slight,more_1_liter,5.5,absent,distend_small,48,7.5,serosanguious,6.6,yes,2208,0,0,yes,euthanized
439,no,adult,528548,37.8,80,44,cool,reduced,dark_cyanotic,less_3_sec,depressed,hypomotile,,slight,,3,decreased,normal,47,6.4,serosanguious,5.2,yes,2300,0,0,yes,died
440,yes,adult,530526,37.9,48,20,cool,normal,normal_pink,less_3_sec,mild_pain,hypomotile,moderate,significant,,7,absent,distend_large,31.5,6,serosanguious,3.9,yes,3111,0,0,yes,lived
441,no,adult,534145,36.1,88,32,cool,reduced,pale_cyanotic,less_3_sec,depressed,absent,slight,slight,more_1_liter,1,,distend_small,50,55,serosanguious,2,yes,2209,0,0,yes,euthanized
442,no,adult,5290409,37,66,16,warm,normal,bright_red,less_3_sec,depressed,hypomotile,moderate,slight,less_1_liter,7,decreased,distend_large,69,5.7,serosanguious,2.9,yes,2209,0,0,yes,died
443,yes,adult,528890,40.3,80,36,cool,reduced,pale_pink,less_3_sec,depressed,hypomotile,moderate,slight,,7,decreased,normal,54,6.5,serosanguious,3.4,yes,3205,0,0,yes,died
444,yes,adult,528743,37.1,75,36,,,dark_cyanotic,more_3_sec,severe_pain,absent,slight,,more_1_liter,5,absent,distend_small,48,7.5,serosanguious,3.4,yes,12208,0,0,yes,died
445,yes,adult,530526,38.9,140,20,cool,reduced,pale_pink,more_3_sec,depressed,hypomotile,moderate,slight,,7,normal,distend_large,57,6.5,serosanguious,3.9,yes,3113,0,0,yes,lived
446,yes,young,528668,38.8,129,40,cool,reduced,pale_cyanotic,more_3_sec,,absent,,,more_1_liter,5,normal,,34,7.6,,8,yes,2206,0,0,yes,lived
447,yes,adult,529461,38.5,114,36,cool,reduced,pale_cyanotic,more_3_sec,depressed,hypomotile,moderate,slight,,7,normal,,57,8.1,serosanguious,4.5,yes,2208,0,0,no,died
448,yes,adult,527365,39.1,88,20,cool,absent,pale_cyanotic,less_3_sec,depressed,absent,slight,slight,more_1_liter,2,absent,distend_small,52,89,cloudy,3.4,yes,2208,0,0,yes,euthanized
449,yes,adult,527709,38.8,129,51,normal,reduced,pale_pink,more_3_sec,depressed,absent,moderate,slight,more_1_liter,6.2,decreased,distend_small,57,8,serosanguious,6.6,yes,2206,0,0,no,lived
450,yes,young,5301219,38.2,128,36,cool,reduced,pale_cyanotic,more_3_sec,severe_pain,absent,moderate,slight,more_1_liter,6,absent,distend_small,57,8.9,serosanguious,4.5,yes,2209,0,0,yes,died
451,yes,adult,530366,37.5,60,12,normal,normal,pale_pink,less_3_sec,mild_pain,hypomotile,slight,slight,,4,decreased,distend_small,45,6.6,cloudy,4.5,yes,2208,0,0,yes,lived
452,yes,adult,527706,37.5,86,24,cold,reduced,bright_pink,less_3_sec,mild_pain,hypomotile,moderate,slight,,4.5,absent,distend_small,56,7.8,serosanguious,3.9,yes,2205,0,0,yes,died
453,yes,adult,5287179,36,114,36,cool,reduced,bright_pink,less_3_sec,depressed,hypomotile,slight,slight,less_1_liter,4.5,absent,distend_small,44,6.2,serosanguious,4.3,yes,2208,0,0,yes,died
454,no,adult,528469,38.1,92,28,cool,reduced,bright_red,less_3_sec,depressed,absent,slight,,,7,decreased,firm,40,6.8,cloudy,2.6,no,2113,0,0,yes,lived
455,yes,adult,527544,38.5,56,30,cool,reduced,pale_pink,less_3_sec,severe_pain,absent,moderate,significant,,2,absent,distend_small,43,7.5,serosanguious,2,yes,2205,0,0,no,died
456,no,adult,528742,37.8,44,12,normal,normal,bright_pink,less_3_sec,alert,hypermotile,,,,5,normal,normal,32,7,serosanguious,4.7,no,0,0,0,yes,lived
457,yes,adult,530001,38.6,48,16,cool,normal,pale_cyanotic,less_3_sec,severe_pain,normal,slight,slight,more_1_liter,6.5,normal,,32,6.5,serosanguious,6,yes,2209,0,0,yes,euthanized
458,no,young,529888,40.3,114,36,cool,reduced,bright_red,more_3_sec,depressed,hypomotile,moderate,slight,,7,decreased,distend_small,48,6.5,serosanguious,4.5,yes,7400,0,0,no,died
459,yes,adult,530002,39.6,88,51,cool,reduced,pale_cyanotic,more_3_sec,extreme_pain,absent,moderate,slight,more_1_liter,4.5,absent,distend_small,73,6.6,serosanguious,2.6,no,2208,0,0,no,died
460,no,adult,529518,38.3,96,25,cool,reduced,pale_pink,less_3_sec,extreme_pain,absent,severe,,more_1_liter,6.5,absent,,45,6.7,clear,3,yes,3115,0,0,no,died
461,yes,adult,528548,37.3,48,12,cool,normal,bright_red,less_3_sec,mild_pain,hypomotile,,slight,,3,decreased,distend_large,44,6,,3.6,yes,2124,0,0,yes,lived
462,yes,adult,530612,37.3,88,24,cool,reduced,dark_cyanotic,less_3_sec,mild_pain,absent,,,more_1_liter,1,absent,distend_small,66,6,serosanguious,3.4,yes,2208,0,0,no,euthanized
463,no,adult,534004,38.1,88,32,cool,reduced,pale_cyanotic,less_3_sec,,hypomotile,,,more_1_liter,1,absent,distend_small,55,60,,2,no,2209,0,0,no,euthanized
464,no,adult,529703,38.2,52,24,normal,normal,bright_red,less_3_sec,depressed,absent,slight,slight,more_1_liter,5.5,absent,firm,52,8.1,cloudy,1.6,no,11300,0,0,yes,lived
465,yes,adult,529667,39.1,48,32,normal,normal,normal_pink,less_3_sec,mild_pain,hypomotile,moderate,slight,less_1_liter,6.5,absent,distend_small,41,7.5,clear,2.6,yes,2209,0,0,no,lived
466,no,adult,534183,38.5,92,30,cool,reduced,pale_pink,less_3_sec,mild_pain,absent,moderate,,more_1_liter,2,absent,,52,81,cloudy,2,yes,3205,0,0,no,euthanized
467,no,adult,529399,39.3,120,24,cool,reduced,dark_cyanotic,more_3_sec,extreme_pain,absent,severe,slight,more_1_liter,5,absent,distend_small,65,8.5,serosanguious,3.4,no,2111,0,0,yes,died
468,no,adult,529796,38,52,24,normal,normal,normal_pink,less_3_sec,depressed,hypomotile,slight,slight,more_1_liter,5.3,decreased,firm,38,7.3,clear,5,no,0,0,0,yes,lived
469,yes,adult,528006,39.2,112,16,cool,reduced,bright_red,less_3_sec,depressed,hypomotile,slight,slight,more_1_liter,5,absent,distend_small,50,7,cloudy,2.9,no,2209,0,0,yes,lived
470,no,adult,528299,38.3,52,12,normal,normal,normal_pink,less_3_sec,mild_pain,hypomotile,,slight,more_1_liter,5,decreased,firm,32,6,cloudy,1.6,no,3111,0,0,yes,lived
471,no,adult,534092,39.5,108,51,cool,reduced,dark_cyanotic,more_3_sec,depressed,absent,moderate,slight,less_1_liter,2,,,50,13,clear,2,yes,2113,0,0,yes,lived
472,yes,adult,533902,37.8,48,12,normal,normal,normal_pink,less_3_sec,alert,normal,,slight,more_1_liter,4,increased,distend_small,41,70,cloudy,2,yes,7209,0,0,yes,lived
473,no,adult,529642,37.6,48,18,cool,reduced,normal_pink,less_3_sec,alert,absent,slight,slight,more_1_liter,5.5,,other,42,7.4,cloudy,2.8,no,3111,0,0,no,lived
474,yes,adult,527563,37.8,52,24,normal,reduced,pale_pink,less_3_sec,severe_pain,absent,,slight,more_1_liter,5.7,increased,,48,6.6,clear,3.7,yes,5400,0,0,no,died
475,no,adult,530544,37.4,48,12,normal,normal,normal_pink,less_3_sec,alert,hypermotile,slight,slight,,5,normal,other,49,8,clear,5,no,0,0,0,no,lived
476,no,adult,528151,39.3,114,36,warm,reduced,bright_pink,more_3_sec,depressed,hypomotile,moderate,,,7,absent,distend_large,50,7.9,serosanguious,6,no,4124,0,0,yes,died
477,yes,adult,530301,38.6,48,24,normal,reduced,normal_pink,less_3_sec,mild_pain,hypomotile,moderate,,more_1_liter,6,decreased,other,45,6.4,clear,3.6,yes,4205,0,0,yes,died
478,no,adult,534135,38.1,40,16,,,,less_3_sec,,,,,more_1_liter,1,,distend_large,31,75,,1,yes,2208,0,0,no,euthanized
479,yes,adult,529796,37.8,96,24,cool,reduced,pale_cyanotic,more_3_sec,extreme_pain,absent,severe,slight,more_1_liter,5,absent,distend_small,52,7.5,serosanguious,4.5,yes,5400,0,0,no,died
480,yes,adult,534115,38.5,60,10,cool,reduced,pale_pink,less_3_sec,extreme_pain,absent,severe,,less_1_liter,2,absent,,50,77,serosanguious,2,yes,0,0,0,no,lived
481,yes,adult,534788,37.5,48,30,normal,normal,normal_pink,less_3_sec,mild_pain,hypomotile,moderate,,more_1_liter,2,normal,,48,74,,2,no,5111,0,0,no,lived
482,no,adult,530381,38.1,124,40,cool,reduced,pale_pink,more_3_sec,depressed,absent,moderate,slight,more_1_liter,2,,distend_small,55,8.1,serosanguious,2,yes,2208,0,0,no,euthanized
483,yes,adult,527518,36.6,82,36,cold,normal,bright_red,less_3_sec,depressed,hypomotile,moderate,slight,more_1_liter,4.5,decreased,distend_large,45,7,cloudy,2,yes,2209,0,0,yes,lived
484,no,adult,529703,38,56,40,normal,normal,pale_pink,less_3_sec,mild_pain,hypomotile,slight,slight,,7,normal,firm,40,7.5,cloudy,2.3,no,5000,0,0,yes,lived
485,no,adult,529498,37.8,114,36,cool,normal,normal_pink,more_3_sec,depressed,hypomotile,slight,slight,,7,decreased,distend_small,55,8.1,serosanguious,4.5,yes,2205,0,0,no,lived
486,yes,adult,528178,37.7,66,12,normal,normal,pale_pink,less_3_sec,mild_pain,hypomotile,slight,slight,,4,decreased,distend_small,31.5,6.1,serosanguious,4.3,yes,2208,0,0,yes,lived
487,yes,adult,534787,38,36,24,cool,reduced,pale_cyanotic,more_3_sec,severe_pain,absent,severe,significant,more_1_liter,2,,,52,75,cloudy,2,no,3111,0,0,no,euthanized
488,yes,adult,529461,36.5,114,36,cool,reduced,pale_cyanotic,more_3_sec,depressed,hypomotile,moderate,slight,,7,normal,distend_large,57,8.1,serosanguious,4.5,yes,3205,0,0,no,died
489,no,young,529172,37.4,84,30,cool,reduced,pale_pink,less_3_sec,severe_pain,hypomotile,moderate,slight,less_1_liter,6.5,normal,,48,7.5,cloudy,2.5,yes,2300,0,0,no,died
490,yes,adult,535043,39.3,100,51,cold,absent,dark_cyanotic,less_3_sec,depressed,absent,,,less_1_liter,2,,distend_small,68,13,serosanguious,2,yes,2205,0,0,yes,euthanized
491,yes,adult,5299629,38,40,26,normal,normal,normal_pink,less_3_sec,depressed,hypermotile,slight,slight,,7,normal,distend_large,45,5.9,cloudy,1.3,yes,2205,0,0,yes,lived
492,yes,adult,533942,36.7,100,24,cool,reduced,pale_cyanotic,less_3_sec,,absent,severe,,more_1_liter,2,decreased,distend_large,52,75,serosanguious,2,yes,2205,0,0,no,euthanized
493,yes,adult,534324,39.2,48,28,normal,normal,,less_3_sec,mild_pain,,,,more_1_liter,5.5,,,41,68,cloudy,2,yes,2209,0,0,yes,lived
494,yes,adult,5287179,38.3,88,28,normal,normal,pale_pink,less_3_sec,alert,hypermotile,,,more_1_liter,4.5,normal,,48,6.1,clear,2.6,yes,5206,0,0,no,died
495,yes,adult,528523,38,66,16,normal,reduced,pale_pink,less_3_sec,severe_pain,absent,slight,slight,,3,,,43,3.7,cloudy,3.6,yes,3133,0,0,yes,lived
496,no,adult,529135,38.8,86,16,cool,reduced,bright_pink,more_3_sec,depressed,hypomotile,moderate,,more_1_liter,7,absent,distend_large,73,8.2,clear,10.1,yes,4205,0,0,yes,died
497,no,adult,529272,38.3,112,16,cold,reduced,pale_pink,more_3_sec,depressed,absent,moderate,,more_1_liter,1,,distend_large,51,6,serosanguious,1,yes,5205,0,0,yes,euthanized
498,yes,young,529642,37.5,84,40,cool,normal,bright_red,more_3_sec,depressed,absent,moderate,significant,,3,decreased,distend_large,43,6,clear,2.6,yes,7111,0,0,yes,lived
499,yes,adult,527563,39.2,128,36,cold,reduced,pale_cyanotic,more_3_sec,severe_pain,hypomotile,moderate,slight,,5,increased,distend_large,57,6.3,serosanguious,3.4,yes,3205,0,0,no,died
500,no,adult,529667,39,56,40,cool,normal,bright_red,less_3_sec,mild_pain,hypomotile,slight,slight,,7,absent,distend_large,44,7.5,clear,2.5,no,2113,0,0,yes,lived
501,yes,adult,533902,36.9,96,28,cool,normal,pale_cyanotic,more_3_sec,extreme_pain,absent,severe,slight,more_1_liter,2,absent,distend_large,55,82,,2,yes,3205,0,0,no,died
502,no,adult,530001,38.6,88,28,warm,normal,pale_pink,less_3_sec,mild_pain,hypermotile,moderate,slight,less_1_liter,7,decreased,,37,6.6,cloudy,3.2,yes,5400,0,0,yes,lived
503,no,adult,528183,37.1,66,8,normal,reduced,bright_red,less_3_sec,mild_pain,hypomotile,moderate,slight,less_1_liter,3.5,absent,distend_small,48,6.8,cloudy,2.3,yes,2208,0,0,yes,died
504,no,adult,535029,38.2,40,12,cool,reduced,pale_pink,less_3_sec,depressed,absent,moderate,slight,more_1_liter,2,,distend_large,33,51,cloudy,2,no,1400,0,0,no,euthanized
505,no,adult,530693,37.8,48,30,normal,normal,normal_pink,less_3_sec,mild_pain,hypomotile,slight,slight,more_1_liter,5,absent,distend_small,37,6.5,clear,2.6,yes,2209,0,0,no,lived
506,yes,adult,529304,37.7,84,48,cool,reduced,bright_red,more_3_sec,mild_pain,hypomotile,moderate,significant,less_1_liter,7.5,absent,distend_small,63,8.4,serosanguious,2,yes,2208,0,0,no,died
507,yes,adult,5287179,37.8,124,30,cool,reduced,dark_cyanotic,more_3_sec,depressed,hypomotile,moderate,significant,more_1_liter,6.5,absent,distend_small,52,7.5,serosanguious,2.6,yes,5124,0,0,no,died
508,yes,adult,530384,38,88,36,cool,reduced,pale_pink,more_3_sec,extreme_pain,absent,moderate,,more_1_liter,4.5,decreased,distend_large,45,6.8,serosanguious,6.6,yes,31110,0,0,yes,died
509,yes,adult,528743,37.8,75,36,normal,normal,pale_pink,more_3_sec,severe_pain,absent,slight,slight,more_1_liter,5,absent,distend_large,48,7.4,serosanguious,3.2,yes,1400,0,0,no,died
510,yes,adult,529475,38.3,52,24,cold,reduced,pale_cyanotic,less_3_sec,depressed,absent,slight,,more_1_liter,7,decreased,distend_small,45,7.5,clear,1.3,yes,2207,0,0,no,lived
511,yes,adult,530001,39.1,86,24,cool,absent,pale_cyanotic,less_3_sec,depressed,absent,slight,slight,more_1_liter,6.5,absent,distend_small,59,6.5,serosanguious,4.8,yes,3205,0,0,no,died
512,yes,adult,528743,37.1,75,36,cold,reduced,pale_pink,more_3_sec,severe_pain,absent,severe,slight,,5,absent,distend_small,48,7.4,serosanguious,3.2,yes,12208,0,0,no,died
513,yes,adult,528214,38.6,48,20,,normal,normal_pink,less_3_sec,mild_pain,hypomotile,,,,3,normal,,42,7.5,clear,3.2,yes,2205,0,0,yes,died
514,no,adult,534787,38,50,20,normal,normal,normal_pink,less_3_sec,alert,hypomotile,slight,slight,less_1_liter,1,,other,36,61,clear,2,no,0,0,0,yes,lived
515,yes,adult,527957,38.8,60,20,cool,reduced,pale_pink,more_3_sec,depressed,hypomotile,moderate,slight,,7,decreased,,52,7,serosanguious,6,no,3111,0,0,no,lived
516,yes,adult,530366,38.2,96,20,normal,reduced,pale_pink,less_3_sec,extreme_pain,hypomotile,moderate,slight,more_1_liter,5.2,normal,distend_small,47,6.2,clear,5.3,yes,31110,0,0,yes,died
517,no,adult,529461,40.3,114,36,cool,normal,normal_pink,more_3_sec,depressed,hypomotile,moderate,slight,,7,normal,distend_small,57,8.1,serosanguious,4.5,yes,7400,0,0,no,died
518,yes,adult,530526,37.6,48,30,cool,normal,pale_pink,less_3_sec,mild_pain,hypomotile,moderate,slight,less_1_liter,3,decreased,distend_large,35,7.5,cloudy,2.8,yes,3111,0,0,no,lived
519,yes,adult,528469,38.1,52,24,normal,normal,bright_red,less_3_sec,severe_pain,hypomotile,,slight,,7,normal,,44,7.5,cloudy,2.6,yes,2206,0,0,no,died
520,no,adult,529272,38.5,60,12,cool,normal,normal_pink,less_3_sec,alert,hypomotile,slight,slight,,7,,other,49,8.5,clear,5,no,3111,0,0,yes,lived
521,no,adult,533723,39.3,80,30,cold,reduced,pale_pink,less_3_sec,depressed,absent,severe,slight,more_1_liter,2,absent,distend_large,68,70,serosanguious,2,yes,3025,0,0,no,lived
522,yes,adult,526802,39,96,40,cool,reduced,pale_cyanotic,more_3_sec,extreme_pain,absent,moderate,,less_1_liter,5.3,absent,distend_large,43,7.5,cloudy,2,yes,3025,0,0,yes,died
523,yes,adult,535163,37.8,78,20,cool,reduced,pale_pink,less_3_sec,,absent,slight,slight,more_1_liter,2,,,37,66,,2,yes,2207,1400,0,no,euthanized
524,yes,adult,528214,37.2,72,30,cool,reduced,pale_pink,less_3_sec,mild_pain,hypomotile,moderate,slight,,3,absent,distend_small,44,6,cloudy,3.6,yes,2209,0,0,yes,lived
525,yes,adult,528668,38.1,60,24,cool,reduced,pale_pink,less_3_sec,mild_pain,hypomotile,slight,slight,,3,decreased,distend_small,43,6.1,cloudy,3.6,yes,2208,0,0,no,lived
526,no,adult,529461,36.1,114,48,cool,reduced,pale_cyanotic,more_3_sec,depressed,absent,slight,slight,more_1_liter,5,,distend_large,57,7.4,serosanguious,4.5,yes,1400,0,0,yes,died
527,yes,adult,522979,37.6,75,60,cool,reduced,,more_3_sec,severe_pain,hypomotile,moderate,,more_1_liter,1,decreased,distend_large,45,8.5,cloudy,1,yes,4205,0,0,yes,died
528,yes,young,528931,38.1,84,36,cool,reduced,bright_red,less_3_sec,depressed,hypomotile,slight,,more_1_liter,7.2,absent,distend_large,57,8,serosanguious,4.3,yes,3111,0,0,no,lived
529,yes,adult,534403,38.3,40,20,,,,,,,,,more_1_liter,1,,distend_large,36,62,,2,no,2208,0,0,no,euthanized
530,no,adult,530561,38.3,112,24,cool,reduced,pale_cyanotic,more_3_sec,depressed,absent,slight,slight,,7,,,57,4.5,serosanguious,2.6,no,400,0,0,yes,lived
531,no,adult,533692,38.5,48,16,normal,normal,normal_pink,less_3_sec,alert,hypermotile,,significant,more_1_liter,2,normal,,34,64,clear,1,no,0,0,0,no,lived
532,no,adult,528804,38.3,48,24,normal,normal,bright_pink,less_3_sec,depressed,normal,,,more_1_liter,5,normal,normal,43,7,cloudy,5,no,3111,0,0,yes,lived
533,no,adult,5290482,39.5,84,20,cool,reduced,bright_red,more_3_sec,severe_pain,hypomotile,moderate,slight,less_1_liter,6.5,decreased,distend_large,35,6.7,cloudy,1.5,yes,4205,0,0,no,euthanized
534,yes,adult,534756,37.1,80,36,cool,reduced,pale_cyanotic,more_3_sec,depressed,absent,slight,slight,more_1_liter,2,decreased,distend_large,65,82,serosanguious,2,no,1400,0,0,no,euthanized
535,no,adult,529461,40.3,84,36,cool,reduced,normal_pink,less_3_sec,severe_pain,hypomotile,moderate,slight,,7,normal,distend_large,57,8.1,serosanguious,4.5,yes,3205,0,0,yes,lived
536,yes,young,529685,37.5,66,40,warm,reduced,bright_red,less_3_sec,severe_pain,hypomotile,moderate,significant,less_1_liter,4,absent,distend_small,35,5.5,serosanguious,2.6,yes,5400,0,0,yes,died
537,no,adult,530401,36.7,108,36,cool,reduced,bright_pink,less_3_sec,depressed,hypomotile,slight,,,4.5,increased,firm,54,6.4,serosanguious,2.6,yes,5400,0,0,no,died
538,no,adult,529461,40.3,114,36,cool,reduced,pale_cyanotic,more_3_sec,depressed,hypomotile,moderate,slight,,7,decreased,distend_large,57,6.2,serosanguious,3.2,yes,3205,0,0,no,died
539,no,adult,529461,40.3,114,44,cool,normal,pale_pink,less_3_sec,depressed,hypomotile,moderate,slight,,7,normal,normal,57,8.1,serosanguious,4.5,yes,7111,0,0,yes,euthanized
540,yes,adult,535158,40.8,92,22,cool,reduced,bright_red,more_3_sec,depressed,hypomotile,slight,,more_1_liter,2,absent,distend_small,65,65,serosanguious,2,yes,2208,0,0,yes,lived
541,yes,adult,529777,39.9,60,24,cool,reduced,pale_pink,less_3_sec,severe_pain,absent,moderate,slight,less_1_liter,4.5,,,47,7.2,cloudy,2,yes,3205,0,0,no,died
542,yes,young,5294369,38,136,48,cool,reduced,bright_pink,less_3_sec,mild_pain,hypermotile,moderate,slight,,3,,,33,6.1,cloudy,2.1,yes,2124,0,0,yes,lived
543,yes,adult,528743,37.4,75,36,,,pale_pink,more_3_sec,severe_pain,absent,slight,slight,more_1_liter,5,absent,distend_small,48,7.5,serosanguious,3.2,yes,12208,0,0,yes,died
544,yes,adult,529796,38,100,24,cold,reduced,pale_cyanotic,more_3_sec,mild_pain,absent,severe,,more_1_liter,2,absent,distend_small,75,6.5,serosanguious,2,yes,2209,0,0,no,euthanized
545,no,adult,5299629,37.8,52,12,normal,normal,normal_pink,less_3_sec,mild_pain,hypomotile,slight,slight,more_1_liter,5,increased,firm,40,7,cloudy,2.1,no,0,0,0,yes,lived
546,no,adult,530670,37.7,88,24,cool,reduced,pale_pink,less_3_sec,mild_pain,hypomotile,slight,,more_1_liter,1,absent,distend_large,44,6,serosanguious,3.4,yes,1400,0,0,yes,died
547,yes,adult,5290481,38,64,28,normal,normal,pale_pink,less_3_sec,mild_pain,hypomotile,slight,slight,,3.5,decreased,distend_small,44,5.5,cloudy,3.9,yes,2205,0,0,yes,lived
548,yes,adult,529461,38.5,72,44,cool,reduced,bright_red,more_3_sec,depressed,absent,slight,slight,,4.5,absent,distend_small,53,8.6,cloudy,4.3,yes,2112,0,0,yes,died
549,yes,adult,527463,37.3,96,18,normal,reduced,dark_cyanotic,more_3_sec,depressed,absent,slight,,more_1_liter,5,,distend_small,69,8.9,serosanguious,6,yes,2207,0,0,yes,died
550,yes,adult,534756,38.2,96,20,cool,reduced,normal_pink,less_3_sec,depressed,hypomotile,moderate,slight,more_1_liter,2,absent,distend_large,41,65,serosanguious,2,yes,3205,0,0,no,lived
551,yes,adult,527883,38.5,129,48,cool,reduced,pale_cyanotic,less_3_sec,severe_pain,absent,moderate,slight,,4.5,,,48,7.4,cloudy,2.6,yes,2205,0,0,yes,lived
552,yes,adult,534053,38.2,100,51,cool,reduced,pale_cyanotic,more_3_sec,severe_pain,absent,moderate,slight,more_1_liter,2,,distend_large,57,69,serosanguious,2,no,1400,0,0,no,euthanized
553,yes,adult,535130,38.1,48,32,cool,reduced,pale_pink,less_3_sec,mild_pain,absent,moderate,slight,more_1_liter,5,absent,,37,6,cloudy,3.3,yes,6112,0,0,no,lived
554,no,adult,527463,40.3,114,36,cool,reduced,bright_red,more_3_sec,depressed,hypomotile,moderate,slight,more_1_liter,6.5,absent,distend_small,68,7.6,serosanguious,4.7,yes,2209,0,0,no,died
555,yes,adult,527563,38.5,52,24,normal,reduced,pale_pink,less_3_sec,severe_pain,absent,,slight,less_1_liter,5.7,increased,distend_large,48,6.6,clear,3.7,yes,5400,0,0,yes,died
556,no,adult,530002,39.2,108,51,cool,reduced,dark_cyanotic,more_3_sec,depressed,absent,,slight,more_1_liter,1,absent,distend_small,66,13,serosanguious,2,no,4300,0,0,yes,euthanized
557,yes,adult,5290759,37.5,90,32,cool,normal,bright_red,less_3_sec,depressed,hypomotile,slight,,less_1_liter,7,absent,distend_small,44,8.1,cloudy,4.7,yes,1400,0,0,no,died
558,yes,adult,529796,37.6,88,48,cool,reduced,dark_cyanotic,more_3_sec,depressed,hypomotile,moderate,slight,more_1_liter,6.5,absent,distend_small,48,4.5,serosanguious,3.4,yes,3205,0,0,yes,died
559,yes,adult,533692,38.7,120,10,,,normal_pink,less_3_sec,severe_pain,normal,,,more_1_liter,1,decreased,normal,34,75,clear,1,yes,3111,0,0,no,lived
560,no,adult,528996,38.6,52,12,normal,normal,normal_pink,less_3_sec,mild_pain,hypomotile,slight,slight,more_1_liter,5,normal,firm,44,7.3,clear,1.6,no,0,0,0,yes,lived
561,no,adult,530242,37.2,108,12,cool,reduced,pale_cyanotic,more_3_sec,mild_pain,absent,moderate,,more_1_liter,6,decreased,firm,52,8.2,serosanguious,7.4,yes,2207,0,0,yes,euthanized
562,no,young,529642,37,88,36,cool,normal,normal_pink,less_3_sec,depressed,hypermotile,slight,slight,more_1_liter,6.8,normal,,45,7.2,clear,4.5,no,2112,0,0,yes,lived
563,yes,adult,528183,38.2,52,96,normal,normal,pale_pink,less_3_sec,mild_pain,absent,slight,slight,less_1_liter,5.7,normal,distend_small,39,7.6,cloudy,3.7,yes,2208,0,0,yes,lived
564,yes,adult,530170,37.5,44,12,cool,reduced,pale_pink,less_3_sec,depressed,absent,,slight,less_1_liter,7,absent,distend_large,37,6.1,serosanguious,2,yes,3209,0,0,no,died
565,yes,adult,528469,39,88,28,normal,reduced,dark_cyanotic,more_3_sec,severe_pain,absent,moderate,slight,more_1_liter,7,absent,distend_small,64,7.6,cloudy,2.6,yes,2208,0,0,no,died
566,yes,adult,5290481,37.2,60,18,normal,normal,normal_pink,less_3_sec,mild_pain,hypomotile,slight,slight,more_1_liter,5.5,absent,distend_small,32,6.2,clear,3.7,yes,2124,0,0,yes,lived
567,yes,adult,533836,38.3,52,16,cool,reduced,pale_pink,less_3_sec,mild_pain,hypomotile,moderate,slight,,2,absent,,68,64,serosanguious,2,yes,31110,0,0,yes,lived
568,yes,adult,534069,38,48,16,normal,normal,bright_red,less_3_sec,mild_pain,absent,,,more_1_liter,2,normal,,52,6.6,cloudy,1,no,5206,0,0,no,euthanized
569,yes,adult,534145,37.1,76,20,normal,reduced,bright_pink,less_3_sec,extreme_pain,absent,severe,significant,more_1_liter,2,absent,distend_large,52,75,serosanguious,2,yes,3205,0,0,no,euthanized
570,no,adult,529888,37.6,40,12,cool,reduced,normal_pink,less_3_sec,depressed,hypomotile,slight,slight,less_1_liter,3,decreased,other,47,7,serosanguious,3,no,400,0,0,yes,lived
571,no,adult,528548,37.8,52,24,normal,normal,normal_pink,less_3_sec,depressed,normal,slight,slight,more_1_liter,5,normal,firm,32,6.2,clear,5,no,0,0,0,yes,lived
572,no,adult,528743,36.8,52,44,normal,normal,bright_red,less_3_sec,depressed,hypomotile,,slight,more_1_liter,7.5,decreased,other,48,8.5,cloudy,2.5,no,5000,0,0,yes,lived
573,yes,adult,530544,38.1,70,32,cool,reduced,bright_red,less_3_sec,alert,hypomotile,,slight,,3,normal,distend_small,32,6,cloudy,3.9,yes,3111,0,0,yes,lived
574,yes,adult,527758,39.1,100,36,cool,reduced,bright_red,more_3_sec,mild_pain,hypomotile,moderate,,more_1_liter,7.5,absent,distend_small,54,6.2,serosanguious,3.6,yes,2206,0,0,no,lived
575,yes,adult,527706,38.1,60,12,warm,normal,pale_pink,less_3_sec,mild_pain,hypermotile,moderate,,less_1_liter,7,increased,normal,47,6.1,clear,3.3,yes,7209,0,0,yes,died
576,yes,young,529388,38,112,24,cool,reduced,pale_cyanotic,more_3_sec,extreme_pain,absent,severe,slight,less_1_liter,4.5,absent,distend_small,75,4.5,serosanguious,3.3,yes,2207,0,0,yes,died
577,yes,young,529461,37.1,84,36,cool,reduced,pale_pink,more_3_sec,depressed,hypomotile,moderate,slight,,4,absent,distend_large,47,6.1,serosanguious,4.3,yes,5400,0,0,yes,died
578,yes,adult,528548,38,60,16,cool,reduced,bright_red,less_3_sec,mild_pain,hypomotile,,slight,,3,decreased,distend_small,40,6,cloudy,3.6,yes,2209,0,0,yes,lived
579,no,adult,527563,38.6,108,18,cool,reduced,pale_cyanotic,less_3_sec,severe_pain,hypomotile,moderate,slight,,5.7,absent,distend_small,50,7.6,serosanguious,4.8,yes,2208,0,0,no,died
580,yes,adult,534004,38,88,20,cool,reduced,pale_cyanotic,less_3_sec,mild_pain,hypomotile,moderate,slight,more_1_liter,2,,distend_small,43,75,serosanguious,2,yes,2209,0,0,no,euthanized
581,no,adult,528742,39.3,66,16,normal,reduced,pale_pink,less_3_sec,severe_pain,hypomotile,moderate,slight,less_1_liter,7,normal,distend_large,48,8.1,cloudy,7,no,0,0,0,no,lived
582,yes,adult,535029,37.5,112,12,cold,normal,bright_pink,less_3_sec,depressed,absent,,,,2,decreased,distend_large,54,57,serosanguious,2,yes,4205,0,0,no,euthanized
583,yes,adult,528298,36.5,72,24,cold,reduced,pale_cyanotic,more_3_sec,extreme_pain,hypomotile,moderate,,more_1_liter,2,absent,distend_large,65,7,serosanguious,3.4,yes,5400,0,0,yes,died
584,yes,young,5290409,39.1,164,84,cold,normal,dark_cyanotic,less_3_sec,depressed,absent,severe,,less_1_liter,5,decreased,,48,7.2,serosanguious,5.3,yes,2208,0,0,yes,died
585,yes,adult,530478,38.5,86,12,cool,reduced,pale_pink,less_3_sec,mild_pain,hypomotile,moderate,slight,less_1_liter,4.4,absent,distend_large,45,6.5,serosanguious,2.8,yes,3209,0,0,no,died
586,yes,young,5291719,38.3,164,84,cold,normal,dark_cyanotic,more_3_sec,depressed,absent,severe,,more_1_liter,5.2,absent,,48,7.5,,5.2,yes,1400,0,0,yes,died
587,yes,adult,529498,38.2,66,24,cool,reduced,pale_pink,less_3_sec,mild_pain,hypermotile,moderate,slight,less_1_liter,5.3,absent,distend_large,47,7,serosanguious,2,yes,3111,0,0,yes,lived
588,no,adult,529461,40.3,114,36,cold,reduced,dark_cyanotic,more_3_sec,depressed,absent,severe,slight,,4.5,absent,distend_large,57,8.1,serosanguious,5.3,no,3205,0,0,yes,died
589,yes,adult,527518,36.6,96,12,cool,reduced,pale_pink,more_3_sec,severe_pain,absent,moderate,slight,more_1_liter,2,,distend_small,66,8.6,serosanguious,3.4,yes,2112,0,0,no,lived
590,no,young,529642,38.1,84,40,cool,reduced,bright_red,less_3_sec,mild_pain,hypomotile,moderate,slight,more_1_liter,4,increased,distend_small,47,4.5,serosanguious,1.6,no,0,0,0,yes,died
591,yes,adult,528570,38.9,64,21,normal,normal,normal_pink,less_3_sec,mild_pain,hypomotile,,,,3,normal,,43,7,cloudy,3.6,yes,2209,0,0,yes,lived
592,yes,adult,535029,39.1,100,51,cool,reduced,bright_red,more_3_sec,mild_pain,hypomotile,severe,significant,less_1_liter,2,absent,distend_large,50,7.5,cloudy,1,yes,5400,0,0,no,euthanized
593,no,adult,529685,37.3,64,30,cool,reduced,,less_3_sec,extreme_pain,hypomotile,slight,,more_1_liter,4.5,absent,,39,6.7,serosanguious,4.5,no,1400,0,0,yes,died
594,no,adult,529424,38.9,60,16,normal,normal,normal_pink,less_3_sec,alert,hypomotile,,slight,less_1_liter,7,normal,normal,49,5.9,cloudy,7,no,0,0,0,yes,lived
595,no,adult,529373,37.8,88,16,normal,normal,pale_pink,more_3_sec,depressed,absent,moderate,,more_1_liter,5.5,normal,distend_large,55,6,cloudy,1,yes,3205,0,0,no,euthanized
596,no,adult,530242,37.2,108,12,cool,reduced,pale_cyanotic,more_3_sec,depressed,absent,moderate,,more_1_liter,6,decreased,distend_small,52,8.2,serosanguious,2,yes,2208,0,0,no,euthanized
597,yes,adult,528742,38.4,80,32,cold,reduced,pale_cyanotic,less_3_sec,mild_pain,hypomotile,moderate,significant,more_1_liter,7,absent,distend_small,52,6.6,serosanguious,4.1,yes,2208,0,0,no,died
598,yes,adult,529642,38.5,88,30,cool,reduced,bright_pink,less_3_sec,mild_pain,hypomotile,moderate,slight,more_1_liter,5.5,absent,distend_small,50,7.5,serosanguious,4.1,yes,2206,0,0,no,died
599,yes,adult,529642,38.9,84,36,cool,reduced,bright_red,more_3_sec,severe_pain,absent,severe,significant,,4.5,decreased,,45,6.2,cloudy,2.6,yes,3025,0,0,yes,died
600,yes,young,5290409,38.8,164,84,cold,normal,dark_cyanotic,more_3_sec,depressed,absent,severe,slight,more_1_liter,5,decreased,,45,7.2,serosanguious,5.3,yes,2208,0,0,yes,died
601,yes,young,530693,37.6,160,36,cool,reduced,normal_pink,less_3_sec,depressed,hypomotile,slight,slight,,4.5,absent,,35,6.9,clear,2.9,yes,1400,0,0,no,died
602,yes,adult,529667,38.2,60,28,normal,normal,pale_pink,less_3_sec,mild_pain,absent,,slight,more_1_liter,6.5,absent,distend_large,39,4.6,clear,2.6,no,3111,0,0,yes,lived
603,no,adult,529461,40.3,114,36,cool,reduced,normal_pink,less_3_sec,depressed,hypomotile,moderate,slight,,7,decreased,distend_large,63,8.1,serosanguious,4.5,yes,7400,0,0,yes,euthanized
604,yes,adult,527734,37.9,50,24,cool,reduced,pale_pink,less_3_sec,severe_pain,hypomotile,moderate,significant,,2,absent,distend_small,39,4.5,cloudy,3.6,yes,2208,0,0,no,euthanized
605,yes,young,529703,38,124,70,cool,reduced,bright_red,more_3_sec,depressed,hypomotile,slight,slight,more_1_liter,4,absent,distend_small,57,8.8,serosanguious,5.3,yes,2208,0,0,yes,lived
606,yes,adult,533692,37.2,120,40,cool,reduced,pale_cyanotic,more_3_sec,severe_pain,absent,severe,slight,more_1_liter,2,decreased,distend_large,57,64,serosanguious,2,yes,3205,0,0,no,euthanized
607,no,adult,528996,38.6,52,20,normal,normal,normal_pink,less_3_sec,mild_pain,hypomotile,slight,,more_1_liter,5.5,normal,firm,36,6.6,clear,5,no,3111,0,0,yes,lived
608,yes,adult,534556,39.4,108,20,cool,,dark_cyanotic,more_3_sec,depressed,absent,severe,,more_1_liter,2,decreased,distend_small,75,67,serosanguious,1,yes,2207,0,0,no,euthanized
609,yes,adult,528006,37.2,48,16,normal,normal,pale_pink,less_3_sec,mild_pain,absent,slight,slight,more_1_liter,4.5,decreased,distend_small,41,11.2,cloudy,2.6,yes,2206,0,0,yes,lived
610,yes,adult,535163,38.1,130,48,cold,reduced,pale_pink,less_3_sec,depressed,absent,moderate,slight,,2,,distend_large,57,66,serosanguious,2,yes,3205,0,0,no,euthanized
611,yes,adult,534293,38.6,84,30,cool,reduced,pale_cyanotic,less_3_sec,depressed,hypomotile,,slight,more_1_liter,2,absent,distend_small,75,81,serosanguious,2,yes,2209,0,0,no,lived
612,yes,adult,533928,37.5,84,36,normal,reduced,pale_pink,less_3_sec,severe_pain,absent,moderate,slight,more_1_liter,2,absent,distend_small,52,75,serosanguious,2,yes,2205,0,0,no,died
613,yes,adult,529461,38.4,60,51,cool,reduced,bright_red,less_3_sec,severe_pain,hypomotile,moderate,significant,,2,absent,distend_small,45,6.5,serosanguious,4.1,yes,2205,0,0,no,died
614,yes,adult,534403,37.2,86,30,cold,reduced,pale_cyanotic,more_3_sec,depressed,absent,slight,slight,more_1_liter,2,,distend_large,36,62,,1,no,1400,0,0,no,euthanized
615,yes,adult,534403,37.2,66,32,cool,reduced,bright_red,less_3_sec,mild_pain,hypermotile,slight,significant,,2,decreased,distend_small,44,77,clear,1,yes,2205,0,0,no,lived
616,yes,adult,528548,38.3,60,16,cool,reduced,bright_red,less_3_sec,mild_pain,hypomotile,,slight,less_1_liter,3.5,increased,distend_large,43,6.5,clear,3.6,yes,2124,0,0,no,lived
617,yes,adult,529183,38.3,60,28,normal,increased,normal_pink,less_3_sec,mild_pain,hypomotile,moderate,slight,less_1_liter,4.5,decreased,distend_small,40,4.5,cloudy,2,yes,3111,0,0,yes,lived
618,yes,adult,529736,39.3,64,88,normal,reduced,bright_pink,less_3_sec,depressed,hypomotile,,slight,,7,normal,,43,6.4,serosanguious,4.5,yes,7400,0,0,yes,died
619,yes,adult,535176,37.3,80,40,cool,reduced,pale_cyanotic,more_3_sec,extreme_pain,hypomotile,moderate,significant,less_1_liter,2,,distend_large,65,50,serosanguious,2,yes,3205,0,0,yes,euthanized
620,yes,adult,535043,38.3,72,60,cold,reduced,dark_cyanotic,more_3_sec,mild_pain,absent,moderate,,,2,absent,distend_large,53,53,serosanguious,2,yes,3205,0,0,no,euthanized
621,yes,young,5290409,39.1,164,84,cold,normal,dark_cyanotic,more_3_sec,depressed,absent,severe,,less_1_liter,5,decreased,,48,7.2,serosanguious,5.3,yes,2208,0,0,yes,died
622,yes,adult,527563,37.6,52,24,cool,reduced,pale_pink,less_3_sec,severe_pain,absent,,slight,less_1_liter,5.7,absent,distend_small,48,6.6,,3.7,yes,2205,0,0,no,died
623,no,adult,528461,38.3,54,40,normal,normal,normal_pink,less_3_sec,mild_pain,hypomotile,slight,slight,,7,normal,firm,35,5.9,cloudy,7.4,no,3111,0,0,yes,lived
624,no,adult,529667,37.4,52,28,normal,normal,normal_pink,less_3_sec,depressed,hypomotile,moderate,slight,less_1_liter,1,decreased,distend_large,39,6.9,clear,3.4,no,3111,0,0,yes,lived
625,yes,adult,528641,37.6,72,36,cool,normal,pale_pink,less_3_sec,depressed,hypomotile,moderate,slight,,4.4,decreased,distend_small,33,3.5,serosanguious,3.9,yes,2208,0,0,yes,died
626,yes,adult,527698,37.3,64,36,cool,,pale_cyanotic,more_3_sec,severe_pain,hypomotile,slight,,less_1_liter,6,absent,distend_small,66,5.8,serosanguious,7.4,yes,2205,0,0,no,died
627,yes,adult,528151,38.4,60,20,warm,reduced,pale_cyanotic,less_3_sec,extreme_pain,absent,moderate,significant,less_1_liter,6.5,,distend_small,48,7.6,cloudy,3.9,yes,2208,0,0,no,lived
628,yes,adult,533871,38.6,120,20,,,bright_red,less_3_sec,mild_pain,hypomotile,moderate,,,2,,,68,64,cloudy,2,yes,3205,0,0,no,lived
629,yes,adult,535407,38.5,129,48,cool,reduced,pale_pink,less_3_sec,depressed,absent,moderate,,more_1_liter,2,,,57,66,serosanguious,2,yes,3205,0,0,no,lived
630,yes,adult,530028,38.6,104,24,cool,,pale_cyanotic,more_3_sec,depressed,absent,moderate,slight,more_1_liter,5.3,absent,distend_large,52,6.5,cloudy,2.6,yes,2208,0,0,yes,died
631,yes,adult,530693,36.5,90,24,cool,reduced,bright_red,more_3_sec,extreme_pain,hypomotile,moderate,,less_1_liter,5,absent,distend_large,52,6,serosanguious,3.9,yes,4205,0,0,no,died
632,no,adult,529461,40.3,114,36,cool,reduced,normal_pink,more_3_sec,severe_pain,hypomotile,moderate,slight,more_1_liter,7,normal,distend_large,57,8.1,serosanguious,4.5,yes,7400,0,0,yes,euthanized
633,yes,adult,528729,38.1,60,80,cool,normal,bright_red,less_3_sec,depressed,absent,moderate,slight,more_1_liter,5,decreased,distend_large,48,4.3,cloudy,3.4,yes,2205,0,0,yes,died
634,yes,adult,528729,37.5,42,24,normal,normal,pale_pink,less_3_sec,severe_pain,hypomotile,moderate,slight,,4.4,absent,distend_small,40,7.7,clear,3.4,yes,2208,0,0,yes,died
635,yes,adult,534787,38,36,16,cool,normal,normal_pink,less_3_sec,severe_pain,normal,slight,significant,more_1_liter,2,decreased,,37,75,cloudy,1,no,3111,0,0,no,euthanized
636,yes,adult,534519,37.1,84,40,cool,reduced,dark_cyanotic,less_3_sec,extreme_pain,absent,severe,,less_1_liter,2,absent,distend_large,75,81,clear,2,no,1400,0,0,yes,euthanized
637,yes,adult,529461,39.3,86,36,cool,reduced,pale_pink,less_3_sec,depressed,hypomotile,slight,,less_1_liter,6.5,absent,distend_small,36,5.3,serosanguious,3.6,yes,31110,0,0,yes,died
638,no,adult,528214,38,60,20,cool,,,less_3_sec,mild_pain,,moderate,slight,,4.5,absent,distend_small,43,7.6,,2,yes,2209,0,0,yes,euthanized
639,yes,adult,527563,38,48,21,normal,normal,pale_pink,less_3_sec,mild_pain,absent,slight,slight,less_1_liter,5,decreased,distend_large,48,6.3,clear,3.7,yes,5400,0,0,yes,lived
640,yes,adult,528548,38.1,66,12,cool,reduced,bright_red,less_3_sec,mild_pain,hypomotile,,slight,,3,increased,distend_large,44,6,cloudy,3.6,yes,2124,0,0,no,lived
641,no,adult,529893,38.3,44,20,normal,normal,normal_pink,less_3_sec,mild_pain,hypomotile,slight,slight,less_1_liter,4.5,absent,distend_small,43,6.5,cloudy,5,no,2209,0,0,yes,lived
642,no,adult,528682,38.3,48,16,normal,normal,normal_pink,less_3_sec,alert,hypomotile,slight,slight,more_1_liter,3,decreased,firm,49,7.5,clear,3,no,0,0,0,yes,lived
643,yes,young,528904,38,132,68,normal,reduced,bright_red,more_3_sec,depressed,hypomotile,moderate,slight,more_1_liter,7,normal,,54,7.5,cloudy,1.4,yes,7209,0,0,no,died
644,yes,adult,535043,38.1,84,66,cool,reduced,pale_cyanotic,less_3_sec,severe_pain,absent,severe,significant,more_1_liter,2,absent,distend_small,75,81,serosanguious,2,yes,2208,0,0,no,euthanized
645,no,adult,528461,36.7,48,20,normal,normal,normal_pink,less_3_sec,mild_pain,hypomotile,moderate,slight,more_1_liter,7,absent,distend_small,34,6.5,clear,2.6,no,0,0,0,no,lived
646,yes,adult,530001,39,88,24,cool,reduced,dark_cyanotic,less_3_sec,depressed,absent,moderate,slight,more_1_liter,5.3,decreased,distend_small,64,6.7,serosanguious,2.6,yes,2206,0,0,yes,died
647,yes,adult,533738,37.8,88,24,cool,reduced,pale_cyanotic,more_3_sec,severe_pain,absent,severe,significant,more_1_liter,2,absent,distend_large,68,80,clear,1,no,2205,0,0,no,euthanized
648,yes,young,529518,38,128,48,cool,reduced,pale_cyanotic,less_3_sec,,hypomotile,moderate,significant,more_1_liter,4.2,,,35,7.2,serosanguious,4.5,yes,3025,0,0,yes,died
649,no,adult,528996,38.5,44,12,normal,normal,normal_pink,less_3_sec,mild_pain,hypomotile,slight,slight,,7,normal,firm,43,7.5,clear,8.1,no,0,0,0,yes,lived
650,no,adult,529663,40.3,114,36,cool,reduced,bright_pink,more_3_sec,depressed,hypomotile,moderate,,,7,absent,distend_small,57,8.1,serosanguious,4.5,yes,7400,0,0,yes,died
651,yes,adult,528743,37.1,75,36,,reduced,pale_pink,more_3_sec,mild_pain,absent,slight,slight,more_1_liter,5,absent,distend_small,48,7.4,serosanguious,3.2,yes,12208,0,0,yes,lived
652,yes,adult,527463,37.1,84,24,cool,reduced,bright_red,more_3_sec,severe_pain,hypomotile,moderate,slight,more_1_liter,5,absent,distend_small,73,5.5,serosanguious,3.7,yes,5400,0,0,yes,died
653,yes,adult,529493,38.3,54,10,normal,increased,pale_pink,less_3_sec,depressed,hypomotile,,slight,more_1_liter,6.5,decreased,other,48,7.2,serosanguious,3.3,no,5400,0,0,no,died
654,yes,adult,528630,37.7,72,28,normal,reduced,pale_pink,less_3_sec,mild_pain,hypomotile,moderate,slight,,7,absent,distend_large,36,5,serosanguious,3.9,yes,3205,0,0,yes,lived
655,yes,adult,534925,38.5,72,28,cold,reduced,dark_cyanotic,less_3_sec,depressed,absent,slight,,more_1_liter,2,absent,distend_small,75,81,clear,2,no,2111,0,0,yes,lived
656,yes,adult,535292,39.2,88,32,cool,reduced,dark_cyanotic,more_3_sec,extreme_pain,absent,moderate,slight,more_1_liter,4,absent,distend_large,66,84,serosanguious,2,yes,4205,0,0,yes,lived
657,yes,adult,528548,38.8,66,12,cool,normal,bright_red,less_3_sec,mild_pain,hypomotile,,slight,,3,increased,distend_large,44,6,cloudy,3.6,yes,2124,0,0,yes,lived
658,yes,adult,534787,39.3,44,12,cool,normal,bright_red,less_3_sec,mild_pain,hypomotile,moderate,slight,less_1_liter,2,normal,distend_large,51,51,clear,2,yes,2206,0,0,no,lived
659,yes,adult,534784,37.2,36,16,cool,normal,normal_pink,less_3_sec,severe_pain,normal,slight,,more_1_liter,2,decreased,normal,37,75,cloudy,2,no,2322,0,0,no,euthanized
660,yes,adult,5297159,37.8,84,36,,,pale_pink,less_3_sec,mild_pain,hypomotile,moderate,slight,more_1_liter,5,normal,distend_large,32,6,cloudy,4.3,yes,5206,0,0,no,euthanized
661,yes,adult,529160,37.8,72,30,cold,reduced,pale_cyanotic,more_3_sec,extreme_pain,hypomotile,moderate,,more_1_liter,2,decreased,distend_small,52,75,serosanguious,2,yes,3205,0,0,no,lived
662,yes,adult,533696,38.7,88,24,cold,,pale_cyanotic,more_3_sec,severe_pain,absent,moderate,slight,more_1_liter,2,,,46,75,cloudy,1,no,3205,0,0,no,euthanized
663,no,adult,529865,37.7,52,16,normal,normal,bright_pink,less_3_sec,alert,,,slight,more_1_liter,5.7,normal,firm,28,6.5,clear,5.3,no,0,0,0,yes,lived
664,yes,adult,529865,38,72,30,normal,reduced,pale_pink,less_3_sec,severe_pain,hypomotile,,slight,,3.5,normal,distend_large,37,4.5,serosanguious,3.5,yes,6209,0,0,yes,died
665,yes,adult,534519,39.3,84,40,cool,reduced,pale_pink,less_3_sec,depressed,absent,,,more_1_liter,2,absent,distend_large,75,81,cloudy,2,no,1400,0,0,no,euthanized
666,yes,adult,529849,38.6,54,14,normal,normal,pale_pink,less_3_sec,mild_pain,normal,slight,slight,,7,increased,normal,38,6.3,clear,3.9,yes,5400,0,0,yes,lived
667,yes,adult,529424,38.4,80,24,cool,reduced,pale_pink,more_3_sec,mild_pain,hypomotile,moderate,,less_1_liter,7.5,absent,distend_small,52,6.5,serosanguious,4.3,yes,4205,0,0,no,died
668,no,adult,528890,37.5,108,16,cool,reduced,bright_pink,less_3_sec,mild_pain,hypomotile,moderate,slight,less_1_liter,5.4,absent,distend_large,54,7.5,cloudy,4.7,yes,11300,0,0,yes,died
669,no,adult,533736,38.6,100,68,normal,,pale_pink,more_3_sec,severe_pain,absent,moderate,slight,more_1_liter,2,absent,distend_large,52,80,serosanguious,2,yes,3205,0,0,no,euthanized
670,no,adult,530028,38.1,112,24,cold,reduced,bright_red,more_3_sec,depressed,absent,moderate,slight,more_1_liter,5,absent,distend_small,60,7.5,cloudy,2.6,no,2300,0,0,yes,euthanized
671,yes,adult,529172,38.1,84,24,cool,reduced,pale_pink,less_3_sec,severe_pain,absent,slight,slight,more_1_liter,5.4,increased,distend_small,33,7.4,serosanguious,1.3,yes,2112,0,0,yes,lived
672,yes,adult,534784,37.5,72,30,cold,reduced,bright_red,more_3_sec,extreme_pain,hypomotile,moderate,,more_1_liter,2,normal,distend_large,52,75,serosanguious,2,yes,3205,0,0,no,euthanized
673,yes,adult,530693,38.6,40,24,cool,normal,normal_pink,less_3_sec,depressed,hypomotile,moderate,slight,,7,absent,distend_large,42,6.6,cloudy,2,yes,31110,0,0,yes,lived
674,yes,adult,528548,38.1,66,12,cool,reduced,bright_red,less_3_sec,mild_pain,hypomotile,,,,3,normal,distend_large,44,6,cloudy,3.6,yes,31110,0,0,no,lived
675,no,adult,527365,38,80,30,warm,reduced,pale_pink,more_3_sec,mild_pain,hypomotile,moderate,slight,more_1_liter,7,absent,distend_small,45,8.1,serosanguious,2.2,no,3207,0,0,yes,died
676,yes,adult,535208,39.2,108,24,cool,reduced,pale_cyanotic,more_3_sec,depressed,distend_small,moderate,significant,more_1_liter,2,,distend_small,55,85,serosanguious,2,yes,3209,0,0,no,euthanized
677,yes,adult,530255,38.5,88,20,cool,reduced,bright_red,less_3_sec,depressed,hypomotile,slight,slight,more_1_liter,5.5,absent,distend_small,47,7.5,cloudy,4.5,yes,3205,0,0,no,died
678,yes,adult,5301219,40.3,60,30,cool,reduced,pale_pink,less_3_sec,extreme_pain,absent,moderate,significant,less_1_liter,4.5,,normal,46,7.2,serosanguious,2.6,yes,1400,0,0,no,died
679,yes,adult,528178,37.6,88,20,cool,reduced,bright_red,more_3_sec,severe_pain,hypomotile,moderate,slight,less_1_liter,3,normal,,68,7.2,serosanguious,4.1,yes,2205,0,0,no,died
680,no,adult,529304,38,40,28,normal,normal,normal_pink,less_3_sec,alert,hypomotile,slight,slight,less_1_liter,4.5,increased,firm,49,7.2,clear,5,no,0,0,0,no,lived
681,no,adult,534626,37.8,52,16,warm,reduced,normal_pink,more_3_sec,mild_pain,hypomotile,slight,,more_1_liter,2,normal,,52,7.5,cloudy,2,no,4206,0,0,yes,euthanized
682,no,adult,528890,38.3,54,16,normal,normal,normal_pink,less_3_sec,mild_pain,hypomotile,slight,slight,less_1_liter,5,decreased,firm,36,6.6,clear,3.5,no,0,0,0,yes,lived
683,yes,adult,534787,38.6,60,16,warm,normal,pale_pink,less_3_sec,,hypomotile,slight,slight,more_1_liter,4,,distend_large,39,60,serosanguious,2,yes,3207,0,0,yes,lived
684,yes,adult,533928,36.5,84,40,cool,reduced,pale_pink,less_3_sec,severe_pain,absent,moderate,significant,,2,decreased,distend_large,37.5,75,serosanguious,1,yes,7111,0,0,no,euthanized
685,yes,adult,527544,38.2,52,12,cold,,pale_cyanotic,less_3_sec,depressed,absent,slight,slight,,7,decreased,distend_small,45,8.6,serosanguious,3.6,yes,2206,0,0,yes,died
686,yes,adult,533836,39.2,98,28,cold,reduced,normal_pink,less_3_sec,extreme_pain,absent,moderate,slight,less_1_liter,2,absent,distend_small,65,64,cloudy,2,yes,2205,0,0,no,lived
687,yes,adult,530360,38.4,60,40,warm,normal,,less_3_sec,severe_pain,hypomotile,slight,,less_1_liter,4.5,absent,distend_small,50,4.7,serosanguious,4.1,yes,2208,0,0,yes,died
688,no,adult,533696,37.8,44,12,cool,reduced,normal_pink,less_3_sec,alert,hypomotile,moderate,,less_1_liter,6.5,normal,normal,34,65,clear,1,no,3111,0,0,yes,lived
689,yes,adult,529461,38.5,88,12,warm,reduced,bright_red,less_3_sec,depressed,hypomotile,moderate,significant,less_1_liter,4,absent,distend_small,40,6.6,serosanguious,3.2,yes,2208,0,0,yes,died
690,no,adult,529399,37.2,88,12,cool,reduced,pale_cyanotic,less_3_sec,mild_pain,absent,moderate,significant,less_1_liter,4,absent,distend_small,45,5.5,serosanguious,4.3,yes,2208,0,0,yes,died
691,yes,adult,529461,40.3,114,36,cool,reduced,normal_pink,more_3_sec,depressed,hypomotile,moderate,slight,,7,normal,distend_small,57,8.1,serosanguious,4.5,yes,3205,0,0,no,died
692,no,adult,527702,37.7,84,20,cool,reduced,pale_pink,less_3_sec,severe_pain,absent,moderate,,more_1_liter,6,,,52,6,serosanguious,3.9,yes,2209,0,0,no,euthanized
693,yes,adult,5299253,37.4,54,36,cool,reduced,bright_pink,less_3_sec,depressed,hypomotile,moderate,,,3,increased,distend_large,44,6.1,serosanguious,2.6,yes,2113,0,0,no,died
694,yes,adult,527544,38.4,124,40,cold,reduced,pale_cyanotic,more_3_sec,depressed,absent,slight,,more_1_liter,7.5,normal,,57,8.5,serosanguious,7,no,2112,0,0,yes,died
695,no,young,529498,40.3,114,36,cool,reduced,bright_pink,more_3_sec,depressed,hypomotile,moderate,,,4.3,absent,,50,8.1,serosanguious,7,no,4205,0,0,yes,died
696,no,adult,529424,38.3,52,20,warm,normal,normal_pink,less_3_sec,alert,hypermotile,,slight,more_1_liter,5.4,normal,normal,43,6.4,clear,7.2,no,0,0,0,yes,lived
697,yes,adult,530239,38.2,48,32,normal,,bright_pink,less_3_sec,alert,hypomotile,,slight,,3,decreased,other,47,7.5,cloudy,2.6,yes,3113,0,0,no,lived
698,yes,adult,527563,38.2,66,12,normal,reduced,bright_red,less_3_sec,mild_pain,hypomotile,moderate,slight,,3,absent,distend_small,30,6.6,cloudy,3.6,yes,31110,0,0,yes,lived
699,yes,adult,534163,37.9,92,24,cool,reduced,pale_cyanotic,more_3_sec,extreme_pain,absent,severe,,,2,normal,distend_large,65,50,serosanguious,2,yes,3205,0,0,no,euthanized
700,no,adult,533692,38,44,16,cool,reduced,normal_pink,less_3_sec,mild_pain,hypomotile,,slight,more_1_liter,2,decreased,normal,33,63,clear,3.4,no,2300,0,0,yes,lived
701,yes,adult,534293,38,88,20,,,dark_cyanotic,less_3_sec,,hypomotile,moderate,significant,more_1_liter,2,,distend_small,65,82,,1,no,2209,0,0,no,euthanized
702,no,adult,530242,38.4,108,51,cool,reduced,dark_cyanotic,more_3_sec,depressed,absent,slight,,,7.5,decreased,normal,59,8.2,cloudy,2.6,no,4300,0,0,yes,lived
703,yes,adult,5287179,37.2,68,16,cool,normal,pale_pink,less_3_sec,mild_pain,hypomotile,slight,significant,,7,decreased,distend_large,48,8.6,serosanguious,6.3,yes,4205,0,0,yes,lived
704,yes,adult,533696,38,129,30,normal,reduced,pale_pink,less_3_sec,depressed,absent,moderate,slight,less_1_liter,2,,,64,82,serosanguious,2,no,1400,0,0,no,euthanized
705,yes,adult,528461,38,112,44,cool,reduced,pale_cyanotic,less_3_sec,mild_pain,absent,moderate,slight,less_1_liter,4.4,decreased,distend_large,60,6.1,cloudy,2.8,yes,4205,3111,2209,yes,lived
706,no,adult,529373,38.6,48,32,normal,normal,normal_pink,less_3_sec,alert,hypomotile,,slight,,6.5,,other,49,7.3,clear,2,no,3111,0,0,yes,lived
707,yes,adult,530001,38.5,96,16,cool,reduced,pale_cyanotic,more_3_sec,severe_pain,hypomotile,moderate,,less_1_liter,6.5,absent,distend_small,63,6.7,serosanguious,3.4,yes,2208,0,0,no,died
708,yes,adult,5290409,38.5,64,36,cool,normal,normal_pink,less_3_sec,mild_pain,hypomotile,slight,slight,less_1_liter,6,absent,distend_small,48,7.5,,2,yes,2208,0,0,no,died
709,no,adult,534478,37.2,108,40,cool,reduced,dark_cyanotic,less_3_sec,mild_pain,,,slight,more_1_liter,2,,distend_small,53,51,serosanguious,2,no,2208,0,0,no,euthanized
710,yes,adult,534519,38.5,86,51,cool,reduced,pale_cyanotic,less_3_sec,severe_pain,hypomotile,severe,,more_1_liter,2,absent,,65,75,serosanguious,2,yes,2205,0,0,no,euthanized
711,yes,adult,528570,37.5,60,30,cool,reduced,bright_red,less_3_sec,mild_pain,hypomotile,slight,slight,less_1_liter,3.5,,distend_small,35,6,cloudy,2,yes,2209,0,0,no,died
712,yes,adult,529461,38.3,112,14,cool,normal,bright_red,less_3_sec,depressed,absent,slight,slight,more_1_liter,7,normal,distend_small,57,8.1,serosanguious,4.5,yes,2208,0,0,no,died
713,no,adult,529461,40.3,114,36,cool,reduced,normal_pink,more_3_sec,severe_pain,hypomotile,moderate,slight,,7,normal,,57,7.4,serosanguious,4.5,yes,2205,0,0,yes,euthanized
714,yes,adult,533942,38.2,76,20,normal,normal,pale_cyanotic,less_3_sec,mild_pain,absent,moderate,slight,,7,,distend_large,46,46,clear,2,yes,3205,0,0,yes,euthanized
715,yes,adult,528620,36,100,36,cool,reduced,pale_cyanotic,more_3_sec,severe_pain,absent,moderate,significant,more_1_liter,5.5,absent,distend_large,57,7.5,serosanguious,2,yes,2205,0,0,no,euthanized
716,yes,adult,528548,38.6,68,14,cold,reduced,pale_pink,less_3_sec,mild_pain,hypomotile,moderate,significant,,3,absent,distend_small,50,7.5,serosanguious,3.6,yes,2124,0,0,yes,lived
717,no,adult,530366,38.4,150,40,cool,reduced,dark_cyanotic,more_3_sec,depressed,absent,severe,significant,less_1_liter,2,absent,distend_large,48,6.5,serosanguious,2,no,1400,0,0,no,lived
718,yes,adult,527518,36.2,114,36,cool,reduced,dark_cyanotic,less_3_sec,extreme_pain,hypomotile,,,more_1_liter,6.5,normal,normal,45,7.5,cloudy,1.3,yes,11400,0,0,no,died
719,yes,young,5290402,39.8,120,20,cold,absent,dark_cyanotic,more_3_sec,extreme_pain,hypomotile,moderate,,more_1_liter,4,,,36,4.9,serosanguious,5,yes,2205,0,0,no,euthanized
720,yes,adult,534756,40.3,64,36,cool,normal,pale_cyanotic,less_3_sec,mild_pain,hypomotile,slight,,,1,decreased,distend_small,41,54,serosanguious,2,yes,2209,0,0,no,lived
721,no,adult,530242,38.3,130,52,cool,reduced,bright_red,more_3_sec,severe_pain,absent,moderate,slight,more_1_liter,5.5,decreased,,63,7.5,serosanguious,3.9,yes,3205,0,0,no,euthanized
722,yes,adult,534938,38.3,88,16,cool,reduced,pale_pink,less_3_sec,extreme_pain,absent,moderate,significant,more_1_liter,2,,distend_large,53,75,cloudy,2,no,3205,0,0,no,euthanized
723,yes,adult,528742,38.4,132,20,,reduced,bright_red,more_3_sec,depressed,absent,slight,slight,,5,absent,distend_small,69,8.6,serosanguious,4.8,yes,2112,0,0,no,died
724,yes,adult,534756,38,104,24,warm,normal,pale_pink,less_3_sec,mild_pain,hypomotile,moderate,significant,more_1_liter,2,absent,distend_small,41,60,serosanguious,2,yes,2205,0,0,yes,lived
725,yes,adult,529640,38.6,72,30,normal,reduced,bright_red,less_3_sec,mild_pain,hypomotile,moderate,significant,,4.5,,,45,6.2,cloudy,3.3,yes,2208,0,0,yes,lived
726,yes,adult,5288249,39.3,60,16,cool,normal,pale_pink,more_3_sec,mild_pain,hypomotile,moderate,significant,less_1_liter,7,absent,distend_small,37,4.7,serosanguious,3.4,yes,7111,0,0,yes,died
727,yes,adult,535240,38.3,96,36,cool,normal,pale_cyanotic,more_3_sec,extreme_pain,absent,moderate,,more_1_liter,2,absent,distend_large,65,69,serosanguious,2,yes,3205,0,0,yes,died
728,yes,adult,528641,38.5,66,21,normal,normal,bright_pink,less_3_sec,mild_pain,hypomotile,,,,3.5,decreased,distend_small,44,7.6,cloudy,4.3,yes,2112,0,0,yes,lived
729,yes,adult,529272,38.1,44,24,normal,normal,normal_pink,less_3_sec,mild_pain,hypomotile,slight,slight,less_1_liter,4.5,normal,distend_small,39,6.6,cloudy,4.2,no,2205,0,0,yes,lived
730,yes,young,528702,39.4,114,36,cool,reduced,dark_cyanotic,more_3_sec,depressed,hypomotile,moderate,,,4.4,decreased,,50,7,serosanguious,3.9,yes,2209,0,0,yes,died
731,no,adult,529796,38.6,50,12,normal,normal,normal_pink,less_3_sec,mild_pain,normal,slight,slight,more_1_liter,3,decreased,firm,43,7.5,cloudy,2.6,no,3111,0,0,yes,lived
732,yes,adult,529667,39.3,129,48,cool,reduced,dark_cyanotic,more_3_sec,depressed,absent,moderate,,,2,absent,distend_small,57,46,serosanguious,2,yes,2113,0,0,yes,lived
733,yes,adult,534787,37.1,96,20,cool,reduced,pale_cyanotic,less_3_sec,extreme_pain,absent,moderate,slight,more_1_liter,2,absent,distend_large,41,81,serosanguious,2,yes,2205,0,0,no,euthanized
734,yes,adult,534925,38.2,76,24,cool,normal,bright_red,less_3_sec,,absent,,slight,more_1_liter,2,,distend_small,75,81,clear,2,yes,2112,0,0,no,lived
735,yes,adult,529518,37.9,50,16,warm,normal,normal_pink,less_3_sec,mild_pain,hypomotile,moderate,slight,less_1_liter,3,decreased,distend_large,38,6.6,clear,3,yes,3115,0,0,no,lived
736,yes,adult,528548,38.1,66,16,cool,normal,bright_red,less_3_sec,depressed,hypomotile,,slight,,3,absent,distend_small,50,6.7,,3.6,yes,2124,0,0,no,lived
737,no,adult,528996,38,54,20,normal,normal,normal_pink,less_3_sec,mild_pain,hypermotile,,slight,more_1_liter,5,normal,distend_large,42,6.6,clear,5,no,0,0,0,yes,lived
738,yes,adult,534519,37.7,84,32,cool,reduced,dark_cyanotic,less_3_sec,depressed,absent,moderate,,more_1_liter,2,decreased,distend_small,75,81,,1,no,0,0,0,no,lived
739,yes,adult,530242,38.2,64,40,cool,reduced,bright_red,less_3_sec,mild_pain,hypomotile,slight,slight,less_1_liter,3.4,decreased,distend_small,47,7.4,cloudy,3.4,yes,2209,0,0,no,lived
740,yes,adult,533871,38,86,24,,reduced,pale_pink,less_3_sec,,hypomotile,moderate,,more_1_liter,2,,distend_large,55,65,cloudy,1,no,7209,0,0,no,euthanized
741,yes,adult,528469,38.1,52,24,cool,normal,bright_red,less_3_sec,depressed,hypomotile,slight,slight,more_1_liter,7,absent,distend_small,54,7.5,clear,2,yes,2112,0,0,no,died
742,no,adult,530334,38.3,52,12,normal,normal,normal_pink,less_3_sec,alert,hypomotile,slight,slight,more_1_liter,5.5,decreased,firm,35,6.5,cloudy,5,no,0,0,0,yes,lived
743,no,adult,529777,39.1,88,32,normal,normal,dark_cyanotic,more_3_sec,depressed,absent,,slight,less_1_liter,7,absent,distend_small,68,7,clear,3.6,yes,2206,0,0,no,lived
744,yes,adult,528548,38.3,60,18,normal,reduced,pale_pink,less_3_sec,mild_pain,absent,slight,slight,,3,absent,distend_small,43,8.1,clear,3.6,yes,2124,0,0,yes,lived
745,yes,adult,534784,36,108,30,cool,reduced,normal_pink,less_3_sec,extreme_pain,absent,severe,,more_1_liter,2,absent,distend_large,66,81,serosanguious,2,yes,11400,0,0,yes,lived
746,yes,adult,529493,38.4,104,40,normal,normal,pale_pink,less_3_sec,mild_pain,hypomotile,moderate,slight,more_1_liter,5.2,normal,distend_small,47,7,clear,3.6,yes,2209,0,0,yes,euthanized
747,yes,adult,534293,37.2,96,16,cool,reduced,pale_pink,less_3_sec,depressed,absent,,,more_1_liter,2,,distend_small,52,82,serosanguious,2,yes,2209,0,0,no,euthanized
748,no,adult,530431,37.5,48,16,normal,normal,pale_pink,less_3_sec,alert,hypomotile,,slight,,7,normal,,48,8.5,clear,1.3,no,2113,0,0,yes,lived
749,yes,adult,528247,39.6,66,14,cool,normal,bright_red,less_3_sec,depressed,hypomotile,moderate,slight,more_1_liter,4,absent,distend_small,44,6.5,cloudy,2.6,yes,2208,0,0,no,euthanized
750,yes,young,5292489,38.8,84,40,cool,reduced,normal_pink,less_3_sec,mild_pain,hypomotile,moderate,slight,less_1_liter,7,increased,normal,47,8,cloudy,3.9,yes,7111,0,0,no,lived
751,yes,adult,529386,38.5,112,24,cool,reduced,pale_cyanotic,more_3_sec,depressed,absent,moderate,slight,more_1_liter,7,absent,distend_large,52,6.4,serosanguious,4.9,yes,9400,0,0,no,lived
752,yes,adult,528641,38.1,66,20,normal,reduced,pale_pink,less_3_sec,severe_pain,absent,moderate,slight,,4.3,normal,distend_large,45,7.5,cloudy,2.6,yes,6111,0,0,yes,died
753,no,adult,535381,39.4,86,21,normal,normal,pale_pink,less_3_sec,mild_pain,hypomotile,moderate,slight,more_1_liter,4,absent,distend_large,48,75,cloudy,2,yes,3205,0,0,no,euthanized
754,yes,adult,529667,38.3,48,12,warm,normal,pale_pink,less_3_sec,mild_pain,hypomotile,moderate,slight,less_1_liter,5.3,absent,distend_small,46,6.1,cloudy,2.6,yes,2205,0,0,no,lived
755,no,adult,528890,38.9,54,24,normal,normal,pale_pink,less_3_sec,alert,normal,slight,slight,,7,normal,normal,49,8.5,cloudy,8,no,0,0,0,yes,lived
756,yes,adult,535166,38.2,130,16,cool,reduced,pale_pink,less_3_sec,extreme_pain,absent,severe,,more_1_liter,2,decreased,normal,46,66,serosanguious,2,yes,5111,0,0,no,lived
757,yes,adult,529183,38.3,56,84,cool,normal,bright_red,less_3_sec,mild_pain,hypomotile,moderate,slight,more_1_liter,1.5,absent,distend_small,36,6.5,cloudy,3.6,yes,7111,0,0,yes,died
758,yes,adult,535043,39,100,51,cold,absent,dark_cyanotic,less_3_sec,depressed,absent,,,less_1_liter,2,,distend_small,66,13,serosanguious,2,yes,2113,0,0,no,euthanized
759,yes,adult,528523,37.1,72,44,cool,reduced,pale_pink,less_3_sec,mild_pain,hypomotile,moderate,slight,,3,absent,distend_small,43,4.5,serosanguious,3.6,yes,2208,0,0,yes,died
760,yes,adult,5290409,38,86,24,cool,reduced,bright_red,more_3_sec,depressed,hypomotile,moderate,,more_1_liter,4.5,absent,distend_large,65,7.6,serosanguious,3.4,yes,3205,0,0,no,died
761,no,adult,534787,38,36,16,cool,normal,normal_pink,less_3_sec,severe_pain,normal,slight,slight,,2,decreased,,37,75,,1,no,3111,0,0,no,euthanized
762,yes,adult,5292489,38.4,84,32,normal,normal,pale_pink,less_3_sec,depressed,hypermotile,,slight,more_1_liter,7,decreased,firm,43,8.8,cloudy,5.3,yes,6111,0,0,yes,died
763,yes,adult,534917,38.8,44,12,cool,reduced,pale_pink,less_3_sec,mild_pain,absent,moderate,slight,more_1_liter,4.4,absent,distend_small,40,67,cloudy,2,yes,2209,0,0,yes,lived
764,no,adult,528996,38.5,52,40,normal,normal,pale_pink,less_3_sec,mild_pain,hypomotile,slight,slight,more_1_liter,5.5,normal,distend_large,36,6.6,clear,5,no,0,0,0,yes,lived
765,yes,adult,529667,39.5,64,40,normal,normal,normal_pink,less_3_sec,depressed,hypomotile,slight,slight,,7,decreased,firm,39,6.5,cloudy,7.5,no,0,0,0,no,lived
766,yes,adult,535137,39.3,100,24,cold,reduced,pale_cyanotic,more_3_sec,mild_pain,absent,,,more_1_liter,2,,distend_small,66,66,serosanguious,2,yes,2113,0,0,no,lived
767,yes,adult,530478,37.6,42,40,normal,normal,pale_pink,less_3_sec,depressed,hypomotile,moderate,slight,more_1_liter,4,absent,distend_small,41,6.6,cloudy,4.1,yes,3205,0,0,yes,lived
768,yes,adult,533942,38.7,100,51,cool,absent,pale_pink,less_3_sec,depressed,absent,,slight,more_1_liter,2,,distend_small,66,13,serosanguious,2,yes,2205,0,0,yes,euthanized
769,yes,adult,529135,38.3,84,24,normal,normal,bright_red,less_3_sec,depressed,absent,severe,,more_1_liter,5,absent,distend_large,45,6.5,clear,4.9,yes,3205,0,0,no,died
770,no,adult,530242,37.2,108,12,cool,reduced,pale_cyanotic,more_3_sec,depressed,absent,slight,slight,more_1_liter,6,decreased,firm,52,8.4,,7.4,yes,2207,0,0,no,euthanized
771,yes,adult,528702,38.3,66,12,cool,reduced,pale_pink,less_3_sec,mild_pain,hypomotile,slight,slight,,3,decreased,distend_small,44,6,serosanguious,3.6,yes,2208,0,0,yes,euthanized
772,yes,adult,533968,38,64,80,normal,normal,bright_red,less_3_sec,depressed,hypomotile,moderate,slight,less_1_liter,2,absent,distend_small,46,75,cloudy,1,yes,2113,0,0,no,lived
773,yes,adult,5294369,36.6,60,24,cool,reduced,dark_cyanotic,more_3_sec,extreme_pain,absent,severe,,,3,absent,distend_large,73,7.5,serosanguious,3.4,yes,4205,0,0,yes,died
774,yes,adult,527365,38,80,24,cool,reduced,dark_cyanotic,more_3_sec,extreme_pain,hypomotile,moderate,significant,more_1_liter,5.3,decreased,distend_large,68,4.5,cloudy,3.9,yes,7111,0,0,yes,died
775,yes,adult,528469,37.1,60,24,cool,reduced,pale_cyanotic,more_3_sec,depressed,hypomotile,moderate,significant,more_1_liter,7,absent,distend_small,53,7.5,serosanguious,2.6,yes,2209,0,0,no,died
776,yes,adult,533696,37.1,60,12,cool,normal,pale_pink,less_3_sec,,absent,moderate,significant,less_1_liter,2,,,51,65,serosanguious,2,yes,3111,0,0,no,euthanized
777,no,adult,529461,40.3,114,36,cool,reduced,normal_pink,less_3_sec,depressed,hypomotile,moderate,slight,,7,normal,distend_large,57,8.1,serosanguious,4.5,yes,3205,0,0,yes,died
778,yes,adult,528461,38.6,52,20,normal,normal,bright_red,less_3_sec,depressed,hypomotile,,,more_1_liter,5,normal,distend_small,47,7,cloudy,2.8,no,2205,0,0,yes,died
779,yes,adult,533871,38,100,16,cold,reduced,pale_cyanotic,more_3_sec,depressed,absent,slight,,more_1_liter,2,decreased,distend_small,47,60,clear,2,no,1400,0,0,yes,died
780,no,adult,529386,39.3,66,16,cool,normal,pale_pink,less_3_sec,mild_pain,hypomotile,slight,slight,,6.5,decreased,distend_small,40,7,serosanguious,5,no,2208,0,0,yes,euthanized
781,yes,adult,535166,39.3,120,80,cool,absent,pale_cyanotic,less_3_sec,severe_pain,hypomotile,,significant,more_1_liter,2,decreased,distend_large,53,65,cloudy,2,yes,3205,0,0,no,euthanized
782,yes,adult,529498,39.2,114,30,cool,reduced,pale_cyanotic,more_3_sec,depressed,absent,moderate,slight,more_1_liter,6.5,absent,distend_large,60,8.1,serosanguious,4.1,yes,2205,0,0,no,died
783,yes,adult,529386,39.1,64,21,normal,normal,bright_pink,less_3_sec,mild_pain,hypomotile,moderate,slight,,3,absent,distend_large,39,7.5,clear,3.6,yes,3207,0,0,yes,lived
784,yes,adult,535130,38.2,52,12,normal,normal,normal_pink,less_3_sec,mild_pain,hypomotile,moderate,slight,more_1_liter,6.5,decreased,distend_small,41,66,clear,2,yes,2206,0,0,yes,lived
785,no,adult,534197,38.7,54,12,cool,normal,pale_pink,less_3_sec,alert,normal,,,more_1_liter,5,normal,normal,37,56,cloudy,2,no,0,0,0,no,euthanized
786,no,adult,535130,37.5,60,16,cool,,pale_pink,less_3_sec,extreme_pain,absent,moderate,slight,more_1_liter,2,absent,distend_large,55,55,serosanguious,2,no,0,0,0,no,euthanized
787,yes,adult,534917,37.1,84,40,cool,reduced,normal_pink,less_3_sec,depressed,absent,,slight,less_1_liter,3,absent,distend_small,75,81,clear,2,yes,2112,0,0,no,lived
788,yes,adult,527365,38.4,76,16,cool,reduced,pale_pink,less_3_sec,mild_pain,absent,slight,slight,more_1_liter,6.5,absent,distend_small,33,6.2,serosanguious,6.5,yes,2205,0,0,yes,died
789,yes,adult,527463,38.3,75,32,normal,,normal_pink,less_3_sec,mild_pain,hypomotile,,slight,more_1_liter,5,,,35,74,cloudy,1,yes,2209,0,0,no,lived
790,yes,adult,527563,38.1,72,40,cool,reduced,pale_pink,less_3_sec,severe_pain,absent,slight,slight,more_1_liter,4.5,,distend_small,54,7.5,serosanguious,2.6,yes,2205,0,0,no,died
791,no,adult,530001,38.6,42,16,normal,reduced,normal_pink,less_3_sec,depressed,hypomotile,,slight,less_1_liter,7,absent,distend_large,47,7.2,cloudy,2.8,no,0,0,0,yes,died
792,yes,adult,533871,38.5,72,40,cool,reduced,pale_pink,less_3_sec,mild_pain,absent,severe,slight,,2,absent,distend_large,35,65,clear,2,yes,3111,0,0,no,lived
793,no,adult,529777,38.3,56,40,,,,less_3_sec,,hypomotile,,slight,,7.2,,,47,7.2,clear,2.6,no,2113,0,0,yes,lived
794,no,adult,530242,38.1,108,12,cool,reduced,pale_cyanotic,more_3_sec,depressed,hypomotile,slight,,,6,decreased,firm,52,8.2,cloudy,7.4,yes,2207,0,0,yes,euthanized
795,yes,adult,527883,39,64,90,warm,reduced,normal_pink,less_3_sec,,hypomotile,,,less_1_liter,6.5,decreased,distend_large,39,7,serosanguious,6,yes,31110,0,0,yes,lived
796,no,adult,532349,38.5,52,30,normal,reduced,normal_pink,less_3_sec,mild_pain,hypomotile,severe,,more_1_liter,1,absent,distend_large,43,53,clear,2,no,3111,0,0,no,lived
797,yes,adult,528996,39.2,96,20,cool,reduced,bright_red,more_3_sec,depressed,hypomotile,moderate,slight,more_1_liter,4.5,increased,firm,44,6.7,serosanguious,3.6,yes,2205,0,0,no,died
798,yes,adult,5287179,38.2,114,20,normal,normal,bright_red,less_3_sec,depressed,hypomotile,moderate,slight,,5,normal,distend_small,45,7.4,serosanguious,3.7,yes,3205,0,0,yes,lived
799,yes,adult,530254,38.6,80,32,cool,normal,pale_pink,less_3_sec,extreme_pain,absent,slight,,more_1_liter,6.5,absent,distend_small,33,6.5,serosanguious,4.5,yes,3205,0,0,no,lived
800,no,adult,534787,38.5,48,16,normal,normal,normal_pink,less_3_sec,mild_pain,hypomotile,,slight,less_1_liter,7,,,36,60,clear,2,yes,3111,0,0,yes,euthanized
801,yes,adult,530693,38.5,86,40,cold,reduced,dark_cyanotic,more_3_sec,depressed,absent,slight,,more_1_liter,5.5,absent,distend_small,57,7.5,serosanguious,3.4,yes,2112,0,0,no,died
802,yes,adult,530561,38,120,40,cool,reduced,dark_cyanotic,more_3_sec,depressed,absent,moderate,slight,more_1_liter,5.4,absent,distend_large,47,7.5,cloudy,2,yes,2205,0,0,no,lived
803,yes,adult,535043,37.3,72,30,cool,reduced,dark_cyanotic,more_3_sec,extreme_pain,absent,moderate,significant,more_1_liter,2,absent,distend_large,65,13,serosanguious,2,yes,5400,0,0,no,euthanized
804,yes,adult,535338,38.5,129,48,cool,reduced,pale_pink,more_3_sec,depressed,absent,moderate,slight,more_1_liter,2,,distend_large,57,66,,2,yes,2206,0,0,no,lived
805,yes,adult,529461,38.4,108,12,cool,reduced,bright_red,more_3_sec,depressed,hypomotile,moderate,slight,more_1_liter,5,absent,distend_small,74,7.5,serosanguious,2.6,yes,5400,0,0,yes,died
806,yes,adult,528214,37.3,84,12,cool,reduced,pale_cyanotic,less_3_sec,mild_pain,absent,slight,slight,more_1_liter,4.4,absent,distend_small,54,8.1,serosanguious,4.7,yes,2209,0,0,no,lived
807,yes,adult,528019,38,36,16,cool,reduced,bright_red,less_3_sec,mild_pain,hypomotile,moderate,significant,less_1_liter,2,absent,distend_large,45,6.9,serosanguious,2.8,yes,3111,0,0,yes,lived
808,no,adult,530001,39.4,112,36,cool,reduced,bright_red,more_3_sec,severe_pain,hypomotile,moderate,,more_1_liter,2,,,58,7,serosanguious,3.9,yes,2206,0,0,no,euthanized
809,yes,adult,527365,38.2,42,14,cool,normal,bright_pink,less_3_sec,depressed,hypomotile,slight,slight,more_1_liter,7,absent,distend_large,39,8.7,serosanguious,3.6,yes,3205,0,0,yes,died
810,yes,adult,529642,38.6,96,30,cool,reduced,pale_cyanotic,more_3_sec,depressed,absent,slight,slight,more_1_liter,6.5,decreased,distend_small,60,7.5,clear,5.4,yes,2124,0,0,no,died
811,yes,young,5290409,39.1,164,84,cold,reduced,dark_cyanotic,more_3_sec,depressed,absent,severe,,less_1_liter,5.5,decreased,,48,7.2,serosanguious,5.3,yes,2208,0,0,yes,died
812,no,young,528298,38.2,72,24,,,,less_3_sec,,,,,,5.5,,,30,5.7,clear,10,yes,3111,0,0,yes,died
813,yes,adult,528890,39,60,24,cold,reduced,dark_cyanotic,more_3_sec,extreme_pain,absent,moderate,slight,more_1_liter,4.5,absent,distend_large,54,8.6,serosanguious,4.1,yes,3205,0,0,no,died
814,yes,adult,528641,39.3,120,90,cold,reduced,dark_cyanotic,more_3_sec,depressed,absent,moderate,slight,,3.5,decreased,distend_large,69,6,serosanguious,5.3,yes,4205,0,0,no,died
815,yes,adult,529424,38,64,28,normal,normal,normal_pink,less_3_sec,mild_pain,hypomotile,slight,significant,,7,normal,,40,7,clear,5,no,0,0,0,yes,lived
816,yes,adult,529483,38.3,88,12,cool,reduced,pale_pink,less_3_sec,mild_pain,absent,,slight,less_1_liter,6.2,decreased,distend_large,45,6.4,clear,2.6,yes,0,0,0,yes,lived
817,no,adult,529642,38,48,16,normal,normal,normal_pink,less_3_sec,mild_pain,hypomotile,,slight,more_1_liter,5,absent,distend_large,43,5.3,clear,2.6,yes,3111,0,0,yes,lived
818,yes,adult,529427,36.5,60,32,normal,reduced,bright_pink,less_3_sec,depressed,hypomotile,moderate,slight,,7,decreased,distend_small,54,7.5,serosanguious,3.4,yes,2209,0,0,yes,died
819,no,adult,529642,37.7,48,16,normal,normal,normal_pink,less_3_sec,alert,hypomotile,,,less_1_liter,5,normal,normal,49,8,clear,7,no,0,0,0,yes,lived
820,yes,adult,533696,37.8,60,12,cool,normal,pale_pink,less_3_sec,,absent,moderate,,more_1_liter,2,,,51,65,serosanguious,2,yes,3111,0,0,no,lived
821,yes,adult,528641,38.2,52,66,cool,normal,normal_pink,less_3_sec,mild_pain,hypomotile,,slight,,4.4,decreased,distend_small,41,6.2,cloudy,2.8,yes,2208,0,0,yes,lived
822,no,adult,534135,38.3,48,12,cool,normal,normal_pink,less_3_sec,mild_pain,hypomotile,moderate,slight,less_1_liter,2,decreased,distend_large,41,51,clear,2,no,3111,0,0,no,lived
823,yes,adult,533847,37.3,60,32,normal,,pale_cyanotic,less_3_sec,depressed,absent,slight,slight,more_1_liter,2,absent,,45,70,cloudy,2,yes,2208,0,0,no,lived
824,yes,adult,527563,37.8,52,24,normal,reduced,pale_pink,less_3_sec,severe_pain,absent,,slight,more_1_liter,5.7,increased,distend_large,48,6.6,clear,3.7,yes,5400,0,0,yes,died
825,no,adult,5290759,38.1,44,24,normal,normal,normal_pink,less_3_sec,mild_pain,hypomotile,,slight,less_1_liter,7,normal,distend_small,41,5.3,clear,5,no,3111,0,0,yes,lived
826,yes,adult,530360,38.8,86,40,cool,reduced,bright_red,more_3_sec,extreme_pain,absent,severe,,less_1_liter,4.5,absent,distend_small,65,7.6,cloudy,3.9,yes,3205,0,0,no,died
827,yes,adult,529272,38.1,54,40,normal,normal,bright_pink,less_3_sec,depressed,hypermotile,moderate,significant,,4.5,,distend_small,41,7.2,serosanguious,4.5,yes,2209,0,0,yes,died
828,no,adult,530242,37.5,48,40,cool,normal,normal_pink,less_3_sec,mild_pain,hypomotile,slight,significant,more_1_liter,1.5,absent,distend_large,40,7.5,clear,2.4,no,31110,0,0,yes,lived
829,yes,adult,529172,38.4,56,40,normal,normal,bright_red,less_3_sec,depressed,hypomotile,,slight,less_1_liter,7,,,47,7.5,clear,2,no,8300,0,0,no,lived
830,yes,adult,527883,38.1,64,90,warm,normal,normal_pink,less_3_sec,depressed,hypomotile,,slight,less_1_liter,5,normal,distend_large,36,7.5,clear,3.3,yes,31110,0,0,yes,lived
831,yes,young,5290409,39.4,164,84,cool,normal,dark_cyanotic,more_3_sec,depressed,absent,severe,slight,more_1_liter,5,,,48,7.6,serosanguious,5.2,yes,2300,0,0,yes,died
832,yes,adult,534784,38,48,24,normal,reduced,normal_pink,less_3_sec,mild_pain,hypomotile,,slight,more_1_liter,2,normal,,37,56,clear,2,yes,7111,0,0,no,lived
833,yes,adult,528247,38.3,96,68,cool,reduced,bright_red,more_3_sec,extreme_pain,hypomotile,moderate,,,3,normal,,52,7.2,serosanguious,3.9,yes,2209,0,0,yes,died
834,yes,adult,534163,38.3,45,40,cool,reduced,bright_red,less_3_sec,mild_pain,hypomotile,moderate,,,2,decreased,distend_large,42,64,cloudy,2,yes,3205,0,0,yes,lived
835,yes,adult,5301219,39.9,96,24,cool,reduced,,,extreme_pain,absent,moderate,,more_1_liter,6,absent,distend_large,45,7.5,serosanguious,2.3,yes,3205,0,0,yes,died
836,yes,adult,534784,37.9,48,20,cool,normal,pale_cyanotic,less_3_sec,mild_pain,hypomotile,moderate,slight,more_1_liter,2,decreased,distend_large,46,82,serosanguious,2,yes,2208,0,0,no,lived
837,yes,adult,527706,38.5,60,16,cool,reduced,bright_red,less_3_sec,mild_pain,hypomotile,moderate,slight,less_1_liter,3,decreased,distend_large,41,7,cloudy,2.6,yes,3205,0,0,no,lived
838,yes,adult,534556,38.2,84,40,cool,normal,pale_cyanotic,less_3_sec,depressed,absent,moderate,,more_1_liter,2,absent,distend_small,46,81,cloudy,2,no,2208,0,0,no,euthanized
839,yes,adult,534784,38.2,96,42,normal,reduced,pale_pink,less_3_sec,depressed,absent,moderate,slight,more_1_liter,2,absent,distend_small,42,71,clear,2,yes,2206,0,0,no,lived
840,yes,adult,530526,36.1,136,96,cool,reduced,pale_cyanotic,more_3_sec,extreme_pain,absent,severe,significant,,4.3,absent,distend_large,47,6,serosanguious,3.9,yes,6111,0,0,yes,lived
841,yes,young,528461,38.4,124,96,cold,reduced,pale_pink,more_3_sec,depressed,absent,moderate,slight,less_1_liter,4.4,absent,distend_small,50,7.8,serosanguious,3.4,yes,2209,0,0,yes,died
842,yes,adult,534787,38.2,36,16,cool,normal,normal_pink,less_3_sec,severe_pain,normal,slight,significant,more_1_liter,2,decreased,,37,75,cloudy,2,no,3111,0,0,yes,euthanized
843,no,adult,529821,38.4,48,36,normal,normal,normal_pink,less_3_sec,mild_pain,hypermotile,,slight,less_1_liter,6.5,normal,,37,6.5,clear,1,no,0,0,0,yes,lived
844,yes,adult,533836,37.2,88,48,cool,reduced,normal_pink,less_3_sec,mild_pain,hypomotile,moderate,,more_1_liter,2,absent,distend_small,55,64,clear,2,yes,2209,0,0,no,euthanized
845,yes,adult,528812,37.8,40,12,normal,normal,pale_cyanotic,less_3_sec,mild_pain,hypomotile,moderate,slight,more_1_liter,6.5,absent,distend_small,23,6.4,cloudy,1.4,yes,2209,0,0,yes,lived
846,yes,adult,530001,37.4,96,28,cold,reduced,pale_cyanotic,less_3_sec,extreme_pain,absent,moderate,,,4.5,absent,distend_large,60,6.5,serosanguious,3.6,yes,3205,0,0,yes,died
847,yes,adult,534556,39.3,56,16,warm,,pale_pink,less_3_sec,alert,hypomotile,slight,,more_1_liter,1,normal,distend_large,37,62,clear,2,no,2207,0,0,no,euthanized
848,no,adult,527365,38,64,18,normal,normal,pale_cyanotic,more_3_sec,mild_pain,hypomotile,moderate,slight,less_1_liter,4.5,normal,distend_small,59,7.5,cloudy,2.9,yes,4300,0,0,no,lived
849,yes,adult,534756,37.3,36,16,,reduced,normal_pink,less_3_sec,depressed,hypomotile,slight,significant,,2,decreased,distend_large,37,75,serosanguious,1,no,3111,0,0,no,lived
850,no,adult,528523,38.5,54,20,normal,normal,normal_pink,less_3_sec,depressed,normal,,slight,less_1_liter,3,decreased,firm,44,7.5,cloudy,2.3,no,0,0,0,yes,lived
851,no,adult,529388,38,92,28,cool,reduced,pale_pink,less_3_sec,depressed,absent,slight,,,4.5,decreased,distend_small,57,8.1,serosanguious,5.2,no,5400,0,0,yes,died
852,no,adult,528178,38.5,54,40,normal,normal,bright_pink,less_3_sec,alert,hypermotile,,slight,less_1_liter,7,normal,normal,44,7.5,cloudy,1.3,no,0,0,0,yes,lived
853,yes,adult,529703,38.1,112,9,cold,normal,pale_cyanotic,more_3_sec,depressed,absent,moderate,,more_1_liter,5.5,decreased,distend_large,43,6.4,clear,3.9,yes,3209,0,0,no,died
854,yes,adult,534885,38.2,52,24,normal,normal,pale_pink,less_3_sec,mild_pain,hypomotile,,slight,more_1_liter,2,decreased,distend_small,42,71,cloudy,2,yes,2208,0,0,no,lived
855,yes,adult,535043,39.2,100,51,cool,normal,dark_cyanotic,less_3_sec,mild_pain,absent,moderate,,less_1_liter,2,,,50,13,serosanguious,2,yes,2113,0,0,no,euthanized
856,no,adult,530002,39.6,108,51,cold,absent,dark_cyanotic,more_3_sec,depressed,absent,severe,,less_1_liter,2,,distend_large,65,82,cloudy,2,no,4300,0,0,no,lived
857,yes,adult,535054,39.3,100,51,cold,absent,dark_cyanotic,more_3_sec,depressed,absent,,,less_1_liter,2,,distend_small,66,13,serosanguious,2,yes,2113,0,0,no,euthanized
858,yes,adult,529160,38.2,66,24,cool,reduced,pale_cyanotic,less_3_sec,depressed,absent,moderate,slight,more_1_liter,4,absent,distend_small,54,7.2,serosanguious,2.3,yes,2208,0,0,no,died
859,no,adult,528743,38,108,36,normal,reduced,bright_red,more_3_sec,depressed,absent,moderate,,less_1_liter,7,absent,distend_small,68,5.7,serosanguious,3.4,yes,2208,0,0,no,died
860,yes,adult,528570,36.1,50,50,cool,reduced,bright_red,less_3_sec,mild_pain,hypomotile,slight,slight,,3,decreased,distend_small,35,6.5,cloudy,3.6,yes,2209,0,0,yes,died
861,yes,adult,529304,38.2,80,42,cool,reduced,dark_cyanotic,less_3_sec,extreme_pain,absent,moderate,significant,more_1_liter,1.5,absent,distend_large,52,7,serosanguious,2.6,yes,5400,0,0,no,lived
862,no,adult,529172,38.2,80,40,cool,reduced,normal_pink,less_3_sec,depressed,hypomotile,moderate,slight,less_1_liter,7,decreased,normal,47,7.1,serosanguious,2.5,yes,8300,0,0,yes,lived
863,yes,adult,528804,38.3,66,12,normal,normal,normal_pink,less_3_sec,mild_pain,hypomotile,moderate,slight,,4.3,increased,firm,37,7.1,cloudy,1.6,yes,3205,0,0,yes,lived
864,yes,adult,528620,38.4,42,12,cool,,pale_pink,less_3_sec,mild_pain,absent,,slight,less_1_liter,2,absent,distend_small,40,6.7,cloudy,3.9,yes,2208,0,0,yes,lived
865,yes,adult,527463,37.1,84,48,normal,normal,dark_cyanotic,more_3_sec,mild_pain,hypomotile,slight,slight,more_1_liter,5,absent,distend_small,72,6.6,,3.2,yes,2208,0,0,no,died
866,no,adult,529642,39.3,88,24,cool,reduced,bright_red,more_3_sec,severe_pain,absent,severe,significant,less_1_liter,4,normal,normal,52,8.1,serosanguious,2.6,yes,3124,0,0,no,euthanized
867,no,adult,529498,37.5,48,16,normal,normal,pale_pink,less_3_sec,alert,hypermotile,slight,slight,more_1_liter,7,,other,41,8.6,cloudy,5.3,no,0,0,0,yes,lived
868,yes,adult,5290759,38.5,96,36,cool,reduced,bright_red,more_3_sec,mild_pain,hypomotile,moderate,slight,more_1_liter,4.5,absent,distend_small,52,8,serosanguious,3.4,yes,2205,0,0,no,died
869,yes,adult,527706,39,84,24,cool,normal,bright_pink,less_3_sec,depressed,hypermotile,,slight,,7,absent,distend_small,37,6.5,serosanguious,4.1,yes,7209,0,0,yes,died
870,yes,adult,530693,37.8,86,30,cool,reduced,pale_pink,more_3_sec,depressed,hypomotile,moderate,slight,more_1_liter,4.5,absent,distend_large,57,6.1,serosanguious,4.5,yes,31110,0,0,yes,lived
871,yes,adult,529386,39,120,28,cool,reduced,pale_cyanotic,less_3_sec,severe_pain,hypomotile,moderate,slight,,4,absent,distend_large,65,7.1,serosanguious,4.3,yes,3205,0,0,yes,died
872,yes,adult,529729,37.8,46,28,warm,normal,normal_pink,less_3_sec,mild_pain,hypomotile,moderate,slight,more_1_liter,5.7,increased,distend_small,37,6.6,serosanguious,5,yes,2207,0,0,no,lived
873,yes,adult,5299603,38.5,66,24,cool,reduced,pale_pink,less_3_sec,mild_pain,hypomotile,,slight,less_1_liter,3,absent,distend_large,31.5,6.7,clear,3,yes,31110,0,0,no,lived
874,yes,adult,529461,37.7,84,36,cool,normal,pale_cyanotic,less_3_sec,extreme_pain,absent,,slight,more_1_liter,5.3,normal,,43,6.6,serosanguious,4.5,yes,5400,0,0,yes,died
875,no,adult,5297379,38.5,136,48,cool,reduced,dark_cyanotic,less_3_sec,extreme_pain,hypomotile,moderate,,less_1_liter,4,absent,,60,6.8,serosanguious,4.4,yes,4205,0,0,yes,died
876,yes,adult,528548,38.2,66,24,cool,reduced,pale_cyanotic,less_3_sec,severe_pain,hypomotile,slight,slight,,3,normal,distend_small,44,7.2,cloudy,3.6,yes,2209,0,0,yes,died
877,yes,adult,535392,38.1,66,12,normal,normal,pale_pink,less_3_sec,mild_pain,hypomotile,slight,,more_1_liter,2,absent,distend_large,43,51,clear,1,no,2124,0,0,no,lived
878,yes,adult,533886,39.3,88,48,cool,reduced,dark_cyanotic,more_3_sec,depressed,absent,,,more_1_liter,2,,distend_large,55,64,serosanguious,2,no,3205,0,0,no,euthanized
879,no,adult,528812,38.7,48,24,normal,normal,normal_pink,less_3_sec,alert,hypomotile,slight,,more_1_liter,5.5,decreased,,49,9.1,clear,10.1,no,3111,0,0,no,lived
880,no,adult,529461,40.3,114,36,cool,reduced,pale_cyanotic,more_3_sec,depressed,hypomotile,moderate,slight,,5,absent,distend_small,57,6.5,serosanguious,4.8,no,2208,0,0,yes,lived
881,yes,adult,534157,38,52,18,normal,normal,pale_pink,less_3_sec,mild_pain,hypomotile,slight,slight,more_1_liter,2,decreased,distend_small,52,75,clear,2,yes,2322,0,0,no,lived
882,no,adult,528729,38.4,54,40,normal,normal,bright_pink,less_3_sec,alert,hypermotile,,slight,less_1_liter,7,normal,normal,49,9,cloudy,7.4,no,0,0,0,yes,lived
883,no,adult,529703,38.6,44,16,normal,normal,normal_pink,less_3_sec,mild_pain,hypermotile,slight,significant,,7,normal,normal,44,7.3,cloudy,1.6,no,0,0,0,yes,lived
884,yes,young,528548,37.5,164,84,cool,reduced,bright_red,more_3_sec,depressed,hypomotile,slight,,less_1_liter,5.4,absent,normal,50,6,serosanguious,3.9,no,1400,0,0,no,died
885,no,adult,528469,38.1,52,24,normal,normal,bright_red,less_3_sec,depressed,hypomotile,slight,slight,,7,normal,firm,54,7.5,cloudy,4.1,no,2124,0,0,yes,lived
886,no,adult,528996,36.6,52,16,normal,normal,normal_pink,more_3_sec,mild_pain,hypomotile,,slight,less_1_liter,7,normal,firm,32,6.6,cloudy,4.5,yes,2205,0,0,yes,lived
887,yes,adult,527544,37.7,96,28,cool,reduced,bright_red,more_3_sec,severe_pain,hypomotile,moderate,slight,more_1_liter,4,absent,distend_large,48,6.5,serosanguious,3.9,yes,31110,0,0,yes,lived
888,no,adult,529777,38,52,32,normal,normal,pale_pink,less_3_sec,mild_pain,absent,severe,slight,more_1_liter,5,absent,distend_small,52,6.8,cloudy,2.6,no,2124,0,0,no,died
889,yes,adult,528469,38.1,52,24,cool,reduced,bright_red,more_3_sec,depressed,hypomotile,slight,slight,,7,normal,distend_large,54,7.5,cloudy,2.6,yes,2112,0,0,no,died
890,no,adult,535029,37.1,72,24,cool,reduced,pale_cyanotic,more_3_sec,depressed,absent,severe,,more_1_liter,2,absent,distend_large,67,51,cloudy,2,yes,1400,0,0,no,euthanized
891,yes,adult,530233,37.1,114,24,cool,reduced,dark_cyanotic,more_3_sec,depressed,absent,moderate,slight,,3,decreased,distend_large,57,8.1,serosanguious,3.6,yes,3209,0,0,yes,died
892,yes,young,5290409,37.2,150,80,cool,reduced,dark_cyanotic,more_3_sec,depressed,absent,moderate,,less_1_liter,5,absent,normal,66,7.5,serosanguious,5.3,yes,2205,0,0,yes,died
893,yes,adult,530233,37.8,114,36,cool,reduced,dark_cyanotic,more_3_sec,depressed,hypomotile,moderate,slight,more_1_liter,4.5,normal,,57,8.9,serosanguious,2,yes,3207,0,0,no,died
894,no,adult,529183,38.4,48,32,normal,normal,normal_pink,less_3_sec,alert,hypomotile,slight,slight,more_1_liter,5,absent,distend_large,49,6.2,clear,5.3,no,4205,0,0,yes,lived
895,no,adult,534817,37.7,88,28,,,pale_cyanotic,less_3_sec,,,,,more_1_liter,1,,distend_small,55,80,serosanguious,2,no,2205,0,0,no,euthanized
896,yes,adult,528890,38.4,56,80,warm,reduced,pale_pink,less_3_sec,alert,hypomotile,moderate,slight,less_1_liter,7.5,increased,normal,54,6.3,serosanguious,8,no,7111,0,0,yes,lived
897,yes,young,529340,38.5,104,48,cool,reduced,bright_red,less_3_sec,depressed,hypomotile,moderate,slight,more_1_liter,5.4,decreased,distend_small,47,7.5,serosanguious,3.4,yes,5400,0,0,yes,lived
898,yes,adult,5294369,38.9,120,30,normal,reduced,bright_pink,less_3_sec,mild_pain,hypomotile,moderate,significant,,3,,,47,6.1,cloudy,2.6,yes,2124,0,0,yes,lived
899,no,adult,528996,38.6,48,16,normal,normal,pale_pink,less_3_sec,alert,hypomotile,slight,slight,more_1_liter,5,normal,,42,6.6,clear,5,no,0,0,0,yes,lived
900,yes,adult,530526,37.9,52,12,normal,normal,pale_pink,less_3_sec,mild_pain,hypomotile,moderate,slight,more_1_liter,5.3,decreased,distend_large,44,7,clear,5,yes,3111,0,0,yes,lived
901,yes,adult,526639,38.6,64,14,cool,,pale_pink,less_3_sec,mild_pain,hypomotile,moderate,significant,,4,absent,distend_small,35,5.9,cloudy,3.4,yes,2208,0,0,yes,lived
902,yes,adult,529528,37.8,66,12,cool,reduced,pale_pink,less_3_sec,severe_pain,hypomotile,,slight,,3,absent,normal,36,6.6,clear,3,yes,3115,0,0,yes,lived
903,yes,adult,527365,38.1,80,80,cool,reduced,bright_pink,less_3_sec,depressed,hypomotile,moderate,,less_1_liter,2,decreased,distend_large,54,4,serosanguious,4.3,yes,7209,0,0,yes,died
904,yes,adult,532110,38.1,52,88,cool,reduced,bright_red,less_3_sec,depressed,hypomotile,moderate,slight,less_1_liter,2,normal,distend_large,53,71,cloudy,1,yes,2205,0,0,no,lived
905,no,adult,534788,37.6,52,16,cool,reduced,pale_pink,more_3_sec,depressed,hypomotile,moderate,,more_1_liter,2,increased,,57,62,clear,1,no,5400,0,0,yes,lived
906,yes,adult,535137,39.3,164,84,cool,reduced,pale_cyanotic,less_3_sec,depressed,absent,moderate,,more_1_liter,2,absent,distend_large,57,85,serosanguious,2,yes,3205,0,0,no,euthanized
907,yes,adult,529703,37.1,60,12,warm,normal,bright_pink,less_3_sec,mild_pain,hypomotile,,slight,more_1_liter,5.3,increased,,41,6,clear,5.3,yes,3025,0,0,yes,lived
908,no,adult,5290409,38.5,52,24,cool,reduced,pale_pink,less_3_sec,mild_pain,hypomotile,slight,slight,more_1_liter,5.5,normal,firm,47,7.2,clear,2.3,no,3111,0,0,no,lived
909,yes,adult,534115,38,104,30,cool,reduced,pale_cyanotic,less_3_sec,depressed,absent,moderate,slight,more_1_liter,1,,distend_small,66,60,serosanguious,1,yes,2208,0,0,yes,euthanized
910,yes,adult,529642,38.5,42,24,cool,reduced,pale_cyanotic,less_3_sec,severe_pain,absent,moderate,significant,less_1_liter,4.4,absent,distend_small,26,6.7,clear,4.7,yes,3205,0,0,yes,died
911,yes,adult,533847,38.5,60,80,cool,normal,bright_red,less_3_sec,mild_pain,hypomotile,moderate,slight,more_1_liter,2,increased,distend_small,47,70,serosanguious,2,yes,5205,0,0,yes,lived
912,yes,adult,529493,38.2,86,18,warm,reduced,pale_cyanotic,more_3_sec,extreme_pain,absent,severe,slight,more_1_liter,4.5,absent,distend_large,57,8.6,clear,2.6,yes,5400,0,0,no,died
913,no,adult,529849,38.9,72,44,normal,normal,bright_red,less_3_sec,mild_pain,hypomotile,moderate,slight,more_1_liter,6.5,absent,distend_large,54,7.5,clear,2.5,yes,2124,0,0,no,lived
914,yes,adult,535338,38.5,129,48,cool,reduced,pale_pink,less_3_sec,depressed,absent,moderate,,more_1_liter,2,,,57,66,,2,yes,2208,0,0,no,lived
915,yes,adult,534130,38.2,64,16,normal,normal,normal_pink,less_3_sec,mild_pain,hypomotile,slight,significant,,1,decreased,distend_small,37,56,clear,2,no,2124,0,0,no,lived
916,yes,adult,529461,37.6,96,24,cool,reduced,pale_cyanotic,more_3_sec,extreme_pain,absent,moderate,slight,more_1_liter,7,absent,distend_large,57,8.1,serosanguious,4.5,yes,3205,0,0,no,died
917,no,adult,5288249,37.8,48,9,normal,normal,normal_pink,less_3_sec,mild_pain,hypomotile,slight,slight,less_1_liter,6.5,decreased,distend_small,49,6,clear,3.6,yes,2209,0,0,no,lived
918,yes,adult,535407,37.1,96,48,cold,reduced,pale_cyanotic,more_3_sec,extreme_pain,absent,moderate,slight,more_1_liter,2,absent,distend_small,60,89,serosanguious,2,yes,2205,0,0,yes,died
919,yes,adult,529493,37.1,72,20,cool,reduced,bright_red,less_3_sec,mild_pain,hypomotile,moderate,slight,more_1_liter,5.3,absent,distend_small,50,7.5,serosanguious,2.6,yes,3111,0,0,yes,died
920,yes,adult,534519,38.6,88,24,cool,reduced,bright_red,less_3_sec,depressed,hypomotile,moderate,,more_1_liter,7,normal,distend_large,55,7.5,cloudy,1,yes,5400,0,0,no,euthanized
921,yes,adult,534784,38.5,96,40,cool,reduced,pale_cyanotic,more_3_sec,,absent,moderate,slight,more_1_liter,1,,distend_small,55,75,serosanguious,2,yes,3205,0,0,no,euthanized
922,no,adult,529424,38.5,92,28,normal,normal,bright_pink,less_3_sec,mild_pain,hypomotile,slight,significant,,7,normal,firm,44,7.5,clear,5,no,0,0,0,yes,lived
923,yes,adult,528890,38.1,132,24,cold,reduced,dark_cyanotic,more_3_sec,depressed,absent,moderate,slight,,7,normal,normal,57,8.1,serosanguious,2,yes,7111,0,0,no,euthanized
924,yes,adult,528800,38,48,16,cool,reduced,pale_cyanotic,less_3_sec,mild_pain,hypomotile,slight,slight,,2,,,46,6.1,serosanguious,4.5,yes,1400,0,0,no,euthanized
925,yes,adult,528299,39.4,64,36,warm,normal,normal_pink,less_3_sec,mild_pain,normal,slight,slight,more_1_liter,5,decreased,distend_small,39,6.2,clear,5.3,yes,2112,0,0,yes,lived
926,yes,adult,529424,37.9,64,40,normal,normal,pale_pink,less_3_sec,mild_pain,hypomotile,moderate,slight,less_1_liter,3,absent,distend_large,41,6.5,clear,3.6,yes,2124,0,0,no,lived
927,yes,young,530034,39,120,40,cool,reduced,dark_cyanotic,less_3_sec,extreme_pain,absent,severe,significant,more_1_liter,4,absent,distend_large,67,8.1,cloudy,2.6,yes,8400,0,0,yes,died
928,no,adult,535381,37.1,84,20,cool,reduced,pale_pink,more_3_sec,depressed,absent,moderate,significant,less_1_liter,2,absent,distend_large,75,81,,1,yes,1400,0,0,no,euthanized
929,yes,adult,528570,37.5,48,28,cool,reduced,pale_cyanotic,less_3_sec,mild_pain,hypomotile,moderate,significant,more_1_liter,3.5,absent,distend_large,33,6,clear,3.6,yes,3205,0,0,no,lived
930,yes,young,530001,36.4,129,28,cool,reduced,dark_cyanotic,less_3_sec,severe_pain,hypomotile,slight,,more_1_liter,1.5,decreased,normal,47,7.6,serosanguious,4.4,yes,4300,0,0,no,died
931,yes,adult,529849,38.5,48,12,cool,normal,normal_pink,less_3_sec,mild_pain,hypomotile,slight,slight,less_1_liter,4.5,absent,distend_small,42,4.5,cloudy,7,no,2124,0,0,yes,lived
932,yes,adult,534787,37.8,48,20,cool,normal,normal_pink,less_3_sec,mild_pain,hypomotile,slight,slight,more_1_liter,5.3,decreased,distend_small,45,75,serosanguious,1,yes,5400,0,0,yes,lived
933,yes,adult,529272,40.3,114,36,normal,normal,bright_red,more_3_sec,mild_pain,hypomotile,slight,slight,more_1_liter,5,,distend_small,57,8,serosanguious,4.5,yes,2124,0,0,no,lived
934,yes,adult,529685,38.2,60,40,normal,normal,normal_pink,less_3_sec,mild_pain,hypomotile,moderate,slight,,7,decreased,distend_large,35,6.5,clear,5,yes,31110,0,0,yes,lived
935,yes,adult,5290482,39.2,88,24,cool,reduced,pale_pink,less_3_sec,severe_pain,hypomotile,moderate,slight,more_1_liter,4.5,absent,distend_large,50,6.6,serosanguious,4.1,yes,31110,0,0,yes,lived
936,no,adult,530002,38.6,48,24,cool,normal,normal_pink,less_3_sec,alert,hypomotile,,slight,more_1_liter,2,absent,,43,53,clear,2,no,0,0,0,no,lived
937,yes,adult,528668,38.3,52,16,cool,normal,normal_pink,less_3_sec,mild_pain,hypermotile,,slight,less_1_liter,7,decreased,other,42,7,clear,1,no,3111,0,0,no,lived
938,yes,adult,529764,37.8,44,12,normal,normal,normal_pink,less_3_sec,alert,hypermotile,,slight,,7,normal,,39,6.5,cloudy,2.9,no,31110,0,0,yes,lived
939,yes,adult,527463,37.5,96,24,cold,reduced,dark_cyanotic,more_3_sec,mild_pain,absent,slight,slight,more_1_liter,5,,distend_small,69,8.9,serosanguious,3.9,yes,2205,0,0,no,lived
940,no,adult,530478,38.6,96,30,cold,reduced,pale_cyanotic,more_3_sec,,absent,moderate,significant,,2.6,absent,distend_large,46,6.6,cloudy,1,no,31110,0,0,yes,lived
941,no,adult,529183,38.3,52,24,cool,reduced,pale_pink,less_3_sec,,absent,slight,slight,more_1_liter,5,decreased,firm,47,8.2,clear,3,no,400,0,0,yes,lived
942,yes,adult,528548,38.1,108,36,cool,reduced,bright_red,more_3_sec,depressed,hypomotile,severe,slight,,4.4,absent,distend_large,60,6,serosanguious,3.6,yes,2300,0,0,no,died
943,yes,adult,528523,38,44,9,cool,normal,normal_pink,less_3_sec,mild_pain,hypomotile,,slight,,3,absent,distend_small,35,6.7,,3.6,yes,2208,0,0,yes,lived
944,yes,adult,528800,39.1,96,40,cold,absent,bright_red,more_3_sec,depressed,absent,moderate,slight,more_1_liter,1,absent,distend_small,74,6.6,cloudy,1.4,yes,2209,0,0,no,died
945,yes,young,529172,38.4,164,24,cool,reduced,bright_red,more_3_sec,extreme_pain,hypomotile,moderate,slight,more_1_liter,4.5,increased,,73,7.4,serosanguious,4.5,yes,2305,0,0,yes,died
946,yes,adult,529386,37.5,42,32,cool,normal,pale_pink,less_3_sec,mild_pain,absent,moderate,,more_1_liter,5.5,absent,distend_small,38,7,cloudy,2.8,yes,2208,0,0,no,died
947,yes,adult,530101,39.5,124,51,normal,reduced,bright_red,less_3_sec,depressed,hypomotile,severe,,less_1_liter,7,absent,distend_small,43,7.2,cloudy,2.3,yes,4205,0,0,no,lived
948,yes,adult,529493,38,84,36,cool,normal,bright_red,more_3_sec,mild_pain,hypomotile,slight,slight,less_1_liter,7,normal,distend_small,47,7,clear,3.9,yes,2208,0,0,no,died
949,yes,adult,527709,36.5,108,24,cold,reduced,pale_cyanotic,more_3_sec,mild_pain,absent,slight,,more_1_liter,7,absent,distend_small,58,7.6,serosanguious,5.3,yes,2208,0,0,no,lived
950,yes,adult,530334,38.3,40,23,normal,normal,normal_pink,less_3_sec,mild_pain,hypomotile,slight,slight,less_1_liter,4.5,absent,distend_large,39,8.5,clear,5,yes,31110,0,0,yes,lived
951,no,adult,529172,38,52,24,cold,reduced,dark_cyanotic,less_3_sec,depressed,absent,,slight,more_1_liter,5,normal,distend_small,48,8.5,cloudy,2.3,yes,2113,0,0,no,lived
952,yes,adult,529461,38.9,80,40,cold,reduced,pale_cyanotic,less_3_sec,mild_pain,absent,moderate,slight,more_1_liter,4.4,decreased,distend_large,63,7.2,serosanguious,4.8,yes,3205,0,0,no,euthanized
953,yes,adult,533983,38.7,60,32,cold,reduced,bright_pink,more_3_sec,severe_pain,absent,severe,,,2,,,53,64,serosanguious,2,yes,3205,0,0,no,euthanized
954,yes,adult,529483,38.4,40,24,normal,normal,normal_pink,less_3_sec,depressed,hypomotile,moderate,slight,,5.5,absent,distend_small,37,6.4,clear,6.2,yes,2206,0,0,yes,died
955,yes,adult,529667,39.3,64,36,cool,normal,pale_cyanotic,more_3_sec,mild_pain,hypomotile,slight,,less_1_liter,7,absent,distend_small,44,7.5,serosanguious,6.6,yes,2208,0,0,no,lived
956,yes,young,5290409,39,128,36,cool,reduced,pale_pink,more_3_sec,mild_pain,hypomotile,moderate,slight,less_1_liter,7,,,53,5.5,serosanguious,5.3,yes,2208,0,0,yes,died
957,yes,adult,535130,38.5,88,30,cold,reduced,pale_pink,less_3_sec,mild_pain,absent,moderate,slight,more_1_liter,2,,distend_large,48,66,serosanguious,2,yes,2205,0,0,no,euthanized
958,yes,adult,534092,39.1,100,51,cool,reduced,bright_red,more_3_sec,depressed,hypomotile,slight,slight,less_1_liter,2,absent,distend_small,51,5.5,cloudy,1,yes,2113,0,0,yes,lived
959,yes,adult,528570,38.3,88,36,cool,reduced,pale_pink,less_3_sec,mild_pain,hypomotile,moderate,,more_1_liter,5,,distend_large,48,7.5,serosanguious,3.6,yes,9400,0,0,yes,lived
960,no,adult,529663,37.5,52,16,cool,normal,bright_pink,less_3_sec,alert,hypermotile,slight,,more_1_liter,5.5,normal,normal,57,8.1,cloudy,7.2,no,0,0,0,yes,lived
961,no,adult,529663,38,48,16,normal,normal,normal_pink,less_3_sec,alert,hypomotile,,slight,more_1_liter,5.3,decreased,firm,49,6,cloudy,3.9,no,5000,0,0,yes,lived
962,yes,adult,528548,39,64,30,cold,reduced,pale_pink,less_3_sec,depressed,hypomotile,,slight,,3,,distend_large,47,7,serosanguious,3.6,yes,2124,0,0,yes,lived
963,yes,adult,528151,38.3,66,18,normal,normal,bright_red,less_3_sec,mild_pain,hypomotile,,,more_1_liter,7,normal,distend_small,54,7.5,cloudy,1.6,yes,2112,0,0,no,lived
964,yes,adult,529729,37.2,40,12,cool,normal,normal_pink,less_3_sec,mild_pain,hypomotile,slight,slight,less_1_liter,4.5,absent,distend_small,57,7,serosanguious,4.3,yes,2209,0,0,yes,lived
965,yes,adult,529183,38,36,20,normal,normal,normal_pink,less_3_sec,alert,hypomotile,slight,slight,,5,,other,49,8,clear,10,no,3111,0,0,yes,lived
966,yes,young,529642,38.3,40,36,cool,reduced,,less_3_sec,extreme_pain,absent,severe,significant,more_1_liter,4.5,decreased,distend_small,47,6.5,serosanguious,4.1,yes,2209,0,0,yes,died
967,yes,adult,530526,38.5,184,84,cold,reduced,dark_cyanotic,more_3_sec,depressed,absent,moderate,,,7,absent,distend_small,60,6.5,serosanguious,3.4,yes,7111,0,0,yes,died
968,no,adult,528247,38.4,54,24,normal,normal,normal_pink,less_3_sec,alert,normal,,slight,less_1_liter,7,normal,normal,43,7.5,clear,1.3,no,0,0,0,yes,lived
969,yes,adult,535031,39.1,96,24,cool,reduced,pale_cyanotic,more_3_sec,depressed,absent,moderate,slight,more_1_liter,5,absent,distend_large,71,7.2,serosanguious,2.6,yes,3209,0,0,no,lived
970,no,young,530254,40.3,114,36,cool,normal,bright_red,more_3_sec,depressed,hypomotile,slight,slight,more_1_liter,6.5,decreased,distend_small,72,8.1,serosanguious,4.3,yes,8400,0,0,yes,died
971,yes,adult,535043,39.3,100,51,cool,reduced,dark_cyanotic,less_3_sec,depressed,absent,slight,,less_1_liter,2,,distend_small,66,13,,2,yes,2113,0,0,no,euthanized
972,no,adult,527544,35.4,140,36,cool,reduced,normal_pink,less_3_sec,depressed,hypomotile,slight,slight,more_1_liter,6.5,,distend_large,57,8.5,clear,2,yes,1400,0,0,no,died
973,yes,adult,534073,38.3,90,40,cool,reduced,bright_red,more_3_sec,severe_pain,hypomotile,moderate,,more_1_liter,2,decreased,,75,55,cloudy,2,no,2209,0,0,no,euthanized
974,yes,adult,534183,38.3,88,12,normal,reduced,pale_cyanotic,less_3_sec,mild_pain,absent,slight,slight,more_1_liter,5,absent,distend_large,48,60,clear,2,yes,2124,0,0,no,lived
975,no,adult,530334,38.6,44,16,cool,,normal_pink,less_3_sec,mild_pain,hypomotile,slight,slight,more_1_liter,4.5,absent,distend_small,33,6.6,serosanguious,3.3,no,2209,0,0,yes,lived
976,yes,adult,527883,38.3,132,18,,reduced,dark_cyanotic,more_3_sec,depressed,absent,,slight,more_1_liter,6.2,absent,distend_small,48,7.2,,5.2,yes,2112,0,0,no,lived
977,yes,adult,529172,38.9,56,40,cold,reduced,pale_pink,less_3_sec,depressed,hypomotile,moderate,slight,less_1_liter,7.5,,,47,7.2,clear,2.5,no,8300,0,0,no,lived
978,no,adult,529172,38.2,56,40,cool,normal,normal_pink,less_3_sec,depressed,normal,slight,,,7,normal,,47,7.5,clear,2.1,no,8300,0,0,yes,lived
979,no,adult,5299629,38.6,52,40,normal,normal,bright_pink,less_3_sec,depressed,hypomotile,slight,slight,,7.2,normal,firm,54,8,clear,5.2,yes,0,0,0,yes,lived
980,no,adult,534115,39.2,84,28,cool,reduced,normal_pink,less_3_sec,severe_pain,hypomotile,moderate,,less_1_liter,1,,distend_small,65,81,serosanguious,2,no,1400,0,0,no,euthanized
981,no,adult,529424,38,48,16,warm,normal,normal_pink,less_3_sec,alert,hypermotile,slight,slight,,5,normal,normal,49,7.2,clear,5,no,0,0,0,yes,lived
982,no,adult,529821,38.3,52,40,warm,reduced,normal_pink,less_3_sec,depressed,hypomotile,slight,slight,more_1_liter,6.5,normal,,42,8.5,serosanguious,5.3,yes,21110,0,0,yes,euthanized
983,yes,adult,528641,38.1,66,12,cool,reduced,pale_pink,less_3_sec,mild_pain,hypomotile,moderate,slight,,3,decreased,distend_large,45,7,cloudy,3.9,yes,3111,0,0,yes,lived
984,yes,adult,528305,37.8,88,28,cool,reduced,bright_pink,less_3_sec,mild_pain,hypomotile,moderate,slight,,4.5,absent,distend_small,40,5.9,serosanguious,4.6,yes,2205,0,0,yes,died
985,yes,adult,527702,38,132,66,normal,reduced,dark_cyanotic,more_3_sec,severe_pain,hypomotile,moderate,,,7,absent,distend_small,57,8.1,cloudy,3.4,yes,2208,0,0,no,lived
986,yes,adult,534519,39.7,84,40,cool,reduced,dark_cyanotic,less_3_sec,depressed,absent,severe,,less_1_liter,2,absent,distend_large,75,81,clear,2,no,1400,0,0,yes,euthanized
987,no,adult,528113,37.1,52,24,normal,normal,pale_pink,less_3_sec,mild_pain,hypomotile,slight,slight,less_1_liter,5.2,decreased,distend_small,26,8.1,clear,5.2,no,400,0,0,yes,lived
988,no,adult,530381,38,114,36,cool,reduced,pale_pink,more_3_sec,depressed,hypomotile,moderate,,less_1_liter,7,absent,distend_large,41,7,serosanguious,4.3,yes,31110,0,0,yes,lived
989,yes,adult,528461,40.3,86,36,cool,reduced,normal_pink,more_3_sec,depressed,hypomotile,slight,slight,,7,normal,distend_large,44,8.1,serosanguious,4.5,yes,7400,0,0,yes,lived
990,yes,adult,527916,39.1,60,18,normal,normal,bright_red,more_3_sec,mild_pain,hypomotile,,slight,,7,decreased,,50,7.5,cloudy,1,yes,2113,0,0,yes,lived
991,yes,adult,530431,38.2,76,20,warm,normal,normal_pink,less_3_sec,severe_pain,hypomotile,moderate,slight,less_1_liter,4,absent,distend_small,35,4.3,serosanguious,4.8,yes,5111,0,0,yes,lived
992,yes,adult,530526,38.3,96,44,cool,reduced,pale_cyanotic,less_3_sec,depressed,absent,slight,slight,less_1_liter,3,decreased,distend_small,64,8,clear,1,no,2113,0,0,yes,lived
993,yes,adult,527524,38,54,36,normal,normal,bright_red,less_3_sec,depressed,hypomotile,moderate,slight,more_1_liter,2,absent,distend_small,37,6.6,serosanguious,2.8,yes,2206,0,0,no,lived
994,yes,young,5301219,37.8,128,51,normal,reduced,pale_pink,less_3_sec,extreme_pain,absent,moderate,,,4.4,decreased,,53,4.9,serosanguious,4.9,yes,11400,0,0,yes,died
995,no,adult,5279442,38.2,66,12,cool,reduced,dark_cyanotic,less_3_sec,depressed,absent,moderate,slight,less_1_liter,5,,distend_small,55,7.5,serosanguious,3.4,no,2205,0,0,yes,lived
996,yes,adult,534817,39.3,88,20,cold,reduced,dark_cyanotic,more_3_sec,depressed,absent,moderate,,more_1_liter,2,,distend_small,57,85,cloudy,2,yes,2205,0,0,no,euthanized
997,no,adult,533692,38.1,60,42,warm,normal,normal_pink,less_3_sec,alert,hypermotile,,slight,less_1_liter,2,,other,37,67,clear,1,no,0,0,0,no,lived
998,yes,adult,528812,37.2,88,30,cool,reduced,pale_pink,less_3_sec,extreme_pain,hypomotile,moderate,slight,less_1_liter,6.5,absent,distend_small,48,8.5,serosanguious,4.3,yes,2205,0,0,no,died
999,no,adult,5275212,37.1,84,36,cool,reduced,pale_cyanotic,less_3_sec,mild_pain,absent,moderate,,less_1_liter,3,,distend_small,50,6,serosanguious,3.9,yes,2208,0,0,no,euthanized
1000,yes,adult,530526,38.2,48,12,normal,normal,normal_pink,less_3_sec,mild_pain,hypomotile,moderate,slight,,3,decreased,distend_large,36,6,clear,3,yes,3111,0,0,no,lived
1001,no,adult,529493,39,112,16,cool,reduced,bright_pink,less_3_sec,depressed,hypomotile,moderate,,more_1_liter,5.5,absent,distend_large,57,6,serosanguious,2.8,no,4205,0,0,no,euthanized
1002,no,adult,528469,38.4,54,20,normal,normal,normal_pink,less_3_sec,mild_pain,hypomotile,,slight,,7.5,decreased,firm,43,7,clear,8,no,0,0,0,yes,lived
1003,yes,adult,528702,37.8,96,24,normal,normal,pale_pink,less_3_sec,mild_pain,hypomotile,moderate,,more_1_liter,5.5,decreased,,48,7.2,serosanguious,4.7,yes,2208,0,0,no,lived
1004,yes,adult,530693,38.1,114,36,,reduced,pale_pink,more_3_sec,depressed,absent,slight,,less_1_liter,5.5,normal,,43,6.2,cloudy,2,yes,3111,0,0,no,lived
1005,yes,adult,521399,37.7,72,40,cool,reduced,pale_cyanotic,less_3_sec,severe_pain,hypomotile,,slight,more_1_liter,5,normal,distend_large,43,7,clear,2.2,yes,3205,0,0,yes,euthanized
1006,yes,adult,528729,37.6,72,12,normal,normal,pale_pink,more_3_sec,extreme_pain,normal,severe,,,3,normal,normal,38,4.6,clear,3.4,yes,2112,0,0,no,died
1007,no,adult,530297,37.5,84,24,cool,normal,,less_3_sec,depressed,hypomotile,slight,slight,more_1_liter,5,decreased,distend_small,43,6.2,serosanguious,3.6,no,1124,0,0,yes,lived
1008,yes,adult,534938,39.2,100,51,cool,absent,bright_red,more_3_sec,depressed,absent,,,less_1_liter,2,absent,distend_small,66,13,serosanguious,2,yes,2113,0,0,no,lived
1009,no,adult,530242,37.5,88,16,cool,reduced,pale_cyanotic,less_3_sec,depressed,absent,slight,,more_1_liter,5,absent,distend_small,52,8.6,serosanguious,3.4,no,2209,0,0,yes,euthanized
1010,no,adult,528702,38.5,52,16,normal,normal,bright_pink,less_3_sec,depressed,normal,slight,,more_1_liter,5.3,normal,firm,49,7.2,cloudy,1.6,no,0,0,0,yes,lived
1011,yes,adult,528743,37.1,72,48,cold,reduced,pale_pink,more_3_sec,extreme_pain,absent,severe,significant,more_1_liter,4,absent,distend_small,48,7.4,serosanguious,3.2,yes,12208,0,0,yes,died
1012,yes,adult,529888,37.2,48,48,cool,,normal_pink,less_3_sec,mild_pain,hypomotile,slight,,more_1_liter,6.5,absent,distend_small,44,7.2,,9.1,yes,2208,0,0,no,lived
1013,yes,adult,528570,39.5,100,30,cool,reduced,pale_pink,more_3_sec,extreme_pain,hypomotile,moderate,,more_1_liter,6.5,absent,distend_small,47,3.5,serosanguious,3.4,yes,2207,0,0,yes,died
1014,yes,adult,528469,37.6,44,12,normal,normal,bright_red,less_3_sec,severe_pain,normal,slight,slight,,7,normal,,44,7.5,cloudy,2.3,yes,2112,0,0,yes,died
1015,yes,adult,534787,38.2,36,16,cool,normal,bright_pink,less_3_sec,depressed,normal,slight,,more_1_liter,2,decreased,,52,75,cloudy,2,yes,2209,1400,0,no,euthanized
1016,yes,adult,528461,38.1,66,12,cold,reduced,pale_cyanotic,less_3_sec,mild_pain,hypomotile,,slight,,3,decreased,distend_small,44,6,cloudy,3.6,yes,2205,0,0,yes,lived
1017,yes,adult,5290481,38,48,20,cool,reduced,pale_cyanotic,less_3_sec,mild_pain,hypomotile,moderate,,,7,absent,distend_small,48,8.8,serosanguious,4.4,yes,2209,0,0,yes,euthanized
1018,no,adult,529424,37.8,56,28,normal,normal,normal_pink,less_3_sec,alert,normal,,significant,,7,normal,,46,5.9,cloudy,7,no,0,0,0,yes,lived
1019,yes,adult,530242,37.5,44,36,warm,normal,normal_pink,less_3_sec,mild_pain,hypomotile,slight,significant,less_1_liter,7,normal,distend_small,38,6.6,cloudy,1.3,yes,2112,0,0,no,lived
1020,no,adult,528019,37.8,72,52,cool,reduced,pale_cyanotic,less_3_sec,,hypomotile,moderate,slight,more_1_liter,7,,distend_large,44,7,serosanguious,3.9,yes,2206,0,0,no,lived
1021,yes,adult,5287279,37.6,88,16,normal,normal,pale_pink,less_3_sec,mild_pain,absent,slight,slight,more_1_liter,6.5,absent,distend_small,48,8,cloudy,7,yes,7111,0,0,no,died
1022,yes,adult,530001,37.5,66,12,cool,normal,pale_pink,less_3_sec,mild_pain,hypomotile,moderate,slight,more_1_liter,6.6,absent,distend_large,38,6.7,clear,1,yes,3209,0,0,no,died
1023,no,adult,528641,36.1,108,30,cold,reduced,pale_cyanotic,more_3_sec,depressed,absent,slight,slight,more_1_liter,4.3,absent,distend_small,52,7,serosanguious,4.8,yes,2208,0,0,yes,died
1024,yes,adult,529518,39.5,76,24,cool,reduced,pale_pink,more_3_sec,extreme_pain,absent,severe,slight,less_1_liter,4.5,absent,distend_large,45,6.5,serosanguious,2.6,yes,1124,0,0,no,died
1025,yes,young,534519,37.2,96,24,cool,reduced,dark_cyanotic,more_3_sec,depressed,absent,,,more_1_liter,5.5,normal,,54,6.9,serosanguious,2.6,yes,3111,0,0,no,died
1026,yes,adult,528523,38.1,52,96,normal,reduced,bright_red,less_3_sec,severe_pain,hypomotile,,,less_1_liter,7,normal,,56,8,cloudy,6,yes,2112,0,0,yes,died
1027,yes,adult,5290481,38.6,108,32,cold,reduced,pale_cyanotic,more_3_sec,depressed,absent,slight,slight,more_1_liter,6.2,absent,distend_small,60,7,serosanguious,3.6,no,2205,0,0,yes,died
1028,yes,adult,534756,38.2,40,12,normal,normal,normal_pink,less_3_sec,mild_pain,normal,slight,slight,more_1_liter,1,decreased,distend_large,40,60,clear,2,yes,3111,0,0,yes,lived
1029,yes,young,529172,37.6,184,60,normal,reduced,bright_pink,less_3_sec,depressed,hypomotile,moderate,,less_1_liter,6.5,decreased,,74,6.8,cloudy,2.6,yes,8400,0,0,yes,died
1030,yes,adult,5305129,38.3,88,24,cool,reduced,pale_pink,less_3_sec,mild_pain,hypomotile,moderate,slight,,3,decreased,distend_large,30,6,clear,3.9,yes,3111,0,0,no,lived
1031,no,adult,530624,40,80,36,cool,normal,bright_red,more_3_sec,mild_pain,hypomotile,,slight,,7,normal,,44,7.5,serosanguious,4.5,yes,1400,0,0,yes,died
1032,no,adult,530233,38.5,78,28,cool,normal,bright_red,less_3_sec,depressed,normal,slight,slight,more_1_liter,5,increased,normal,55,5.9,cloudy,4.5,yes,2209,0,0,yes,euthanized
1033,yes,adult,528570,39.5,132,96,cool,reduced,dark_cyanotic,more_3_sec,depressed,absent,slight,slight,more_1_liter,6.5,absent,distend_small,67,4.5,serosanguious,3.6,yes,2124,0,0,yes,lived
1034,yes,adult,533887,37.8,48,12,normal,normal,normal_pink,less_3_sec,mild_pain,hypomotile,moderate,slight,less_1_liter,5,absent,distend_large,37,64,cloudy,5.3,yes,2112,0,0,yes,lived
1035,no,adult,528469,38.1,48,24,normal,normal,pale_cyanotic,less_3_sec,mild_pain,hypomotile,slight,slight,,7,decreased,firm,45,7.5,cloudy,2.6,no,2113,0,0,yes,lived
1036,no,adult,528214,37.8,48,28,cool,normal,normal_pink,less_3_sec,alert,hypermotile,,slight,more_1_liter,5.5,normal,firm,36,6.6,serosanguious,5.3,no,0,0,0,yes,lived
1037,no,adult,535246,38.1,80,52,cold,reduced,pale_pink,less_3_sec,mild_pain,hypomotile,moderate,significant,less_1_liter,2,decreased,distend_small,49,69,serosanguious,2,no,1111,0,0,yes,lived
1038,no,adult,529461,38.2,114,16,normal,reduced,normal_pink,more_3_sec,depressed,hypomotile,moderate,slight,,7,normal,distend_large,57,8.1,serosanguious,4.5,yes,31110,0,0,no,euthanized
1039,yes,adult,529172,38.1,112,36,cool,reduced,pale_pink,more_3_sec,depressed,absent,moderate,,less_1_liter,2,absent,distend_small,53,8.2,serosanguious,4.4,no,11300,0,0,yes,died
1040,yes,adult,5262541,37.9,42,12,normal,normal,normal_pink,less_3_sec,mild_pain,hypomotile,slight,slight,more_1_liter,1.5,absent,distend_small,37,7.6,cloudy,1,yes,2209,0,0,yes,lived
1041,yes,adult,5283431,38.3,60,16,cool,normal,normal_pink,less_3_sec,mild_pain,hypomotile,,slight,less_1_liter,3,normal,distend_small,30,6,cloudy,6,yes,31110,0,0,yes,lived
1042,yes,adult,535130,37.8,44,21,cool,normal,pale_pink,less_3_sec,depressed,absent,moderate,slight,less_1_liter,2,absent,distend_small,50,55,serosanguious,2,yes,2205,0,0,yes,lived
1043,no,adult,5279822,37.8,92,28,normal,reduced,pale_pink,less_3_sec,mild_pain,hypomotile,moderate,,more_1_liter,6,decreased,distend_small,64,9,cloudy,3.9,yes,2208,0,0,no,lived
1044,yes,adult,529340,37.9,60,30,normal,normal,normal_pink,less_3_sec,mild_pain,hypomotile,slight,,,4.5,decreased,,35,6.6,cloudy,1.5,yes,5206,0,0,yes,died
1045,yes,adult,530242,37.4,104,12,cold,reduced,dark_cyanotic,more_3_sec,depressed,absent,slight,,more_1_liter,4,absent,distend_small,75,8.8,serosanguious,4.3,yes,2207,0,0,yes,died
1046,no,adult,535176,37.2,60,90,normal,normal,bright_pink,less_3_sec,depressed,hypomotile,slight,,more_1_liter,5.5,absent,distend_small,41,89,clear,3.4,no,3111,0,0,yes,lived
1047,yes,adult,530670,37.6,68,28,normal,normal,pale_pink,less_3_sec,depressed,hypermotile,,slight,,7,normal,distend_large,47,8,cloudy,3.9,yes,3205,0,0,yes,lived
1048,no,adult,529663,38,42,12,normal,normal,normal_pink,less_3_sec,mild_pain,hypomotile,slight,slight,more_1_liter,5.5,normal,firm,37,7.2,cloudy,1.3,no,0,0,0,yes,lived
1049,yes,adult,534787,38,36,16,cool,normal,normal_pink,less_3_sec,severe_pain,normal,moderate,significant,more_1_liter,2,decreased,,37,75,cloudy,1,no,3111,0,0,no,euthanized
1050,yes,adult,528931,37.8,96,20,cool,reduced,pale_cyanotic,more_3_sec,mild_pain,absent,moderate,slight,more_1_liter,4,absent,distend_small,64,5.8,serosanguious,3.3,yes,2205,0,0,no,died
1051,yes,adult,534579,37.2,52,16,normal,,pale_pink,less_3_sec,,absent,moderate,,more_1_liter,2,,distend_small,42,71,clear,1,yes,2208,0,0,no,euthanized
1052,yes,adult,535176,37.7,88,16,cool,reduced,pale_cyanotic,more_3_sec,severe_pain,absent,moderate,slight,more_1_liter,2,absent,distend_small,45,68,serosanguious,2,no,2205,0,0,yes,euthanized
1053,yes,adult,534293,38.3,60,30,cool,reduced,pale_cyanotic,more_3_sec,extreme_pain,absent,moderate,,more_1_liter,2,absent,distend_small,50,75,serosanguious,2,yes,2208,0,0,no,euthanized
1054,yes,adult,534784,38.5,72,30,normal,reduced,normal_pink,less_3_sec,mild_pain,hypomotile,moderate,slight,more_1_liter,2,decreased,distend_small,44,74,clear,1,yes,2208,0,0,no,lived
1055,yes,adult,535292,38.5,84,30,warm,normal,bright_pink,less_3_sec,mild_pain,hypomotile,moderate,slight,less_1_liter,4.5,absent,distend_small,44,66,serosanguious,2.6,yes,2208,0,0,yes,lived
1056,yes,adult,528890,38.5,48,16,normal,normal,normal_pink,less_3_sec,mild_pain,hypomotile,slight,slight,less_1_liter,4.4,decreased,distend_small,48,6.6,clear,1.6,yes,3111,0,0,no,lived
1057,yes,adult,529461,40.3,114,36,cool,reduced,normal_pink,more_3_sec,depressed,hypomotile,moderate,slight,,7,,distend_large,57,4.5,serosanguious,4.5,yes,3205,0,0,yes,died
1058,no,adult,5287179,37.6,60,20,cool,reduced,bright_red,less_3_sec,depressed,absent,moderate,slight,more_1_liter,2,decreased,,73,11,cloudy,3.4,no,400,0,0,yes,died
1059,no,adult,529888,38.2,84,36,warm,reduced,pale_pink,less_3_sec,depressed,absent,,slight,more_1_liter,7,absent,distend_large,47,7.5,serosanguious,4.3,no,31110,0,0,no,died
1060,yes,adult,529796,39.3,129,8,cool,reduced,dark_cyanotic,less_3_sec,depressed,absent,moderate,slight,,7,,distend_small,57,8.5,serosanguious,4.5,yes,2124,0,0,yes,lived
1061,no,adult,530693,37,72,96,cool,reduced,bright_red,less_3_sec,severe_pain,hypomotile,severe,slight,more_1_liter,4,absent,distend_large,47,7.5,cloudy,4.9,yes,1400,0,0,yes,died
1062,yes,adult,529475,37.7,96,30,cool,reduced,pale_cyanotic,less_3_sec,extreme_pain,absent,severe,significant,,4,absent,distend_large,66,7.5,serosanguious,3.4,yes,4205,0,0,yes,died
1063,yes,adult,534145,38.2,120,48,cold,reduced,pale_pink,less_3_sec,,hypomotile,moderate,,,2,,distend_large,57,65,serosanguious,2,yes,3205,0,0,no,euthanized
1064,no,adult,528729,38.9,48,16,normal,normal,normal_pink,less_3_sec,alert,hypomotile,,,,7.5,decreased,other,49,7,clear,8,no,3111,0,0,yes,lived
1065,yes,adult,529399,39.4,114,36,cool,reduced,pale_cyanotic,more_3_sec,mild_pain,absent,moderate,slight,,7,absent,distend_small,57,8.1,serosanguious,2,yes,2208,0,0,no,lived
1066,yes,adult,528178,38,66,12,cool,normal,pale_pink,less_3_sec,mild_pain,hypomotile,slight,slight,,3,decreased,distend_small,31.5,6.2,cloudy,1.5,yes,2208,0,0,yes,lived
1067,yes,adult,534626,38.4,120,24,normal,normal,pale_pink,less_3_sec,mild_pain,hypomotile,slight,slight,,3,normal,distend_small,50,7,cloudy,2,yes,2209,0,0,yes,lived
1068,yes,adult,529172,37.8,84,20,cool,reduced,bright_red,more_3_sec,depressed,hypomotile,slight,slight,more_1_liter,5.3,normal,distend_small,73,10.2,cloudy,2.6,yes,2206,0,0,yes,euthanized
1069,no,adult,530251,38.1,104,35,cold,reduced,dark_cyanotic,less_3_sec,depressed,absent,slight,slight,more_1_liter,5,absent,distend_small,75,5.5,serosanguious,4.6,yes,3207,0,0,no,died
1070,no,adult,529340,38,48,20,normal,normal,normal_pink,less_3_sec,mild_pain,hypomotile,slight,slight,more_1_liter,5,decreased,firm,40,6.5,clear,1.5,no,9400,0,0,yes,lived
1071,no,adult,534115,38.6,40,16,normal,normal,pale_pink,less_3_sec,mild_pain,hypermotile,,slight,more_1_liter,2,increased,other,36,61,clear,2,no,0,0,0,yes,lived
1072,no,adult,529424,38.5,54,24,warm,normal,normal_pink,less_3_sec,alert,hypermotile,,slight,,7,decreased,other,49,7,clear,3.6,no,3111,0,0,yes,lived
1073,yes,adult,529172,38.7,108,42,cool,reduced,pale_cyanotic,more_3_sec,depressed,hypomotile,moderate,,,7,decreased,normal,45,7.2,cloudy,2.7,yes,31110,0,0,yes,lived
1074,no,adult,530670,36.6,96,28,cool,reduced,bright_red,more_3_sec,depressed,hypomotile,slight,,more_1_liter,5.5,absent,distend_small,33,6.6,serosanguious,6.6,yes,1400,0,0,yes,died
1075,no,adult,527829,38.3,52,18,cold,normal,bright_red,more_3_sec,depressed,absent,,slight,more_1_liter,5,normal,distend_large,48,7.2,cloudy,3.2,no,5111,0,0,yes,lived
1076,no,adult,528653,37.8,48,16,normal,normal,normal_pink,less_3_sec,alert,hypomotile,,slight,more_1_liter,5.5,,other,44,7.5,clear,1,no,3111,0,0,yes,lived
1077,no,adult,528812,38.5,40,9,warm,normal,normal_pink,less_3_sec,mild_pain,hypomotile,slight,slight,more_1_liter,7,normal,distend_large,48,7.6,clear,2.6,no,3111,0,0,yes,lived
1078,yes,adult,529272,38.9,60,30,cool,reduced,bright_red,less_3_sec,mild_pain,hypomotile,moderate,slight,more_1_liter,6.5,absent,distend_small,47,6.5,cloudy,2.7,yes,2300,0,0,no,euthanized
1079,yes,adult,530001,38.1,108,32,cold,reduced,pale_cyanotic,more_3_sec,depressed,absent,slight,slight,more_1_liter,7.5,absent,distend_small,75,8.3,clear,7,yes,2209,0,0,no,euthanized
1080,no,adult,528800,37.6,48,20,cool,,pale_cyanotic,less_3_sec,depressed,absent,slight,slight,,4.5,decreased,firm,45,7.5,cloudy,2.3,no,400,0,0,yes,lived
1081,yes,adult,528548,37.1,52,12,cool,reduced,pale_pink,less_3_sec,mild_pain,hypomotile,slight,slight,,3,decreased,distend_small,50,7,serosanguious,3.6,yes,2124,0,0,yes,lived
1082,yes,adult,529667,39.5,92,24,cool,reduced,pale_cyanotic,less_3_sec,depressed,absent,,,more_1_liter,2,increased,distend_large,67,7,clear,3.6,yes,7111,0,0,no,died
1083,yes,adult,528890,38.1,75,18,normal,normal,pale_pink,less_3_sec,mild_pain,absent,slight,slight,more_1_liter,7,absent,,52,6.8,serosanguious,4.3,yes,7209,0,0,no,died
1084,yes,adult,527463,38.5,129,14,cold,reduced,pale_pink,more_3_sec,depressed,absent,moderate,slight,more_1_liter,5,,distend_small,57,8.9,,6.6,yes,2208,0,0,no,lived
1085,yes,adult,534293,38.5,60,20,normal,normal,bright_pink,less_3_sec,mild_pain,hypomotile,moderate,slight,less_1_liter,2,absent,distend_large,50,81,cloudy,2,yes,3111,0,0,no,lived
1086,yes,adult,530381,38.5,86,24,cool,reduced,pale_cyanotic,less_3_sec,extreme_pain,absent,moderate,slight,,4.4,decreased,distend_large,45,7.5,cloudy,3.9,yes,3209,0,0,yes,died
1087,yes,adult,528548,37.8,96,30,cool,reduced,pale_pink,more_3_sec,severe_pain,hypomotile,moderate,slight,less_1_liter,4.5,absent,distend_large,45,7.5,clear,3.7,yes,4205,0,0,yes,died
1088,yes,adult,528570,38.1,66,12,cool,reduced,bright_red,less_3_sec,mild_pain,hypomotile,,slight,,3,increased,distend_large,44,6,cloudy,3.6,yes,3111,0,0,yes,died
1089,yes,adult,528183,38.3,45,12,cool,normal,pale_pink,less_3_sec,,hypermotile,,slight,more_1_liter,6.5,normal,distend_small,39,7,cloudy,1.5,yes,2112,0,0,no,lived
1090,yes,adult,530242,37.3,96,30,cool,reduced,pale_pink,less_3_sec,extreme_pain,absent,moderate,,more_1_liter,4,absent,distend_large,57,4.5,serosanguious,4.1,yes,2205,0,0,yes,died
1091,yes,adult,535292,38.5,129,30,cool,reduced,pale_pink,less_3_sec,depressed,absent,moderate,slight,,2,,,57,66,serosanguious,2,yes,2206,0,0,no,lived
1092,yes,adult,533968,37.8,60,16,cool,reduced,bright_red,more_3_sec,depressed,hypomotile,severe,,more_1_liter,2,absent,distend_large,52,75,serosanguious,2,yes,3205,0,0,no,euthanized
1093,no,adult,529183,37.5,40,16,normal,normal,normal_pink,less_3_sec,alert,normal,,,more_1_liter,5,normal,,40,7.5,cloudy,1.3,no,0,0,0,yes,lived
1094,yes,adult,528134,38.2,104,36,cold,reduced,pale_cyanotic,more_3_sec,extreme_pain,hypomotile,moderate,slight,more_1_liter,2,decreased,distend_large,37,6.5,serosanguious,2,yes,7400,0,0,yes,died
1095,yes,adult,5275212,38,96,28,cool,reduced,pale_cyanotic,less_3_sec,severe_pain,hypomotile,moderate,slight,less_1_liter,4.5,absent,distend_small,69,8.1,serosanguious,4.5,yes,2205,0,0,no,died
1096,no,adult,534293,38.5,68,20,cool,reduced,pale_pink,less_3_sec,depressed,hypomotile,,slight,more_1_liter,2,increased,,50,75,serosanguious,2,no,0,0,0,no,lived
1097,yes,adult,529888,37.5,60,24,cool,reduced,pale_cyanotic,more_3_sec,mild_pain,absent,moderate,slight,,3,absent,distend_small,57,8.1,serosanguious,4.5,yes,2208,0,0,yes,euthanized
1098,yes,adult,530001,38.6,60,30,cool,reduced,bright_red,more_3_sec,depressed,hypomotile,moderate,slight,,3,absent,distend_large,43,6,cloudy,3.6,yes,2209,0,0,yes,died
1099,yes,adult,534115,38.2,88,20,cool,reduced,pale_pink,less_3_sec,mild_pain,hypomotile,slight,slight,less_1_liter,1,absent,distend_small,34,68,clear,1,yes,2208,0,0,no,lived
1100,no,adult,529135,38.6,44,12,normal,normal,normal_pink,less_3_sec,mild_pain,hypomotile,,slight,,7,absent,distend_large,39,6.5,clear,5,no,5205,0,0,yes,lived
1101,no,adult,527365,38,44,24,normal,normal,normal_pink,less_3_sec,mild_pain,normal,slight,,less_1_liter,7,decreased,firm,41,6.1,clear,5.3,no,3111,0,0,no,lived
1102,yes,young,527524,38.3,80,30,cool,reduced,bright_pink,less_3_sec,depressed,hypomotile,moderate,slight,,7,normal,,37,6.5,serosanguious,3.6,yes,2208,0,0,no,died
1103,yes,adult,529373,38.3,48,28,,normal,normal_pink,less_3_sec,alert,hypomotile,moderate,,more_1_liter,5.3,absent,normal,39,6.6,cloudy,3.3,yes,4205,0,0,yes,lived
1104,yes,adult,530693,38.7,52,51,normal,normal,pale_pink,less_3_sec,mild_pain,hypomotile,moderate,slight,less_1_liter,2,absent,distend_small,33,7,,1,yes,2208,0,0,no,died
1105,yes,adult,5299603,39.3,60,20,cool,normal,normal_pink,less_3_sec,depressed,hypomotile,slight,slight,less_1_liter,3,normal,distend_small,30,6.5,clear,3,yes,31110,0,0,no,lived
1106,yes,adult,528151,39.5,84,36,,reduced,bright_pink,less_3_sec,depressed,hypomotile,moderate,slight,,5,absent,distend_small,37,6.5,serosanguious,6,yes,4124,0,0,yes,lived
1107,yes,adult,527544,37.6,114,48,cool,reduced,pale_pink,more_3_sec,depressed,absent,slight,slight,more_1_liter,5,normal,distend_small,57,8,clear,2,yes,2112,0,0,no,died
1108,yes,adult,527365,38,98,36,cool,reduced,pale_cyanotic,less_3_sec,mild_pain,hypomotile,moderate,significant,,4.4,absent,distend_small,69,7.8,serosanguious,4.4,yes,2209,0,0,yes,lived
1109,yes,adult,5275212,38.7,100,12,cool,reduced,pale_cyanotic,more_3_sec,severe_pain,hypomotile,moderate,significant,more_1_liter,2,absent,distend_small,52,72,serosanguious,3.3,yes,2205,0,0,no,euthanized
1110,yes,adult,530242,37.2,108,12,cool,reduced,pale_cyanotic,more_3_sec,depressed,absent,slight,slight,,6,absent,distend_small,52,8.6,serosanguious,7.4,yes,2207,0,0,no,euthanized
1111,no,adult,5290482,37.6,48,20,normal,normal,bright_red,more_3_sec,depressed,normal,,,more_1_liter,6.2,decreased,firm,48,8,,5.2,no,5206,0,0,yes,euthanized
1112,no,adult,529461,40.3,114,36,cool,reduced,normal_pink,more_3_sec,depressed,hypomotile,moderate,slight,,7,decreased,distend_large,57,8.1,serosanguious,4.5,yes,7400,0,0,yes,euthanized
1113,yes,adult,528904,38,110,28,cool,reduced,bright_red,more_3_sec,depressed,hypomotile,moderate,slight,more_1_liter,4.3,absent,distend_large,50,7.5,cloudy,1,yes,31110,0,0,yes,euthanized
1114,no,adult,527883,38.3,52,18,normal,normal,normal_pink,less_3_sec,mild_pain,hypomotile,,,more_1_liter,5,absent,distend_small,37,7.6,clear,5.3,yes,31110,0,0,yes,lived
1115,yes,adult,528548,37.9,68,20,normal,normal,bright_red,less_3_sec,mild_pain,hypomotile,,slight,,3,decreased,distend_large,44,6,cloudy,3.6,yes,2124,0,0,yes,lived
1116,no,adult,5291329,38.4,56,24,normal,normal,normal_pink,less_3_sec,mild_pain,hypomotile,slight,,more_1_liter,5.5,normal,firm,49,6.5,clear,5,no,0,0,0,yes,lived
1117,yes,adult,533736,38,120,80,cool,reduced,dark_cyanotic,more_3_sec,mild_pain,hypomotile,slight,slight,less_1_liter,2,absent,distend_small,68,80,serosanguious,2,no,2209,0,0,no,euthanized
1118,yes,adult,529663,38.4,86,24,cool,normal,pale_pink,less_3_sec,depressed,hypomotile,slight,slight,more_1_liter,5,absent,distend_small,47,6.3,serosanguious,3.6,yes,7111,0,0,no,died
1119,yes,adult,533928,39.7,100,24,cool,reduced,pale_cyanotic,less_3_sec,,absent,severe,,more_1_liter,2,,distend_large,52,75,cloudy,2,yes,2205,0,0,no,euthanized
1120,yes,adult,530366,37.2,36,32,cool,reduced,bright_red,less_3_sec,depressed,hypomotile,moderate,slight,less_1_liter,4,decreased,distend_large,50,5.9,cloudy,2.6,yes,2208,0,0,yes,died
1121,yes,adult,530693,38.2,84,36,cool,reduced,pale_cyanotic,less_3_sec,depressed,absent,moderate,slight,more_1_liter,5,absent,distend_small,57,7.5,serosanguious,2,yes,2205,0,0,no,died
1122,yes,adult,529663,39.1,88,50,normal,reduced,bright_red,more_3_sec,mild_pain,hypomotile,slight,,more_1_liter,5.4,absent,firm,51,8.4,cloudy,2.6,no,2208,0,0,yes,lived
1123,yes,adult,529840,38,164,36,cool,reduced,pale_cyanotic,less_3_sec,depressed,absent,moderate,,more_1_liter,5.5,absent,distend_small,64,8.6,clear,3.3,yes,4205,0,0,no,died
1124,yes,adult,5299603,38.3,60,16,cool,normal,normal_pink,less_3_sec,depressed,hypermotile,,,,3,normal,distend_small,30,6,clear,3,yes,31110,0,0,no,lived
1125,no,adult,534519,37.1,84,30,cool,reduced,pale_pink,3,mild_pain,absent,moderate,significant,less_1_liter,2,absent,distend_large,75,81,cloudy,1,yes,1400,0,0,no,euthanized
1126,yes,young,533886,38,104,70,cool,reduced,bright_red,more_3_sec,depressed,absent,moderate,,more_1_liter,2,absent,,47,54,serosanguious,2,yes,2205,0,0,no,lived
1127,yes,adult,529667,39.3,114,36,cool,reduced,pale_cyanotic,more_3_sec,depressed,hypomotile,slight,,,7,,distend_small,57,8.1,serosanguious,2,yes,2113,0,0,no,lived
1128,yes,adult,528469,39.2,100,50,cool,reduced,dark_cyanotic,more_3_sec,depressed,absent,slight,slight,,3,absent,distend_small,60,8.1,cloudy,3.6,yes,2208,0,0,yes,lived
1129,yes,adult,534293,38.2,130,16,cool,reduced,pale_pink,less_3_sec,depressed,absent,severe,,,2,,,66,82,cloudy,2,no,2209,0,0,no,euthanized
1130,yes,adult,529475,38.4,52,30,normal,normal,pale_pink,less_3_sec,alert,hypomotile,slight,,more_1_liter,4,,other,37,6.6,cloudy,5,yes,3111,0,0,yes,lived
1131,yes,adult,530242,38,108,12,cool,reduced,pale_cyanotic,more_3_sec,extreme_pain,absent,slight,slight,,4,decreased,distend_small,47,6.3,serosanguious,3.2,yes,2207,0,0,no,lived
1132,yes,adult,528183,38.1,52,68,normal,normal,bright_red,more_3_sec,depressed,hypomotile,slight,slight,more_1_liter,5.3,absent,distend_small,43,7.5,cloudy,1.6,yes,2112,0,0,yes,lived
1133,yes,adult,534073,37.8,52,48,normal,normal,bright_pink,less_3_sec,mild_pain,hypomotile,slight,slight,more_1_liter,7,normal,distend_small,48,53,serosanguious,2.6,yes,2205,0,0,no,lived
1134,yes,adult,5278331,36.7,84,30,cool,reduced,pale_cyanotic,more_3_sec,depressed,hypomotile,moderate,,more_1_liter,4.5,absent,distend_large,40,7.8,serosanguious,2.6,yes,3205,0,0,yes,died
1135,no,adult,528630,36.1,78,24,cool,reduced,pale_cyanotic,less_3_sec,extreme_pain,absent,moderate,,more_1_liter,6,absent,distend_small,49,8.1,serosanguious,4.1,yes,4205,0,0,yes,died
1136,no,adult,533692,37.8,88,28,cool,reduced,,less_3_sec,severe_pain,absent,,,more_1_liter,1,absent,,33,64,cloudy,2,yes,3205,0,0,no,euthanized
1137,yes,adult,529461,39.1,164,48,cool,reduced,dark_cyanotic,more_3_sec,extreme_pain,hypomotile,moderate,slight,less_1_liter,6.5,,distend_small,65,7.8,serosanguious,4.5,yes,2205,0,0,no,died
1138,yes,adult,534115,38.2,60,36,normal,reduced,pale_pink,less_3_sec,mild_pain,hypomotile,severe,,more_1_liter,2,absent,distend_large,42,72,cloudy,1,yes,2208,0,0,no,lived
1139,no,adult,535196,38.2,129,48,cool,reduced,pale_cyanotic,more_3_sec,depressed,absent,moderate,slight,more_1_liter,2,,distend_large,57,66,serosanguious,2,yes,3205,0,0,no,euthanized
1140,no,adult,528469,37.1,88,24,cold,reduced,pale_cyanotic,less_3_sec,extreme_pain,absent,moderate,slight,,4.4,absent,distend_large,60,7.5,serosanguious,2.6,yes,3205,0,0,yes,died
1141,yes,adult,5290409,39.1,84,36,,reduced,pale_pink,less_3_sec,mild_pain,hypomotile,moderate,slight,,7,absent,distend_small,40,7.5,serosanguious,5.3,yes,2208,0,0,yes,died
1142,yes,adult,534925,38.7,120,48,cool,reduced,bright_red,less_3_sec,,hypomotile,slight,,more_1_liter,2,,,56,64,,2,no,1400,0,0,no,euthanized
1143,yes,adult,529667,40.3,114,36,cool,normal,pale_pink,more_3_sec,depressed,hypomotile,slight,slight,less_1_liter,7,absent,distend_small,57,7.5,serosanguious,4.5,yes,2305,0,0,no,lived
1144,yes,adult,5282839,39.4,114,60,cool,reduced,bright_red,more_3_sec,depressed,absent,severe,,,7,normal,distend_small,57,8.6,cloudy,3.9,no,2208,0,0,yes,died
1145,yes,adult,530002,39,100,51,cold,reduced,dark_cyanotic,less_3_sec,depressed,absent,,,more_1_liter,2,absent,distend_small,59,8.2,cloudy,2.6,yes,2113,0,0,no,lived
1146,yes,adult,529461,38.1,108,36,normal,reduced,bright_pink,more_3_sec,depressed,hypomotile,moderate,slight,less_1_liter,7,absent,distend_large,51,11,serosanguious,4.5,yes,7111,0,0,yes,died
1147,yes,adult,529685,37.3,30,68,normal,normal,pale_pink,less_3_sec,mild_pain,absent,slight,slight,less_1_liter,6.5,,distend_small,36,5.9,serosanguious,4.1,yes,2208,0,0,yes,lived
1148,yes,adult,533836,38.5,88,48,cool,reduced,pale_cyanotic,more_3_sec,mild_pain,absent,moderate,slight,more_1_liter,2,absent,distend_small,42,67,cloudy,2.6,no,2205,0,0,yes,lived
1149,yes,adult,529386,37.9,80,16,normal,reduced,pale_cyanotic,less_3_sec,extreme_pain,hypomotile,moderate,slight,less_1_liter,2,absent,distend_small,55,50,serosanguious,2,yes,2205,0,0,yes,lived
1150,yes,adult,5291409,38.7,164,18,normal,normal,bright_pink,less_3_sec,depressed,hypomotile,moderate,,less_1_liter,4,normal,distend_large,49,8,cloudy,8,yes,9400,0,0,yes,lived
1151,no,adult,528019,37.9,48,16,normal,normal,normal_pink,less_3_sec,alert,normal,,slight,less_1_liter,4.3,normal,normal,36,6.5,cloudy,2.6,no,0,0,0,yes,lived
1152,yes,young,533885,38.1,48,14,cool,normal,normal_pink,less_3_sec,depressed,hypomotile,moderate,,more_1_liter,1,normal,,33,65,cloudy,2,yes,3111,0,0,yes,lived
1153,yes,adult,528570,38.1,72,60,cool,reduced,bright_red,less_3_sec,mild_pain,hypomotile,slight,slight,,3,decreased,distend_small,44,6,cloudy,3.4,yes,2209,0,0,yes,died
1154,yes,adult,529388,39.3,88,28,cool,reduced,pale_cyanotic,more_3_sec,depressed,absent,slight,slight,more_1_liter,4.5,decreased,normal,45,7.2,serosanguious,3.4,yes,2208,0,0,yes,died
1155,yes,young,529135,39.3,66,12,cool,normal,bright_pink,less_3_sec,severe_pain,normal,slight,slight,,3,increased,,58,7,clear,2.4,yes,7111,0,0,no,lived
1156,yes,adult,534556,37.1,84,40,cool,reduced,dark_cyanotic,less_3_sec,depressed,absent,,,less_1_liter,2,normal,distend_small,75,81,cloudy,2,yes,2208,0,0,no,euthanized
1157,yes,adult,530401,37.9,68,20,,normal,bright_pink,less_3_sec,depressed,absent,slight,,,5,normal,distend_large,45,4,serosanguious,2.8,yes,5400,0,0,yes,died
1158,no,adult,528996,38.6,54,12,normal,normal,normal_pink,less_3_sec,mild_pain,hypomotile,,,more_1_liter,5,normal,firm,49,8.1,clear,5,no,0,0,0,yes,lived
1159,yes,adult,527702,37.3,75,30,cold,reduced,pale_cyanotic,more_3_sec,severe_pain,absent,moderate,,more_1_liter,5,absent,distend_small,48,7.2,serosanguious,3.2,yes,2208,0,0,no,died
1160,no,adult,534478,38.1,52,16,normal,normal,pale_pink,less_3_sec,severe_pain,absent,,slight,more_1_liter,1,normal,distend_small,46,51,clear,1,yes,2209,0,0,no,euthanized
1161,yes,adult,528214,39.1,112,30,cool,reduced,pale_cyanotic,more_3_sec,severe_pain,absent,slight,slight,more_1_liter,4.5,absent,distend_small,57,7.5,serosanguious,4,yes,2206,0,0,no,died
1162,no,adult,528702,38.1,112,12,cool,reduced,bright_red,less_3_sec,severe_pain,hypomotile,moderate,slight,,4.5,absent,distend_small,54,7.6,cloudy,3.9,yes,2112,0,0,yes,died
1163,yes,adult,534857,38.2,52,32,cool,reduced,bright_red,less_3_sec,mild_pain,hypomotile,moderate,slight,more_1_liter,2,decreased,distend_small,50,75,serosanguious,2,yes,2209,0,0,no,lived
1164,yes,adult,5279822,36.1,100,30,cool,reduced,bright_pink,more_3_sec,depressed,hypomotile,moderate,significant,,4,absent,distend_large,45,9.1,serosanguious,4.9,yes,3205,0,0,yes,died
1165,yes,adult,533902,38,88,24,normal,normal,pale_pink,less_3_sec,mild_pain,hypomotile,moderate,slight,more_1_liter,5,absent,distend_small,46,75,clear,2,yes,31110,0,0,yes,euthanized
1166,yes,adult,529840,37.5,64,48,cool,reduced,dark_cyanotic,more_3_sec,extreme_pain,hypomotile,moderate,,less_1_liter,4,decreased,normal,44,4.6,serosanguious,7.4,yes,3025,0,0,yes,died
1167,yes,adult,535158,38,120,60,cold,reduced,bright_red,more_3_sec,depressed,absent,severe,,more_1_liter,2,,distend_small,68,75,cloudy,1,yes,2208,0,0,yes,euthanized
1168,yes,adult,526802,38.1,44,18,warm,normal,normal_pink,less_3_sec,alert,hypomotile,slight,slight,,3,absent,distend_large,39,7.5,cloudy,2.2,no,3111,0,0,yes,lived
1169,yes,adult,533692,37.6,88,20,cool,reduced,pale_pink,less_3_sec,mild_pain,hypomotile,moderate,slight,,1,absent,,33,66,cloudy,2,yes,2208,0,0,no,euthanized
1170,yes,adult,528743,38,66,24,cool,reduced,pale_cyanotic,less_3_sec,severe_pain,hypomotile,,,,4.5,absent,,44,6.4,serosanguious,2.6,yes,2205,0,0,yes,died
1171,yes,adult,528548,39.6,66,12,cool,reduced,bright_red,less_3_sec,mild_pain,hypermotile,,slight,,3,increased,distend_large,44,6,cloudy,3.6,yes,2124,0,0,yes,lived
1172,yes,adult,535043,38.5,100,51,cool,absent,bright_red,more_3_sec,depressed,absent,,slight,,2,,distend_small,66,13,serosanguious,2,yes,2208,0,0,no,lived
1173,yes,adult,534403,37.4,60,30,cool,reduced,pale_cyanotic,more_3_sec,severe_pain,absent,moderate,slight,more_1_liter,2,normal,distend_large,66,69,cloudy,1,yes,3111,0,0,no,lived
1174,yes,adult,528461,38,66,12,cool,reduced,pale_pink,less_3_sec,mild_pain,hypomotile,slight,slight,,3,decreased,distend_small,31.5,6,cloudy,1.6,yes,2205,0,0,yes,lived
1175,yes,adult,528743,37.1,75,36,,normal,dark_cyanotic,more_3_sec,severe_pain,absent,slight,slight,more_1_liter,5,absent,distend_small,48,7.4,serosanguious,3.2,yes,12208,0,0,yes,died
1176,yes,adult,528469,38,136,24,cool,reduced,pale_cyanotic,less_3_sec,severe_pain,absent,severe,slight,,3,absent,distend_small,43,7.5,cloudy,3.6,yes,2209,0,0,yes,died
1177,no,adult,5297379,37.7,60,20,normal,normal,bright_pink,less_3_sec,mild_pain,hypomotile,slight,,more_1_liter,7,decreased,distend_small,47,8.3,clear,3.4,no,2208,0,0,no,lived
1178,yes,adult,530612,36.5,100,24,cool,reduced,pale_pink,less_3_sec,mild_pain,hypomotile,moderate,significant,more_1_liter,2,absent,distend_small,52,6,serosanguious,3.4,yes,2208,0,0,yes,lived
1179,no,adult,529642,38.2,44,36,normal,normal,pale_pink,less_3_sec,alert,normal,,slight,less_1_liter,4.5,normal,,44,7,cloudy,4.1,no,0,0,0,yes,lived
1180,yes,adult,530478,37.3,88,24,cool,reduced,pale_cyanotic,more_3_sec,mild_pain,absent,moderate,slight,more_1_liter,5.3,absent,distend_small,45,8,serosanguious,4.1,yes,2209,0,0,yes,died
1181,yes,adult,534478,39.2,88,51,cool,reduced,pale_pink,less_3_sec,severe_pain,absent,slight,,less_1_liter,2,absent,distend_small,43,51,clear,2,no,2113,0,0,no,lived
1182,yes,adult,528890,38.2,80,44,cool,reduced,normal_pink,less_3_sec,depressed,hypomotile,moderate,slight,less_1_liter,7,decreased,normal,54,4.7,serosanguious,3.6,yes,7111,0,0,yes,died
1183,no,adult,530381,38,104,40,cool,reduced,bright_red,more_3_sec,severe_pain,absent,severe,significant,less_1_liter,3,,distend_large,73,10.2,clear,3.6,yes,41110,0,0,yes,euthanized
1184,yes,adult,534519,37.1,84,40,cool,normal,dark_cyanotic,less_3_sec,depressed,absent,severe,significant,less_1_liter,2,absent,distend_large,75,81,clear,2,no,1400,0,0,no,euthanized
1185,yes,adult,527524,36.8,108,24,cool,reduced,pale_cyanotic,less_3_sec,depressed,absent,slight,slight,more_1_liter,2,absent,distend_small,66,7.5,serosanguious,2.6,yes,2208,0,0,no,died
1186,yes,adult,530693,37.8,48,18,cool,normal,normal_pink,less_3_sec,depressed,hypomotile,,,less_1_liter,4.5,normal,normal,46,5.7,cloudy,10.1,no,31110,0,0,yes,euthanized
1187,yes,adult,528904,37.5,72,60,,normal,bright_red,less_3_sec,slight,hypomotile,,slight,less_1_liter,5,absent,distend_small,48,8,serosanguious,2.3,yes,2207,0,0,no,euthanized
1188,no,adult,528247,38.6,54,20,normal,normal,pale_pink,less_3_sec,alert,hypomotile,,slight,more_1_liter,5,,other,49,7,cloudy,5,no,3111,0,0,yes,lived
1189,no,adult,529160,37.5,44,20,normal,normal,normal_pink,less_3_sec,alert,hypomotile,,slight,more_1_liter,4,decreased,other,45,8.1,clear,5,no,3111,0,0,yes,lived
1190,no,adult,529461,38.6,54,36,cool,reduced,normal_pink,less_3_sec,depressed,hypomotile,moderate,slight,,7,normal,distend_large,57,8.2,serosanguious,7.4,no,7400,0,0,yes,euthanized
1191,yes,adult,534157,38.9,60,40,cool,normal,normal_pink,less_3_sec,depressed,hypomotile,moderate,slight,,2,decreased,distend_large,36,74,cloudy,2,yes,400,0,0,no,lived
1192,yes,adult,535292,38.3,48,12,normal,reduced,pale_pink,less_3_sec,mild_pain,hypomotile,moderate,slight,more_1_liter,2,absent,distend_small,41,66,,2,yes,2208,0,0,no,lived
1193,no,adult,529399,38.1,54,24,normal,,bright_red,more_3_sec,mild_pain,hypermotile,moderate,slight,more_1_liter,4,increased,other,36,5.7,clear,3.9,yes,3111,0,0,yes,lived
1194,yes,adult,5291329,38,80,44,normal,normal,normal_pink,less_3_sec,mild_pain,hypomotile,moderate,slight,less_1_liter,7,normal,normal,39,6.3,cloudy,4.1,yes,7111,0,0,yes,lived
1195,no,adult,527463,39.5,108,36,cool,reduced,pale_cyanotic,more_3_sec,depressed,absent,severe,,more_1_liter,5,absent,distend_large,53,8,serosanguious,3.9,yes,1124,0,0,yes,lived
1196,no,adult,529667,38.6,44,12,normal,normal,pale_pink,less_3_sec,mild_pain,absent,slight,slight,more_1_liter,5.5,decreased,distend_large,37,7.5,clear,2,no,3111,0,0,yes,lived
1197,no,adult,530526,37.9,80,36,cool,,bright_red,more_3_sec,mild_pain,hypomotile,moderate,slight,more_1_liter,2,absent,,72,7,serosanguious,3.9,no,2113,0,0,yes,euthanized
1198,yes,adult,530001,37.5,108,40,cool,reduced,bright_red,more_3_sec,depressed,absent,moderate,slight,less_1_liter,5.3,absent,distend_small,63,6.6,serosanguious,3.3,yes,2209,0,0,no,euthanized
1199,yes,adult,534491,37.9,86,40,cool,reduced,normal_pink,less_3_sec,mild_pain,hypomotile,moderate,,less_1_liter,3,decreased,distend_large,52,7.5,serosanguious,2,yes,4205,0,0,no,died
1200,yes,adult,528469,38.1,52,28,normal,normal,bright_red,less_3_sec,severe_pain,absent,,slight,more_1_liter,7,normal,distend_small,54,7.5,cloudy,2,yes,2112,0,0,no,died
1201,yes,adult,528151,39.7,129,48,cool,reduced,pale_cyanotic,less_3_sec,depressed,absent,moderate,slight,,4.5,absent,distend_large,48,7,serosanguious,6,yes,3205,0,0,yes,died
1202,no,adult,529461,40.3,114,36,cool,reduced,normal_pink,less_3_sec,mild_pain,hypomotile,moderate,slight,,7,normal,distend_large,57,7,serosanguious,4.5,yes,3205,0,0,yes,died
1203,yes,adult,534817,38.1,86,40,cool,reduced,normal_pink,less_3_sec,depressed,hypomotile,slight,slight,less_1_liter,2,absent,distend_small,46,81,serosanguious,2,yes,2205,0,0,no,euthanized
1204,yes,adult,530526,37.4,80,30,cool,reduced,pale_pink,less_3_sec,mild_pain,hypomotile,moderate,slight,less_1_liter,3,decreased,distend_large,43,3.9,serosanguious,3.9,yes,3113,0,0,yes,lived
1205,no,adult,529461,38.2,88,36,cool,normal,normal_pink,more_3_sec,depressed,hypomotile,moderate,slight,more_1_liter,7,absent,distend_large,57,8.1,clear,4.5,yes,3205,0,0,no,died
1206,yes,adult,533836,39.1,120,40,cold,reduced,bright_pink,less_3_sec,mild_pain,hypomotile,moderate,,,2,absent,,68,64,serosanguious,2,yes,2208,0,0,no,lived
1207,no,adult,529461,40.3,114,36,cool,reduced,normal_pink,more_3_sec,depressed,hypomotile,moderate,slight,,7,normal,distend_small,57,8.1,serosanguious,4.5,yes,2205,0,0,no,euthanized
1208,yes,adult,534787,38,36,16,cool,,pale_pink,less_3_sec,severe_pain,absent,slight,significant,more_1_liter,2,decreased,,52,75,clear,2,yes,3111,0,0,no,euthanized
1209,yes,young,529126,38.6,72,12,cool,normal,bright_pink,less_3_sec,alert,normal,slight,slight,more_1_liter,6.5,normal,,45,7.2,cloudy,2.8,yes,7111,0,0,yes,lived
1210,no,adult,528996,38.3,60,20,cool,reduced,pale_pink,less_3_sec,mild_pain,hypomotile,slight,slight,,7,decreased,distend_small,43,7.5,clear,5,no,0,0,0,yes,lived
1211,yes,adult,527883,37.8,108,24,cool,reduced,pale_pink,less_3_sec,depressed,absent,moderate,slight,more_1_liter,5.3,absent,distend_small,65,6.5,serosanguious,4.1,yes,6111,0,0,yes,died
1212,no,adult,529796,37.5,64,32,cool,reduced,normal_pink,less_3_sec,severe_pain,hypomotile,moderate,slight,more_1_liter,4,absent,normal,47,7.7,clear,3.3,yes,4205,0,0,yes,lived
1213,no,adult,530670,40.3,96,36,cool,reduced,normal_pink,less_3_sec,depressed,hypomotile,slight,,,7,absent,,70,7.5,serosanguious,4.5,yes,1400,0,0,yes,died
1214,yes,adult,527933,38.1,60,18,,,,,depressed,,,,more_1_liter,1,,,43,58,cloudy,1,yes,2209,0,0,yes,died
1215,yes,adult,5287179,38.2,52,24,cool,reduced,pale_pink,less_3_sec,severe_pain,hypomotile,moderate,,more_1_liter,7,absent,distend_small,54,4,cloudy,7.4,yes,2208,0,0,yes,died
1216,yes,adult,534293,38.5,132,48,cool,reduced,pale_cyanotic,more_3_sec,depressed,absent,severe,,,2,absent,,57,82,cloudy,2,no,1400,0,0,no,euthanized
1217,yes,adult,528742,38.5,66,20,cool,normal,dark_cyanotic,more_3_sec,extreme_pain,hypomotile,moderate,,more_1_liter,1.5,normal,normal,64,7.5,serosanguious,3.2,yes,2124,0,0,yes,died
1218,yes,adult,530242,38.2,86,20,cool,reduced,pale_cyanotic,less_3_sec,extreme_pain,absent,severe,slight,less_1_liter,4.5,absent,distend_small,45,6,cloudy,3.9,no,2209,0,0,yes,died
1219,yes,adult,5287179,37.8,48,9,normal,normal,normal_pink,less_3_sec,mild_pain,hypermotile,slight,slight,less_1_liter,4.5,absent,distend_small,37,6.5,cloudy,5.3,yes,3205,0,0,yes,lived
1220,yes,adult,535292,38,76,18,cool,reduced,pale_cyanotic,more_3_sec,extreme_pain,absent,severe,slight,,3,absent,distend_large,31,75,serosanguious,2,yes,3205,0,0,yes,died
1221,yes,adult,533942,38.3,112,16,cool,reduced,normal_pink,less_3_sec,depressed,absent,,,more_1_liter,2,decreased,,51,75,serosanguious,2,yes,6209,0,0,no,euthanized
1222,yes,adult,529172,38,84,20,cool,reduced,bright_red,more_3_sec,depressed,absent,moderate,slight,less_1_liter,2,decreased,distend_large,45,7.2,cloudy,4.3,yes,3205,0,0,no,lived
1223,yes,adult,529304,38,44,14,normal,normal,normal_pink,less_3_sec,mild_pain,hypomotile,moderate,slight,more_1_liter,7,decreased,,59,7.2,cloudy,2.1,yes,5400,0,0,no,died
1224,no,adult,527524,37.4,48,20,normal,normal,normal_pink,less_3_sec,mild_pain,hypomotile,slight,slight,more_1_liter,4.5,absent,distend_small,39,6.8,cloudy,3.6,yes,400,0,0,yes,lived
1225,yes,adult,530157,39.3,54,51,cool,normal,bright_red,less_3_sec,depressed,hypomotile,,slight,,4,decreased,distend_small,50,7.8,serosanguious,1,yes,31110,0,0,no,lived
1226,yes,young,530276,36.1,60,20,cool,reduced,normal_pink,less_3_sec,mild_pain,hypomotile,moderate,slight,less_1_liter,4,decreased,distend_small,47,7.6,cloudy,3,yes,2124,0,0,yes,lived
1227,yes,adult,534293,38.5,48,16,normal,normal,normal_pink,less_3_sec,alert,hypomotile,slight,slight,less_1_liter,1.5,decreased,firm,41,61,clear,1,no,0,0,0,no,lived
1228,yes,adult,534963,38.3,48,20,normal,normal,bright_pink,more_3_sec,depressed,absent,slight,,less_1_liter,2,decreased,distend_small,41,65,clear,2,yes,3111,0,0,no,lived
1229,yes,adult,535338,38,136,20,cool,reduced,bright_red,less_3_sec,depressed,hypomotile,moderate,slight,more_1_liter,5,decreased,distend_small,66,65,serosanguious,2,yes,2208,0,0,no,lived
1230,yes,adult,535246,38.5,129,48,cool,reduced,pale_pink,more_3_sec,depressed,absent,moderate,,more_1_liter,2,,distend_large,57,66,serosanguious,2,yes,2206,0,0,no,lived
1231,yes,adult,528570,37.5,60,50,cool,reduced,pale_cyanotic,less_3_sec,mild_pain,hypomotile,slight,slight,,3,decreased,distend_small,35,6.4,serosanguious,3.6,yes,2209,0,0,yes,died
1232,yes,young,529685,37.5,84,40,normal,reduced,normal_pink,less_3_sec,mild_pain,hypomotile,slight,slight,,3,increased,firm,40,5.9,cloudy,7,yes,400,0,0,yes,lived
1233,yes,adult,534784,38.1,70,16,normal,reduced,bright_red,less_3_sec,mild_pain,hypomotile,slight,,more_1_liter,2,absent,distend_small,58,74,cloudy,2,yes,2209,0,0,no,lived
1234,yes,adult,528548,38.1,54,36,normal,normal,pale_pink,less_3_sec,mild_pain,absent,,slight,,3,,distend_small,45,6,clear,3.6,yes,2124,0,0,yes,lived
